n_labels,angle_degrees,intercept_offset
4,-26.0,-0.96
4,-26.0,-0.94
4,-25.5,-0.98
4,-25.5,-0.96
4,-25.5,-0.94
4,-25.5,-0.92
4,-25.0,-0.98
4,-25.0,-0.96
4,-25.0,-0.94
4,-25.0,-0.92
4,-25.0,-0.9
4,-25.0,-0.88
4,-24.5,-0.98
4,-24.5,-0.96
4,-24.5,-0.94
4,-24.5,-0.92
4,-24.5,-0.9
4,-24.5,-0.88
4,-24.5,-0.86
4,-24.5,-0.84
4,-24.0,-1.0
4,-24.0,-0.98
4,-24.0,-0.96
4,-24.0,-0.94
4,-24.0,-0.92
4,-24.0,-0.9
4,-24.0,-0.88
4,-24.0,-0.86
4,-24.0,-0.84
4,-24.0,-0.8200000000000001
4,-23.5,-1.0
4,-23.5,-0.98
4,-23.5,-0.96
4,-23.5,-0.94
4,-23.5,-0.92
4,-23.5,-0.9
4,-23.5,-0.88
4,-23.5,-0.86
4,-23.5,-0.84
4,-23.5,-0.8200000000000001
4,-23.5,-0.8
4,-23.5,-0.78
4,-23.0,-1.0
4,-23.0,-0.98
4,-23.0,-0.96
4,-23.0,-0.94
4,-23.0,-0.92
4,-23.0,-0.9
4,-23.0,-0.88
4,-23.0,-0.86
4,-23.0,-0.84
4,-23.0,-0.8200000000000001
4,-23.0,-0.8
4,-23.0,-0.78
4,-23.0,-0.76
4,-22.5,-1.0
4,-22.5,-0.98
4,-22.5,-0.96
4,-22.5,-0.94
4,-22.5,-0.92
4,-22.5,-0.9
4,-22.5,-0.88
4,-22.5,-0.86
4,-22.5,-0.84
4,-22.5,-0.8200000000000001
4,-22.5,-0.8
4,-22.5,-0.78
4,-22.5,-0.76
4,-22.5,-0.74
4,-22.5,-0.72
4,-22.0,-1.0
4,-22.0,-0.98
4,-22.0,-0.96
4,-22.0,-0.94
4,-22.0,-0.92
4,-22.0,-0.9
4,-22.0,-0.88
4,-22.0,-0.86
4,-22.0,-0.84
4,-22.0,-0.8200000000000001
4,-22.0,-0.8
4,-22.0,-0.78
4,-22.0,-0.76
4,-22.0,-0.74
4,-22.0,-0.72
4,-22.0,-0.7
4,-21.5,-1.0
4,-21.5,-0.98
4,-21.5,-0.96
4,-21.5,-0.94
4,-21.5,-0.92
4,-21.5,-0.9
4,-21.5,-0.88
4,-21.5,-0.86
4,-21.5,-0.84
4,-21.5,-0.8200000000000001
4,-21.5,-0.8
4,-21.5,-0.78
4,-21.5,-0.76
4,-21.5,-0.74
4,-21.5,-0.72
4,-21.5,-0.7
4,-21.5,-0.6799999999999999
4,-21.5,-0.6599999999999999
4,-21.0,-1.0
4,-21.0,-0.98
4,-21.0,-0.96
4,-21.0,-0.94
4,-21.0,-0.92
4,-21.0,-0.9
4,-21.0,-0.88
4,-21.0,-0.86
4,-21.0,-0.84
4,-21.0,-0.8200000000000001
4,-21.0,-0.8
4,-21.0,-0.78
4,-21.0,-0.76
4,-21.0,-0.74
4,-21.0,-0.72
4,-21.0,-0.7
4,-21.0,-0.6799999999999999
4,-21.0,-0.6599999999999999
4,-21.0,-0.64
4,-20.5,-1.0
4,-20.5,-0.98
4,-20.5,-0.96
4,-20.5,-0.94
4,-20.5,-0.92
4,-20.5,-0.9
4,-20.5,-0.88
4,-20.5,-0.86
4,-20.5,-0.84
4,-20.5,-0.8200000000000001
4,-20.5,-0.8
4,-20.5,-0.78
4,-20.5,-0.76
4,-20.5,-0.74
4,-20.5,-0.72
4,-20.5,-0.7
4,-20.5,-0.6799999999999999
4,-20.5,-0.6599999999999999
4,-20.5,-0.64
4,-20.5,-0.62
4,-20.5,-0.6
4,-20.0,-1.0
4,-20.0,-0.98
4,-20.0,-0.96
4,-20.0,-0.94
4,-20.0,-0.92
4,-20.0,-0.9
4,-20.0,-0.88
4,-20.0,-0.86
4,-20.0,-0.84
4,-20.0,-0.8200000000000001
4,-20.0,-0.8
4,-20.0,-0.78
4,-20.0,-0.76
4,-20.0,-0.74
4,-20.0,-0.72
4,-20.0,-0.7
4,-20.0,-0.6799999999999999
4,-20.0,-0.6599999999999999
4,-20.0,-0.64
4,-20.0,-0.62
4,-20.0,-0.6
4,-20.0,-0.5800000000000001
4,-19.5,-1.0
4,-19.5,-0.98
4,-19.5,-0.96
4,-19.5,-0.94
4,-19.5,-0.92
4,-19.5,-0.9
4,-19.5,-0.88
4,-19.5,-0.86
4,-19.5,-0.84
4,-19.5,-0.8200000000000001
4,-19.5,-0.8
4,-19.5,-0.78
4,-19.5,-0.76
4,-19.5,-0.74
4,-19.5,-0.72
4,-19.5,-0.7
4,-19.5,-0.6799999999999999
4,-19.5,-0.6599999999999999
4,-19.5,-0.64
4,-19.5,-0.62
4,-19.5,-0.6
4,-19.5,-0.5800000000000001
4,-19.5,-0.56
4,-19.5,-0.54
4,-19.0,-1.0
4,-19.0,-0.98
4,-19.0,-0.96
4,-19.0,-0.94
4,-19.0,-0.92
4,-19.0,-0.9
4,-19.0,-0.88
4,-19.0,-0.86
4,-19.0,-0.84
4,-19.0,-0.8200000000000001
4,-19.0,-0.8
4,-19.0,-0.78
4,-19.0,-0.76
4,-19.0,-0.74
4,-19.0,-0.72
4,-19.0,-0.7
4,-19.0,-0.6799999999999999
4,-19.0,-0.6599999999999999
4,-19.0,-0.64
4,-19.0,-0.62
4,-19.0,-0.6
4,-19.0,-0.5800000000000001
4,-19.0,-0.56
4,-19.0,-0.54
4,-19.0,-0.52
4,-19.0,-0.5
4,-18.5,-1.0
4,-18.5,-0.98
4,-18.5,-0.96
4,-18.5,-0.94
4,-18.5,-0.92
4,-18.5,-0.9
4,-18.5,-0.88
4,-18.5,-0.86
4,-18.5,-0.84
4,-18.5,-0.8200000000000001
4,-18.5,-0.8
4,-18.5,-0.78
4,-18.5,-0.76
4,-18.5,-0.74
4,-18.5,-0.72
4,-18.5,-0.7
4,-18.5,-0.6799999999999999
4,-18.5,-0.6599999999999999
4,-18.5,-0.64
4,-18.5,-0.62
4,-18.5,-0.6
4,-18.5,-0.5800000000000001
4,-18.5,-0.56
4,-18.5,-0.54
4,-18.5,-0.52
4,-18.5,-0.5
4,-18.5,-0.48
4,-18.0,-1.0
4,-18.0,-0.98
4,-18.0,-0.96
4,-18.0,-0.94
4,-18.0,-0.92
4,-18.0,-0.9
4,-18.0,-0.88
4,-18.0,-0.86
4,-18.0,-0.84
4,-18.0,-0.8200000000000001
4,-18.0,-0.8
4,-18.0,-0.78
4,-18.0,-0.76
4,-18.0,-0.74
4,-18.0,-0.72
4,-18.0,-0.7
4,-18.0,-0.6799999999999999
4,-18.0,-0.6599999999999999
4,-18.0,-0.64
4,-18.0,-0.62
4,-18.0,-0.6
4,-18.0,-0.5800000000000001
4,-18.0,-0.56
4,-18.0,-0.54
4,-18.0,-0.52
4,-18.0,-0.5
4,-18.0,-0.48
4,-18.0,-0.45999999999999996
4,-18.0,-0.43999999999999995
4,-17.5,-1.0
4,-17.5,-0.98
4,-17.5,-0.96
4,-17.5,-0.94
4,-17.5,-0.92
4,-17.5,-0.9
4,-17.5,-0.88
4,-17.5,-0.86
4,-17.5,-0.84
4,-17.5,-0.8200000000000001
4,-17.5,-0.8
4,-17.5,-0.78
4,-17.5,-0.76
4,-17.5,-0.74
4,-17.5,-0.72
4,-17.5,-0.7
4,-17.5,-0.6799999999999999
4,-17.5,-0.6599999999999999
4,-17.5,-0.64
4,-17.5,-0.62
4,-17.5,-0.6
4,-17.5,-0.5800000000000001
4,-17.5,-0.56
4,-17.5,-0.54
4,-17.5,-0.52
4,-17.5,-0.5
4,-17.5,-0.48
4,-17.5,-0.45999999999999996
4,-17.5,-0.43999999999999995
4,-17.5,-0.42000000000000004
4,-17.0,-1.0
4,-17.0,-0.98
4,-17.0,-0.96
4,-17.0,-0.94
4,-17.0,-0.92
4,-17.0,-0.9
4,-17.0,-0.88
4,-17.0,-0.86
4,-17.0,-0.84
4,-17.0,-0.8200000000000001
4,-17.0,-0.8
4,-17.0,-0.78
4,-17.0,-0.76
4,-17.0,-0.74
4,-17.0,-0.72
4,-17.0,-0.7
4,-17.0,-0.6799999999999999
4,-17.0,-0.6599999999999999
4,-17.0,-0.64
4,-17.0,-0.62
4,-17.0,-0.6
4,-17.0,-0.5800000000000001
4,-17.0,-0.56
4,-17.0,-0.54
4,-17.0,-0.52
4,-17.0,-0.5
4,-17.0,-0.48
4,-17.0,-0.45999999999999996
4,-17.0,-0.43999999999999995
4,-17.0,-0.42000000000000004
4,-17.0,-0.4
4,-17.0,-0.38
4,-16.5,-1.0
4,-16.5,-0.98
4,-16.5,-0.96
4,-16.5,-0.94
4,-16.5,-0.92
4,-16.5,-0.9
4,-16.5,-0.88
4,-16.5,-0.86
4,-16.5,-0.84
4,-16.5,-0.8200000000000001
4,-16.5,-0.8
4,-16.5,-0.78
4,-16.5,-0.76
4,-16.5,-0.74
4,-16.5,-0.72
4,-16.5,-0.7
4,-16.5,-0.6799999999999999
4,-16.5,-0.6599999999999999
4,-16.5,-0.64
4,-16.5,-0.62
4,-16.5,-0.6
4,-16.5,-0.5800000000000001
4,-16.5,-0.56
4,-16.5,-0.54
4,-16.5,-0.52
4,-16.5,-0.5
4,-16.5,-0.48
4,-16.5,-0.45999999999999996
4,-16.5,-0.43999999999999995
4,-16.5,-0.42000000000000004
4,-16.5,-0.4
4,-16.5,-0.38
4,-16.5,-0.36
4,-16.0,-1.0
4,-16.0,-0.98
4,-16.0,-0.96
4,-16.0,-0.94
4,-16.0,-0.92
4,-16.0,-0.9
4,-16.0,-0.88
4,-16.0,-0.86
4,-16.0,-0.84
4,-16.0,-0.8200000000000001
4,-16.0,-0.8
4,-16.0,-0.78
4,-16.0,-0.76
4,-16.0,-0.74
4,-16.0,-0.72
4,-16.0,-0.7
4,-16.0,-0.6799999999999999
4,-16.0,-0.6599999999999999
4,-16.0,-0.64
4,-16.0,-0.62
4,-16.0,-0.6
4,-16.0,-0.5800000000000001
4,-16.0,-0.56
4,-16.0,-0.54
4,-16.0,-0.52
4,-16.0,-0.5
4,-16.0,-0.48
4,-16.0,-0.45999999999999996
4,-16.0,-0.43999999999999995
4,-16.0,-0.42000000000000004
4,-16.0,-0.4
4,-16.0,-0.38
4,-16.0,-0.36
4,-16.0,-0.33999999999999997
4,-16.0,-0.31999999999999995
4,-15.5,-1.0
4,-15.5,-0.98
4,-15.5,-0.96
4,-15.5,-0.94
4,-15.5,-0.92
4,-15.5,-0.9
4,-15.5,-0.88
4,-15.5,-0.86
4,-15.5,-0.84
4,-15.5,-0.8200000000000001
4,-15.5,-0.8
4,-15.5,-0.78
4,-15.5,-0.76
4,-15.5,-0.74
4,-15.5,-0.72
4,-15.5,-0.7
4,-15.5,-0.6799999999999999
4,-15.5,-0.6599999999999999
4,-15.5,-0.64
4,-15.5,-0.62
4,-15.5,-0.6
4,-15.5,-0.5800000000000001
4,-15.5,-0.56
4,-15.5,-0.54
4,-15.5,-0.52
4,-15.5,-0.5
4,-15.5,-0.48
4,-15.5,-0.45999999999999996
4,-15.5,-0.43999999999999995
4,-15.5,-0.42000000000000004
4,-15.5,-0.4
4,-15.5,-0.38
4,-15.5,-0.36
4,-15.5,-0.33999999999999997
4,-15.5,-0.31999999999999995
4,-15.5,-0.29999999999999993
4,-15.0,-1.0
4,-15.0,-0.98
4,-15.0,-0.96
4,-15.0,-0.94
4,-15.0,-0.92
4,-15.0,-0.9
4,-15.0,-0.88
4,-15.0,-0.86
4,-15.0,-0.84
4,-15.0,-0.8200000000000001
4,-15.0,-0.8
4,-15.0,-0.78
4,-15.0,-0.76
4,-15.0,-0.74
4,-15.0,-0.72
4,-15.0,-0.7
4,-15.0,-0.6799999999999999
4,-15.0,-0.6599999999999999
4,-15.0,-0.64
4,-15.0,-0.62
4,-15.0,-0.6
4,-15.0,-0.5800000000000001
4,-15.0,-0.56
4,-15.0,-0.54
4,-15.0,-0.52
4,-15.0,-0.5
4,-15.0,-0.48
4,-15.0,-0.45999999999999996
4,-15.0,-0.43999999999999995
4,-15.0,-0.42000000000000004
4,-15.0,-0.4
4,-15.0,-0.38
4,-15.0,-0.36
4,-15.0,-0.33999999999999997
4,-15.0,-0.31999999999999995
4,-15.0,-0.29999999999999993
4,-15.0,-0.28
4,-15.0,-0.26
4,-14.5,-1.0
4,-14.5,-0.98
4,-14.5,-0.96
4,-14.5,-0.94
4,-14.5,-0.92
4,-14.5,-0.9
4,-14.5,-0.88
4,-14.5,-0.86
4,-14.5,-0.84
4,-14.5,-0.8200000000000001
4,-14.5,-0.8
4,-14.5,-0.78
4,-14.5,-0.76
4,-14.5,-0.74
4,-14.5,-0.72
4,-14.5,-0.7
4,-14.5,-0.6799999999999999
4,-14.5,-0.6599999999999999
4,-14.5,-0.64
4,-14.5,-0.62
4,-14.5,-0.6
4,-14.5,-0.5800000000000001
4,-14.5,-0.56
4,-14.5,-0.54
4,-14.5,-0.52
4,-14.5,-0.5
4,-14.5,-0.48
4,-14.5,-0.45999999999999996
4,-14.5,-0.43999999999999995
4,-14.5,-0.42000000000000004
4,-14.5,-0.4
4,-14.5,-0.38
4,-14.5,-0.36
4,-14.5,-0.33999999999999997
4,-14.5,-0.31999999999999995
4,-14.5,-0.29999999999999993
4,-14.5,-0.28
4,-14.5,-0.26
4,-14.5,-0.24
4,-14.0,-1.0
4,-14.0,-0.98
4,-14.0,-0.96
4,-14.0,-0.94
4,-14.0,-0.92
4,-14.0,-0.9
4,-14.0,-0.88
4,-14.0,-0.86
4,-14.0,-0.84
4,-14.0,-0.8200000000000001
4,-14.0,-0.8
4,-14.0,-0.78
4,-14.0,-0.76
4,-14.0,-0.74
4,-14.0,-0.72
4,-14.0,-0.7
4,-14.0,-0.6799999999999999
4,-14.0,-0.6599999999999999
4,-14.0,-0.64
4,-14.0,-0.62
4,-14.0,-0.6
4,-14.0,-0.5800000000000001
4,-14.0,-0.56
4,-14.0,-0.54
4,-14.0,-0.52
4,-14.0,-0.5
4,-14.0,-0.48
4,-14.0,-0.45999999999999996
4,-14.0,-0.43999999999999995
4,-14.0,-0.42000000000000004
4,-14.0,-0.4
4,-14.0,-0.38
4,-14.0,-0.36
4,-14.0,-0.33999999999999997
4,-14.0,-0.31999999999999995
4,-14.0,-0.29999999999999993
4,-14.0,-0.28
4,-14.0,-0.26
4,-14.0,-0.24
4,-14.0,-0.21999999999999997
4,-14.0,-0.19999999999999996
4,-13.5,-1.0
4,-13.5,-0.98
4,-13.5,-0.96
4,-13.5,-0.94
4,-13.5,-0.92
4,-13.5,-0.9
4,-13.5,-0.88
4,-13.5,-0.86
4,-13.5,-0.84
4,-13.5,-0.8200000000000001
4,-13.5,-0.8
4,-13.5,-0.78
4,-13.5,-0.76
4,-13.5,-0.74
4,-13.5,-0.72
4,-13.5,-0.7
4,-13.5,-0.6799999999999999
4,-13.5,-0.6599999999999999
4,-13.5,-0.64
4,-13.5,-0.62
4,-13.5,-0.6
4,-13.5,-0.5800000000000001
4,-13.5,-0.56
4,-13.5,-0.54
4,-13.5,-0.52
4,-13.5,-0.5
4,-13.5,-0.48
4,-13.5,-0.45999999999999996
4,-13.5,-0.43999999999999995
4,-13.5,-0.42000000000000004
4,-13.5,-0.4
4,-13.5,-0.38
4,-13.5,-0.36
4,-13.5,-0.33999999999999997
4,-13.5,-0.31999999999999995
4,-13.5,-0.29999999999999993
4,-13.5,-0.28
4,-13.5,-0.26
4,-13.5,-0.24
4,-13.5,-0.21999999999999997
4,-13.5,-0.19999999999999996
4,-13.5,-0.17999999999999994
4,-13.0,-1.0
4,-13.0,-0.98
4,-13.0,-0.96
4,-13.0,-0.94
4,-13.0,-0.92
4,-13.0,-0.9
4,-13.0,-0.88
4,-13.0,-0.86
4,-13.0,-0.84
4,-13.0,-0.8200000000000001
4,-13.0,-0.8
4,-13.0,-0.78
4,-13.0,-0.76
4,-13.0,-0.74
4,-13.0,-0.72
4,-13.0,-0.7
4,-13.0,-0.6799999999999999
4,-13.0,-0.6599999999999999
4,-13.0,-0.64
4,-13.0,-0.62
4,-13.0,-0.6
4,-13.0,-0.5800000000000001
4,-13.0,-0.56
4,-13.0,-0.54
4,-13.0,-0.52
4,-13.0,-0.5
4,-13.0,-0.48
4,-13.0,-0.45999999999999996
4,-13.0,-0.43999999999999995
4,-13.0,-0.42000000000000004
4,-13.0,-0.4
4,-13.0,-0.38
4,-13.0,-0.36
4,-13.0,-0.33999999999999997
4,-13.0,-0.31999999999999995
4,-13.0,-0.29999999999999993
4,-13.0,-0.28
4,-13.0,-0.26
4,-13.0,-0.24
4,-13.0,-0.21999999999999997
4,-13.0,-0.19999999999999996
4,-13.0,-0.17999999999999994
4,-13.0,-0.16000000000000003
4,-12.5,-1.0
4,-12.5,-0.98
4,-12.5,-0.96
4,-12.5,-0.94
4,-12.5,-0.92
4,-12.5,-0.9
4,-12.5,-0.88
4,-12.5,-0.86
4,-12.5,-0.84
4,-12.5,-0.8200000000000001
4,-12.5,-0.8
4,-12.5,-0.78
4,-12.5,-0.76
4,-12.5,-0.74
4,-12.5,-0.72
4,-12.5,-0.7
4,-12.5,-0.6799999999999999
4,-12.5,-0.6599999999999999
4,-12.5,-0.64
4,-12.5,-0.62
4,-12.5,-0.6
4,-12.5,-0.5800000000000001
4,-12.5,-0.56
4,-12.5,-0.54
4,-12.5,-0.52
4,-12.5,-0.5
4,-12.5,-0.48
4,-12.5,-0.45999999999999996
4,-12.5,-0.43999999999999995
4,-12.5,-0.42000000000000004
4,-12.5,-0.4
4,-12.5,-0.38
4,-12.5,-0.36
4,-12.5,-0.33999999999999997
4,-12.5,-0.31999999999999995
4,-12.5,-0.29999999999999993
4,-12.5,-0.28
4,-12.5,-0.26
4,-12.5,-0.24
4,-12.5,-0.21999999999999997
4,-12.5,-0.19999999999999996
4,-12.5,-0.17999999999999994
4,-12.5,-0.16000000000000003
4,-12.5,-0.14
4,-12.5,-0.12
4,-12.0,-1.0
4,-12.0,-0.98
4,-12.0,-0.96
4,-12.0,-0.94
4,-12.0,-0.92
4,-12.0,-0.9
4,-12.0,-0.88
4,-12.0,-0.86
4,-12.0,-0.84
4,-12.0,-0.8200000000000001
4,-12.0,-0.8
4,-12.0,-0.78
4,-12.0,-0.76
4,-12.0,-0.74
4,-12.0,-0.72
4,-12.0,-0.7
4,-12.0,-0.6799999999999999
4,-12.0,-0.6599999999999999
4,-12.0,-0.64
4,-12.0,-0.62
4,-12.0,-0.6
4,-12.0,-0.5800000000000001
4,-12.0,-0.56
4,-12.0,-0.54
4,-12.0,-0.52
4,-12.0,-0.5
4,-12.0,-0.48
4,-12.0,-0.45999999999999996
4,-12.0,-0.43999999999999995
4,-12.0,-0.42000000000000004
4,-12.0,-0.4
4,-12.0,-0.38
4,-12.0,-0.36
4,-12.0,-0.33999999999999997
4,-12.0,-0.31999999999999995
4,-12.0,-0.29999999999999993
4,-12.0,-0.28
4,-12.0,-0.26
4,-12.0,-0.24
4,-12.0,-0.21999999999999997
4,-12.0,-0.19999999999999996
4,-12.0,-0.17999999999999994
4,-12.0,-0.16000000000000003
4,-12.0,-0.14
4,-12.0,-0.12
4,-12.0,-0.09999999999999998
4,-11.5,-1.0
4,-11.5,-0.98
4,-11.5,-0.96
4,-11.5,-0.94
4,-11.5,-0.92
4,-11.5,-0.9
4,-11.5,-0.88
4,-11.5,-0.86
4,-11.5,-0.84
4,-11.5,-0.8200000000000001
4,-11.5,-0.8
4,-11.5,-0.78
4,-11.5,-0.76
4,-11.5,-0.74
4,-11.5,-0.72
4,-11.5,-0.7
4,-11.5,-0.6799999999999999
4,-11.5,-0.6599999999999999
4,-11.5,-0.64
4,-11.5,-0.62
4,-11.5,-0.6
4,-11.5,-0.5800000000000001
4,-11.5,-0.56
4,-11.5,-0.54
4,-11.5,-0.52
4,-11.5,-0.5
4,-11.5,-0.48
4,-11.5,-0.45999999999999996
4,-11.5,-0.43999999999999995
4,-11.5,-0.42000000000000004
4,-11.5,-0.4
4,-11.5,-0.38
4,-11.5,-0.36
4,-11.5,-0.33999999999999997
4,-11.5,-0.31999999999999995
4,-11.5,-0.29999999999999993
4,-11.5,-0.28
4,-11.5,-0.26
4,-11.5,-0.24
4,-11.5,-0.21999999999999997
4,-11.5,-0.19999999999999996
4,-11.5,-0.17999999999999994
4,-11.5,-0.16000000000000003
4,-11.5,-0.14
4,-11.5,-0.12
4,-11.5,-0.09999999999999998
4,-11.5,-0.07999999999999996
4,-11.5,-0.05999999999999994
4,-11.0,-1.0
4,-11.0,-0.98
4,-11.0,-0.96
4,-11.0,-0.94
4,-11.0,-0.92
4,-11.0,-0.9
4,-11.0,-0.88
4,-11.0,-0.86
4,-11.0,-0.84
4,-11.0,-0.8200000000000001
4,-11.0,-0.8
4,-11.0,-0.78
4,-11.0,-0.76
4,-11.0,-0.74
4,-11.0,-0.72
4,-11.0,-0.7
4,-11.0,-0.6799999999999999
4,-11.0,-0.6599999999999999
4,-11.0,-0.64
4,-11.0,-0.62
4,-11.0,-0.6
4,-11.0,-0.5800000000000001
4,-11.0,-0.56
4,-11.0,-0.54
4,-11.0,-0.52
4,-11.0,-0.5
4,-11.0,-0.48
4,-11.0,-0.45999999999999996
4,-11.0,-0.43999999999999995
4,-11.0,-0.42000000000000004
4,-11.0,-0.4
4,-11.0,-0.38
4,-11.0,-0.36
4,-11.0,-0.33999999999999997
4,-11.0,-0.31999999999999995
4,-11.0,-0.29999999999999993
4,-11.0,-0.28
4,-11.0,-0.26
4,-11.0,-0.24
4,-11.0,-0.21999999999999997
4,-11.0,-0.19999999999999996
4,-11.0,-0.17999999999999994
4,-11.0,-0.16000000000000003
4,-11.0,-0.14
4,-11.0,-0.12
4,-11.0,-0.09999999999999998
4,-11.0,-0.07999999999999996
4,-11.0,-0.05999999999999994
4,-11.0,-0.040000000000000036
4,-10.5,-1.0
4,-10.5,-0.98
4,-10.5,-0.96
4,-10.5,-0.94
4,-10.5,-0.92
4,-10.5,-0.9
4,-10.5,-0.88
4,-10.5,-0.86
4,-10.5,-0.84
4,-10.5,-0.8200000000000001
4,-10.5,-0.8
4,-10.5,-0.78
4,-10.5,-0.76
4,-10.5,-0.74
4,-10.5,-0.72
4,-10.5,-0.7
4,-10.5,-0.6799999999999999
4,-10.5,-0.6599999999999999
4,-10.5,-0.64
4,-10.5,-0.62
4,-10.5,-0.6
4,-10.5,-0.5800000000000001
4,-10.5,-0.56
4,-10.5,-0.54
4,-10.5,-0.52
4,-10.5,-0.5
4,-10.5,-0.48
4,-10.5,-0.45999999999999996
4,-10.5,-0.43999999999999995
4,-10.5,-0.42000000000000004
4,-10.5,-0.4
4,-10.5,-0.38
4,-10.5,-0.36
4,-10.5,-0.33999999999999997
4,-10.5,-0.31999999999999995
4,-10.5,-0.29999999999999993
4,-10.5,-0.28
4,-10.5,-0.26
4,-10.5,-0.24
4,-10.5,-0.21999999999999997
4,-10.5,-0.19999999999999996
4,-10.5,-0.17999999999999994
4,-10.5,-0.16000000000000003
4,-10.5,-0.14
4,-10.5,-0.12
4,-10.5,-0.09999999999999998
4,-10.5,-0.07999999999999996
4,-10.5,-0.05999999999999994
4,-10.5,-0.040000000000000036
4,-10.5,-0.020000000000000018
4,-10.5,0.0
4,-10.0,-1.0
4,-10.0,-0.98
4,-10.0,-0.96
4,-10.0,-0.94
4,-10.0,-0.92
4,-10.0,-0.9
4,-10.0,-0.88
4,-10.0,-0.86
4,-10.0,-0.84
4,-10.0,-0.8200000000000001
4,-10.0,-0.8
4,-10.0,-0.78
4,-10.0,-0.76
4,-10.0,-0.74
4,-10.0,-0.72
4,-10.0,-0.7
4,-10.0,-0.6799999999999999
4,-10.0,-0.6599999999999999
4,-10.0,-0.64
4,-10.0,-0.62
4,-10.0,-0.6
4,-10.0,-0.5800000000000001
4,-10.0,-0.56
4,-10.0,-0.54
4,-10.0,-0.52
4,-10.0,-0.5
4,-10.0,-0.48
4,-10.0,-0.45999999999999996
4,-10.0,-0.43999999999999995
4,-10.0,-0.42000000000000004
4,-10.0,-0.4
4,-10.0,-0.38
4,-10.0,-0.36
4,-10.0,-0.33999999999999997
4,-10.0,-0.31999999999999995
4,-10.0,-0.29999999999999993
4,-10.0,-0.28
4,-10.0,-0.26
4,-10.0,-0.24
4,-10.0,-0.21999999999999997
4,-10.0,-0.19999999999999996
4,-10.0,-0.17999999999999994
4,-10.0,-0.16000000000000003
4,-10.0,-0.14
4,-10.0,-0.12
4,-10.0,-0.09999999999999998
4,-10.0,-0.07999999999999996
4,-10.0,-0.05999999999999994
4,-10.0,-0.040000000000000036
4,-10.0,-0.020000000000000018
4,-10.0,0.0
4,-10.0,0.020000000000000018
4,-9.5,-1.0
4,-9.5,-0.98
4,-9.5,-0.96
4,-9.5,-0.94
4,-9.5,-0.92
4,-9.5,-0.9
4,-9.5,-0.88
4,-9.5,-0.86
4,-9.5,-0.84
4,-9.5,-0.8200000000000001
4,-9.5,-0.8
4,-9.5,-0.78
4,-9.5,-0.76
4,-9.5,-0.74
4,-9.5,-0.72
4,-9.5,-0.7
4,-9.5,-0.6799999999999999
4,-9.5,-0.6599999999999999
4,-9.5,-0.64
4,-9.5,-0.62
4,-9.5,-0.6
4,-9.5,-0.5800000000000001
4,-9.5,-0.56
4,-9.5,-0.54
4,-9.5,-0.52
4,-9.5,-0.5
4,-9.5,-0.48
4,-9.5,-0.45999999999999996
4,-9.5,-0.43999999999999995
4,-9.5,-0.42000000000000004
4,-9.5,-0.4
4,-9.5,-0.38
4,-9.5,-0.36
4,-9.5,-0.33999999999999997
4,-9.5,-0.31999999999999995
4,-9.5,-0.29999999999999993
4,-9.5,-0.28
4,-9.5,-0.26
4,-9.5,-0.24
4,-9.5,-0.21999999999999997
4,-9.5,-0.19999999999999996
4,-9.5,-0.17999999999999994
4,-9.5,-0.16000000000000003
4,-9.5,-0.14
4,-9.5,-0.12
4,-9.5,-0.09999999999999998
4,-9.5,-0.07999999999999996
4,-9.5,-0.05999999999999994
4,-9.5,-0.040000000000000036
4,-9.5,-0.020000000000000018
4,-9.5,0.0
4,-9.5,0.020000000000000018
4,-9.5,0.040000000000000036
4,-9.5,0.06000000000000005
4,-9.0,-1.0
4,-9.0,-0.98
4,-9.0,-0.96
4,-9.0,-0.94
4,-9.0,-0.92
4,-9.0,-0.9
4,-9.0,-0.88
4,-9.0,-0.86
4,-9.0,-0.84
4,-9.0,-0.8200000000000001
4,-9.0,-0.8
4,-9.0,-0.78
4,-9.0,-0.76
4,-9.0,-0.74
4,-9.0,-0.72
4,-9.0,-0.7
4,-9.0,-0.6799999999999999
4,-9.0,-0.6599999999999999
4,-9.0,-0.64
4,-9.0,-0.62
4,-9.0,-0.6
4,-9.0,-0.5800000000000001
4,-9.0,-0.56
4,-9.0,-0.54
4,-9.0,-0.52
4,-9.0,-0.5
4,-9.0,-0.48
4,-9.0,-0.45999999999999996
4,-9.0,-0.43999999999999995
4,-9.0,-0.42000000000000004
4,-9.0,-0.4
4,-9.0,-0.38
4,-9.0,-0.36
4,-9.0,-0.33999999999999997
4,-9.0,-0.31999999999999995
4,-9.0,-0.29999999999999993
4,-9.0,-0.28
4,-9.0,-0.26
4,-9.0,-0.24
4,-9.0,-0.21999999999999997
4,-9.0,-0.19999999999999996
4,-9.0,-0.17999999999999994
4,-9.0,-0.16000000000000003
4,-9.0,-0.14
4,-9.0,-0.12
4,-9.0,-0.09999999999999998
4,-9.0,-0.07999999999999996
4,-9.0,-0.05999999999999994
4,-9.0,-0.040000000000000036
4,-9.0,-0.020000000000000018
4,-9.0,0.0
4,-9.0,0.020000000000000018
4,-9.0,0.040000000000000036
4,-9.0,0.06000000000000005
4,-9.0,0.08000000000000007
4,-8.5,-1.0
4,-8.5,-0.98
4,-8.5,-0.96
4,-8.5,-0.94
4,-8.5,-0.92
4,-8.5,-0.9
4,-8.5,-0.88
4,-8.5,-0.86
4,-8.5,-0.84
4,-8.5,-0.8200000000000001
4,-8.5,-0.8
4,-8.5,-0.78
4,-8.5,-0.76
4,-8.5,-0.74
4,-8.5,-0.72
4,-8.5,-0.7
4,-8.5,-0.6799999999999999
4,-8.5,-0.6599999999999999
4,-8.5,-0.64
4,-8.5,-0.62
4,-8.5,-0.6
4,-8.5,-0.5800000000000001
4,-8.5,-0.56
4,-8.5,-0.54
4,-8.5,-0.52
4,-8.5,-0.5
4,-8.5,-0.48
4,-8.5,-0.45999999999999996
4,-8.5,-0.43999999999999995
4,-8.5,-0.42000000000000004
4,-8.5,-0.4
4,-8.5,-0.38
4,-8.5,-0.36
4,-8.5,-0.33999999999999997
4,-8.5,-0.31999999999999995
4,-8.5,-0.29999999999999993
4,-8.5,-0.28
4,-8.5,-0.26
4,-8.5,-0.24
4,-8.5,-0.21999999999999997
4,-8.5,-0.19999999999999996
4,-8.5,-0.17999999999999994
4,-8.5,-0.16000000000000003
4,-8.5,-0.14
4,-8.5,-0.12
4,-8.5,-0.09999999999999998
4,-8.5,-0.07999999999999996
4,-8.5,-0.05999999999999994
4,-8.5,-0.040000000000000036
4,-8.5,-0.020000000000000018
4,-8.5,0.0
4,-8.5,0.020000000000000018
4,-8.5,0.040000000000000036
4,-8.5,0.06000000000000005
4,-8.5,0.08000000000000007
4,-8.5,0.10000000000000009
4,-8.5,0.1200000000000001
4,-8.0,-1.0
4,-8.0,-0.98
4,-8.0,-0.96
4,-8.0,-0.94
4,-8.0,-0.92
4,-8.0,-0.9
4,-8.0,-0.88
4,-8.0,-0.86
4,-8.0,-0.84
4,-8.0,-0.8200000000000001
4,-8.0,-0.8
4,-8.0,-0.78
4,-8.0,-0.76
4,-8.0,-0.74
4,-8.0,-0.72
4,-8.0,-0.7
4,-8.0,-0.6799999999999999
4,-8.0,-0.6599999999999999
4,-8.0,-0.64
4,-8.0,-0.62
4,-8.0,-0.6
4,-8.0,-0.5800000000000001
4,-8.0,-0.56
4,-8.0,-0.54
4,-8.0,-0.52
4,-8.0,-0.5
4,-8.0,-0.48
4,-8.0,-0.45999999999999996
4,-8.0,-0.43999999999999995
4,-8.0,-0.42000000000000004
4,-8.0,-0.4
4,-8.0,-0.38
4,-8.0,-0.36
4,-8.0,-0.33999999999999997
4,-8.0,-0.31999999999999995
4,-8.0,-0.29999999999999993
4,-8.0,-0.28
4,-8.0,-0.26
4,-8.0,-0.24
4,-8.0,-0.21999999999999997
4,-8.0,-0.19999999999999996
4,-8.0,-0.17999999999999994
4,-8.0,-0.16000000000000003
4,-8.0,-0.14
4,-8.0,-0.12
4,-8.0,-0.09999999999999998
4,-8.0,-0.07999999999999996
4,-8.0,-0.05999999999999994
4,-8.0,-0.040000000000000036
4,-8.0,-0.020000000000000018
4,-8.0,0.0
4,-8.0,0.020000000000000018
4,-8.0,0.040000000000000036
4,-8.0,0.06000000000000005
4,-8.0,0.08000000000000007
4,-8.0,0.10000000000000009
4,-8.0,0.1200000000000001
4,-8.0,0.14000000000000012
4,-7.5,-1.0
4,-7.5,-0.98
4,-7.5,-0.96
4,-7.5,-0.94
4,-7.5,-0.92
4,-7.5,-0.9
4,-7.5,-0.88
4,-7.5,-0.86
4,-7.5,-0.84
4,-7.5,-0.8200000000000001
4,-7.5,-0.8
4,-7.5,-0.78
4,-7.5,-0.76
4,-7.5,-0.74
4,-7.5,-0.72
4,-7.5,-0.7
4,-7.5,-0.6799999999999999
4,-7.5,-0.6599999999999999
4,-7.5,-0.64
4,-7.5,-0.62
4,-7.5,-0.6
4,-7.5,-0.5800000000000001
4,-7.5,-0.56
4,-7.5,-0.54
4,-7.5,-0.52
4,-7.5,-0.5
4,-7.5,-0.48
4,-7.5,-0.45999999999999996
4,-7.5,-0.43999999999999995
4,-7.5,-0.42000000000000004
4,-7.5,-0.4
4,-7.5,-0.38
4,-7.5,-0.36
4,-7.5,-0.33999999999999997
4,-7.5,-0.31999999999999995
4,-7.5,-0.29999999999999993
4,-7.5,-0.28
4,-7.5,-0.26
4,-7.5,-0.24
4,-7.5,-0.21999999999999997
4,-7.5,-0.19999999999999996
4,-7.5,-0.17999999999999994
4,-7.5,-0.16000000000000003
4,-7.5,-0.14
4,-7.5,-0.12
4,-7.5,-0.09999999999999998
4,-7.5,-0.07999999999999996
4,-7.5,-0.05999999999999994
4,-7.5,-0.040000000000000036
4,-7.5,-0.020000000000000018
4,-7.5,0.0
4,-7.5,0.020000000000000018
4,-7.5,0.040000000000000036
4,-7.5,0.06000000000000005
4,-7.5,0.08000000000000007
4,-7.5,0.10000000000000009
4,-7.5,0.1200000000000001
4,-7.5,0.14000000000000012
4,-7.5,0.15999999999999992
4,-7.0,-1.0
4,-7.0,-0.98
4,-7.0,-0.96
4,-7.0,-0.94
4,-7.0,-0.92
4,-7.0,-0.9
4,-7.0,-0.88
4,-7.0,-0.86
4,-7.0,-0.84
4,-7.0,-0.8200000000000001
4,-7.0,-0.8
4,-7.0,-0.78
4,-7.0,-0.76
4,-7.0,-0.74
4,-7.0,-0.72
4,-7.0,-0.7
4,-7.0,-0.6799999999999999
4,-7.0,-0.6599999999999999
4,-7.0,-0.64
4,-7.0,-0.62
4,-7.0,-0.6
4,-7.0,-0.5800000000000001
4,-7.0,-0.56
4,-7.0,-0.54
4,-7.0,-0.52
4,-7.0,-0.5
4,-7.0,-0.48
4,-7.0,-0.45999999999999996
4,-7.0,-0.43999999999999995
4,-7.0,-0.42000000000000004
4,-7.0,-0.4
4,-7.0,-0.38
4,-7.0,-0.36
4,-7.0,-0.33999999999999997
4,-7.0,-0.31999999999999995
4,-7.0,-0.29999999999999993
4,-7.0,-0.28
4,-7.0,-0.26
4,-7.0,-0.24
4,-7.0,-0.21999999999999997
4,-7.0,-0.19999999999999996
4,-7.0,-0.17999999999999994
4,-7.0,-0.16000000000000003
4,-7.0,-0.14
4,-7.0,-0.12
4,-7.0,-0.09999999999999998
4,-7.0,-0.07999999999999996
4,-7.0,-0.05999999999999994
4,-7.0,-0.040000000000000036
4,-7.0,-0.020000000000000018
4,-7.0,0.0
4,-7.0,0.020000000000000018
4,-7.0,0.040000000000000036
4,-7.0,0.06000000000000005
4,-7.0,0.08000000000000007
4,-7.0,0.10000000000000009
4,-7.0,0.1200000000000001
4,-7.0,0.14000000000000012
4,-7.0,0.15999999999999992
4,-7.0,0.17999999999999994
4,-7.0,0.19999999999999996
4,-6.5,-1.0
4,-6.5,-0.98
4,-6.5,-0.96
4,-6.5,-0.94
4,-6.5,-0.92
4,-6.5,-0.9
4,-6.5,-0.88
4,-6.5,-0.86
4,-6.5,-0.84
4,-6.5,-0.8200000000000001
4,-6.5,-0.8
4,-6.5,-0.78
4,-6.5,-0.76
4,-6.5,-0.74
4,-6.5,-0.72
4,-6.5,-0.7
4,-6.5,-0.6799999999999999
4,-6.5,-0.6599999999999999
4,-6.5,-0.64
4,-6.5,-0.62
4,-6.5,-0.6
4,-6.5,-0.5800000000000001
4,-6.5,-0.56
4,-6.5,-0.54
4,-6.5,-0.52
4,-6.5,-0.5
4,-6.5,-0.48
4,-6.5,-0.45999999999999996
4,-6.5,-0.43999999999999995
4,-6.5,-0.42000000000000004
4,-6.5,-0.4
4,-6.5,-0.38
4,-6.5,-0.36
4,-6.5,-0.33999999999999997
4,-6.5,-0.31999999999999995
4,-6.5,-0.29999999999999993
4,-6.5,-0.28
4,-6.5,-0.26
4,-6.5,-0.24
4,-6.5,-0.21999999999999997
4,-6.5,-0.19999999999999996
4,-6.5,-0.17999999999999994
4,-6.5,-0.16000000000000003
4,-6.5,-0.14
4,-6.5,-0.12
4,-6.5,-0.09999999999999998
4,-6.5,-0.07999999999999996
4,-6.5,-0.05999999999999994
4,-6.5,-0.040000000000000036
4,-6.5,-0.020000000000000018
4,-6.5,0.0
4,-6.5,0.020000000000000018
4,-6.5,0.040000000000000036
4,-6.5,0.06000000000000005
4,-6.5,0.08000000000000007
4,-6.5,0.10000000000000009
4,-6.5,0.1200000000000001
4,-6.5,0.14000000000000012
4,-6.5,0.15999999999999992
4,-6.5,0.17999999999999994
4,-6.5,0.19999999999999996
4,-6.5,0.21999999999999997
4,-6.0,-1.0
4,-6.0,-0.98
4,-6.0,-0.96
4,-6.0,-0.94
4,-6.0,-0.92
4,-6.0,-0.9
4,-6.0,-0.88
4,-6.0,-0.86
4,-6.0,-0.84
4,-6.0,-0.8200000000000001
4,-6.0,-0.8
4,-6.0,-0.78
4,-6.0,-0.76
4,-6.0,-0.74
4,-6.0,-0.72
4,-6.0,-0.7
4,-6.0,-0.6799999999999999
4,-6.0,-0.6599999999999999
4,-6.0,-0.64
4,-6.0,-0.62
4,-6.0,-0.6
4,-6.0,-0.5800000000000001
4,-6.0,-0.56
4,-6.0,-0.54
4,-6.0,-0.52
4,-6.0,-0.5
4,-6.0,-0.48
4,-6.0,-0.45999999999999996
4,-6.0,-0.43999999999999995
4,-6.0,-0.42000000000000004
4,-6.0,-0.4
4,-6.0,-0.38
4,-6.0,-0.36
4,-6.0,-0.33999999999999997
4,-6.0,-0.31999999999999995
4,-6.0,-0.29999999999999993
4,-6.0,-0.28
4,-6.0,-0.26
4,-6.0,-0.24
4,-6.0,-0.21999999999999997
4,-6.0,-0.19999999999999996
4,-6.0,-0.17999999999999994
4,-6.0,-0.16000000000000003
4,-6.0,-0.14
4,-6.0,-0.12
4,-6.0,-0.09999999999999998
4,-6.0,-0.07999999999999996
4,-6.0,-0.05999999999999994
4,-6.0,-0.040000000000000036
4,-6.0,-0.020000000000000018
4,-6.0,0.0
4,-6.0,0.020000000000000018
4,-6.0,0.040000000000000036
4,-6.0,0.06000000000000005
4,-6.0,0.08000000000000007
4,-6.0,0.10000000000000009
4,-6.0,0.1200000000000001
4,-6.0,0.14000000000000012
4,-6.0,0.15999999999999992
4,-6.0,0.17999999999999994
4,-6.0,0.19999999999999996
4,-6.0,0.21999999999999997
4,-6.0,0.24
4,-6.0,0.26
4,-5.5,-1.0
4,-5.5,-0.98
4,-5.5,-0.96
4,-5.5,-0.94
4,-5.5,-0.92
4,-5.5,-0.9
4,-5.5,-0.88
4,-5.5,-0.86
4,-5.5,-0.84
4,-5.5,-0.8200000000000001
4,-5.5,-0.8
4,-5.5,-0.78
4,-5.5,-0.76
4,-5.5,-0.74
4,-5.5,-0.72
4,-5.5,-0.7
4,-5.5,-0.6799999999999999
4,-5.5,-0.6599999999999999
4,-5.5,-0.64
4,-5.5,-0.62
4,-5.5,-0.6
4,-5.5,-0.5800000000000001
4,-5.5,-0.56
4,-5.5,-0.54
4,-5.5,-0.52
4,-5.5,-0.5
4,-5.5,-0.48
4,-5.5,-0.45999999999999996
4,-5.5,-0.43999999999999995
4,-5.5,-0.42000000000000004
4,-5.5,-0.4
4,-5.5,-0.38
4,-5.5,-0.36
4,-5.5,-0.33999999999999997
4,-5.5,-0.31999999999999995
4,-5.5,-0.29999999999999993
4,-5.5,-0.28
4,-5.5,-0.26
4,-5.5,-0.24
4,-5.5,-0.21999999999999997
4,-5.5,-0.19999999999999996
4,-5.5,-0.17999999999999994
4,-5.5,-0.16000000000000003
4,-5.5,-0.14
4,-5.5,-0.12
4,-5.5,-0.09999999999999998
4,-5.5,-0.07999999999999996
4,-5.5,-0.05999999999999994
4,-5.5,-0.040000000000000036
4,-5.5,-0.020000000000000018
4,-5.5,0.0
4,-5.5,0.020000000000000018
4,-5.5,0.040000000000000036
4,-5.5,0.06000000000000005
4,-5.5,0.08000000000000007
4,-5.5,0.10000000000000009
4,-5.5,0.1200000000000001
4,-5.5,0.14000000000000012
4,-5.5,0.15999999999999992
4,-5.5,0.17999999999999994
4,-5.5,0.19999999999999996
4,-5.5,0.21999999999999997
4,-5.5,0.24
4,-5.5,0.26
4,-5.5,0.28
4,-5.0,-1.0
4,-5.0,-0.98
4,-5.0,-0.96
4,-5.0,-0.94
4,-5.0,-0.92
4,-5.0,-0.9
4,-5.0,-0.88
4,-5.0,-0.86
4,-5.0,-0.84
4,-5.0,-0.8200000000000001
4,-5.0,-0.8
4,-5.0,-0.78
4,-5.0,-0.76
4,-5.0,-0.74
4,-5.0,-0.72
4,-5.0,-0.7
4,-5.0,-0.6799999999999999
4,-5.0,-0.6599999999999999
4,-5.0,-0.64
4,-5.0,-0.62
4,-5.0,-0.6
4,-5.0,-0.5800000000000001
4,-5.0,-0.56
4,-5.0,-0.54
4,-5.0,-0.52
4,-5.0,-0.5
4,-5.0,-0.48
4,-5.0,-0.45999999999999996
4,-5.0,-0.43999999999999995
4,-5.0,-0.42000000000000004
4,-5.0,-0.4
4,-5.0,-0.38
4,-5.0,-0.36
4,-5.0,-0.33999999999999997
4,-5.0,-0.31999999999999995
4,-5.0,-0.29999999999999993
4,-5.0,-0.28
4,-5.0,-0.26
4,-5.0,-0.24
4,-5.0,-0.21999999999999997
4,-5.0,-0.19999999999999996
4,-5.0,-0.17999999999999994
4,-5.0,-0.16000000000000003
4,-5.0,-0.14
4,-5.0,-0.12
4,-5.0,-0.09999999999999998
4,-5.0,-0.07999999999999996
4,-5.0,-0.05999999999999994
4,-5.0,-0.040000000000000036
4,-5.0,-0.020000000000000018
4,-5.0,0.0
4,-5.0,0.020000000000000018
4,-5.0,0.040000000000000036
4,-5.0,0.06000000000000005
4,-5.0,0.08000000000000007
4,-5.0,0.10000000000000009
4,-5.0,0.1200000000000001
4,-5.0,0.14000000000000012
4,-5.0,0.15999999999999992
4,-5.0,0.17999999999999994
4,-5.0,0.19999999999999996
4,-5.0,0.21999999999999997
4,-5.0,0.24
4,-5.0,0.26
4,-5.0,0.28
4,-5.0,0.30000000000000004
4,-4.5,-1.0
4,-4.5,-0.98
4,-4.5,-0.96
4,-4.5,-0.94
4,-4.5,-0.92
4,-4.5,-0.9
4,-4.5,-0.88
4,-4.5,-0.86
4,-4.5,-0.84
4,-4.5,-0.8200000000000001
4,-4.5,-0.8
4,-4.5,-0.78
4,-4.5,-0.76
4,-4.5,-0.74
4,-4.5,-0.72
4,-4.5,-0.7
4,-4.5,-0.6799999999999999
4,-4.5,-0.6599999999999999
4,-4.5,-0.64
4,-4.5,-0.62
4,-4.5,-0.6
4,-4.5,-0.5800000000000001
4,-4.5,-0.56
4,-4.5,-0.54
4,-4.5,-0.52
4,-4.5,-0.5
4,-4.5,-0.48
4,-4.5,-0.45999999999999996
4,-4.5,-0.43999999999999995
4,-4.5,-0.42000000000000004
4,-4.5,-0.4
4,-4.5,-0.38
4,-4.5,-0.36
4,-4.5,-0.33999999999999997
4,-4.5,-0.31999999999999995
4,-4.5,-0.29999999999999993
4,-4.5,-0.28
4,-4.5,-0.26
4,-4.5,-0.24
4,-4.5,-0.21999999999999997
4,-4.5,-0.19999999999999996
4,-4.5,-0.17999999999999994
4,-4.5,-0.16000000000000003
4,-4.5,-0.14
4,-4.5,-0.12
4,-4.5,-0.09999999999999998
4,-4.5,-0.07999999999999996
4,-4.5,-0.05999999999999994
4,-4.5,-0.040000000000000036
4,-4.5,-0.020000000000000018
4,-4.5,0.0
4,-4.5,0.020000000000000018
4,-4.5,0.040000000000000036
4,-4.5,0.06000000000000005
4,-4.5,0.08000000000000007
4,-4.5,0.10000000000000009
4,-4.5,0.1200000000000001
4,-4.5,0.14000000000000012
4,-4.5,0.15999999999999992
4,-4.5,0.17999999999999994
4,-4.5,0.19999999999999996
4,-4.5,0.21999999999999997
4,-4.5,0.24
4,-4.5,0.26
4,-4.5,0.28
4,-4.5,0.30000000000000004
4,-4.5,0.32000000000000006
4,-4.5,0.3400000000000001
4,-4.0,-1.0
4,-4.0,-0.98
4,-4.0,-0.96
4,-4.0,-0.94
4,-4.0,-0.92
4,-4.0,-0.9
4,-4.0,-0.88
4,-4.0,-0.86
4,-4.0,-0.84
4,-4.0,-0.8200000000000001
4,-4.0,-0.8
4,-4.0,-0.78
4,-4.0,-0.76
4,-4.0,-0.74
4,-4.0,-0.72
4,-4.0,-0.7
4,-4.0,-0.6799999999999999
4,-4.0,-0.6599999999999999
4,-4.0,-0.64
4,-4.0,-0.62
4,-4.0,-0.6
4,-4.0,-0.5800000000000001
4,-4.0,-0.56
4,-4.0,-0.54
4,-4.0,-0.52
4,-4.0,-0.5
4,-4.0,-0.48
4,-4.0,-0.45999999999999996
4,-4.0,-0.43999999999999995
4,-4.0,-0.42000000000000004
4,-4.0,-0.4
4,-4.0,-0.38
4,-4.0,-0.36
4,-4.0,-0.33999999999999997
4,-4.0,-0.31999999999999995
4,-4.0,-0.29999999999999993
4,-4.0,-0.28
4,-4.0,-0.26
4,-4.0,-0.24
4,-4.0,-0.21999999999999997
4,-4.0,-0.19999999999999996
4,-4.0,-0.17999999999999994
4,-4.0,-0.16000000000000003
4,-4.0,-0.14
4,-4.0,-0.12
4,-4.0,-0.09999999999999998
4,-4.0,-0.07999999999999996
4,-4.0,-0.05999999999999994
4,-4.0,-0.040000000000000036
4,-4.0,-0.020000000000000018
4,-4.0,0.0
4,-4.0,0.020000000000000018
4,-4.0,0.040000000000000036
4,-4.0,0.06000000000000005
4,-4.0,0.08000000000000007
4,-4.0,0.10000000000000009
4,-4.0,0.1200000000000001
4,-4.0,0.14000000000000012
4,-4.0,0.15999999999999992
4,-4.0,0.17999999999999994
4,-4.0,0.19999999999999996
4,-4.0,0.21999999999999997
4,-4.0,0.24
4,-4.0,0.26
4,-4.0,0.28
4,-4.0,0.30000000000000004
4,-4.0,0.32000000000000006
4,-4.0,0.3400000000000001
4,-4.0,0.3600000000000001
4,-3.5,-1.0
4,-3.5,-0.98
4,-3.5,-0.96
4,-3.5,-0.94
4,-3.5,-0.92
4,-3.5,-0.9
4,-3.5,-0.88
4,-3.5,-0.86
4,-3.5,-0.84
4,-3.5,-0.8200000000000001
4,-3.5,-0.8
4,-3.5,-0.78
4,-3.5,-0.76
4,-3.5,-0.74
4,-3.5,-0.72
4,-3.5,-0.7
4,-3.5,-0.6799999999999999
4,-3.5,-0.6599999999999999
4,-3.5,-0.64
4,-3.5,-0.62
4,-3.5,-0.6
4,-3.5,-0.5800000000000001
4,-3.5,-0.56
4,-3.5,-0.54
4,-3.5,-0.52
4,-3.5,-0.5
4,-3.5,-0.48
4,-3.5,-0.45999999999999996
4,-3.5,-0.43999999999999995
4,-3.5,-0.42000000000000004
4,-3.5,-0.4
4,-3.5,-0.38
4,-3.5,-0.36
4,-3.5,-0.33999999999999997
4,-3.5,-0.31999999999999995
4,-3.5,-0.29999999999999993
4,-3.5,-0.28
4,-3.5,-0.26
4,-3.5,-0.24
4,-3.5,-0.21999999999999997
4,-3.5,-0.19999999999999996
4,-3.5,-0.17999999999999994
4,-3.5,-0.16000000000000003
4,-3.5,-0.14
4,-3.5,-0.12
4,-3.5,-0.09999999999999998
4,-3.5,-0.07999999999999996
4,-3.5,-0.05999999999999994
4,-3.5,-0.040000000000000036
4,-3.5,-0.020000000000000018
4,-3.5,0.0
4,-3.5,0.020000000000000018
4,-3.5,0.040000000000000036
4,-3.5,0.06000000000000005
4,-3.5,0.08000000000000007
4,-3.5,0.10000000000000009
4,-3.5,0.1200000000000001
4,-3.5,0.14000000000000012
4,-3.5,0.15999999999999992
4,-3.5,0.17999999999999994
4,-3.5,0.19999999999999996
4,-3.5,0.21999999999999997
4,-3.5,0.24
4,-3.5,0.26
4,-3.5,0.28
4,-3.5,0.30000000000000004
4,-3.5,0.32000000000000006
4,-3.5,0.3400000000000001
4,-3.5,0.3600000000000001
4,-3.5,0.3800000000000001
4,-3.0,-1.0
4,-3.0,-0.98
4,-3.0,-0.96
4,-3.0,-0.94
4,-3.0,-0.92
4,-3.0,-0.9
4,-3.0,-0.88
4,-3.0,-0.86
4,-3.0,-0.84
4,-3.0,-0.8200000000000001
4,-3.0,-0.8
4,-3.0,-0.78
4,-3.0,-0.76
4,-3.0,-0.74
4,-3.0,-0.72
4,-3.0,-0.7
4,-3.0,-0.6799999999999999
4,-3.0,-0.6599999999999999
4,-3.0,-0.64
4,-3.0,-0.62
4,-3.0,-0.6
4,-3.0,-0.5800000000000001
4,-3.0,-0.56
4,-3.0,-0.54
4,-3.0,-0.52
4,-3.0,-0.5
4,-3.0,-0.48
4,-3.0,-0.45999999999999996
4,-3.0,-0.43999999999999995
4,-3.0,-0.42000000000000004
4,-3.0,-0.4
4,-3.0,-0.38
4,-3.0,-0.36
4,-3.0,-0.33999999999999997
4,-3.0,-0.31999999999999995
4,-3.0,-0.29999999999999993
4,-3.0,-0.28
4,-3.0,-0.26
4,-3.0,-0.24
4,-3.0,-0.21999999999999997
4,-3.0,-0.19999999999999996
4,-3.0,-0.17999999999999994
4,-3.0,-0.16000000000000003
4,-3.0,-0.14
4,-3.0,-0.12
4,-3.0,-0.09999999999999998
4,-3.0,-0.07999999999999996
4,-3.0,-0.05999999999999994
4,-3.0,-0.040000000000000036
4,-3.0,-0.020000000000000018
4,-3.0,0.0
4,-3.0,0.020000000000000018
4,-3.0,0.040000000000000036
4,-3.0,0.06000000000000005
4,-3.0,0.08000000000000007
4,-3.0,0.10000000000000009
4,-3.0,0.1200000000000001
4,-3.0,0.14000000000000012
4,-3.0,0.15999999999999992
4,-3.0,0.17999999999999994
4,-3.0,0.19999999999999996
4,-3.0,0.21999999999999997
4,-3.0,0.24
4,-3.0,0.26
4,-3.0,0.28
4,-3.0,0.30000000000000004
4,-3.0,0.32000000000000006
4,-3.0,0.3400000000000001
4,-3.0,0.3600000000000001
4,-3.0,0.3800000000000001
4,-3.0,0.40000000000000013
4,-3.0,0.41999999999999993
4,-2.5,-1.0
4,-2.5,-0.98
4,-2.5,-0.96
4,-2.5,-0.94
4,-2.5,-0.92
4,-2.5,-0.9
4,-2.5,-0.88
4,-2.5,-0.86
4,-2.5,-0.84
4,-2.5,-0.8200000000000001
4,-2.5,-0.8
4,-2.5,-0.78
4,-2.5,-0.76
4,-2.5,-0.74
4,-2.5,-0.72
4,-2.5,-0.7
4,-2.5,-0.6799999999999999
4,-2.5,-0.6599999999999999
4,-2.5,-0.64
4,-2.5,-0.62
4,-2.5,-0.6
4,-2.5,-0.5800000000000001
4,-2.5,-0.56
4,-2.5,-0.54
4,-2.5,-0.52
4,-2.5,-0.5
4,-2.5,-0.48
4,-2.5,-0.45999999999999996
4,-2.5,-0.43999999999999995
4,-2.5,-0.42000000000000004
4,-2.5,-0.4
4,-2.5,-0.38
4,-2.5,-0.36
4,-2.5,-0.33999999999999997
4,-2.5,-0.31999999999999995
4,-2.5,-0.29999999999999993
4,-2.5,-0.28
4,-2.5,-0.26
4,-2.5,-0.24
4,-2.5,-0.21999999999999997
4,-2.5,-0.19999999999999996
4,-2.5,-0.17999999999999994
4,-2.5,-0.16000000000000003
4,-2.5,-0.14
4,-2.5,-0.12
4,-2.5,-0.09999999999999998
4,-2.5,-0.07999999999999996
4,-2.5,-0.05999999999999994
4,-2.5,-0.040000000000000036
4,-2.5,-0.020000000000000018
4,-2.5,0.0
4,-2.5,0.020000000000000018
4,-2.5,0.040000000000000036
4,-2.5,0.06000000000000005
4,-2.5,0.08000000000000007
4,-2.5,0.10000000000000009
4,-2.5,0.1200000000000001
4,-2.5,0.14000000000000012
4,-2.5,0.15999999999999992
4,-2.5,0.17999999999999994
4,-2.5,0.19999999999999996
4,-2.5,0.21999999999999997
4,-2.5,0.24
4,-2.5,0.26
4,-2.5,0.28
4,-2.5,0.30000000000000004
4,-2.5,0.32000000000000006
4,-2.5,0.3400000000000001
4,-2.5,0.3600000000000001
4,-2.5,0.3800000000000001
4,-2.5,0.40000000000000013
4,-2.5,0.41999999999999993
4,-2.5,0.43999999999999995
4,-2.0,-1.0
4,-2.0,-0.98
4,-2.0,-0.96
4,-2.0,-0.94
4,-2.0,-0.92
4,-2.0,-0.9
4,-2.0,-0.88
4,-2.0,-0.86
4,-2.0,-0.84
4,-2.0,-0.8200000000000001
4,-2.0,-0.8
4,-2.0,-0.78
4,-2.0,-0.76
4,-2.0,-0.74
4,-2.0,-0.72
4,-2.0,-0.7
4,-2.0,-0.6799999999999999
4,-2.0,-0.6599999999999999
4,-2.0,-0.64
4,-2.0,-0.62
4,-2.0,-0.6
4,-2.0,-0.5800000000000001
4,-2.0,-0.56
4,-2.0,-0.54
4,-2.0,-0.52
4,-2.0,-0.5
4,-2.0,-0.48
4,-2.0,-0.45999999999999996
4,-2.0,-0.43999999999999995
4,-2.0,-0.42000000000000004
4,-2.0,-0.4
4,-2.0,-0.38
4,-2.0,-0.36
4,-2.0,-0.33999999999999997
4,-2.0,-0.31999999999999995
4,-2.0,-0.29999999999999993
4,-2.0,-0.28
4,-2.0,-0.26
4,-2.0,-0.24
4,-2.0,-0.21999999999999997
4,-2.0,-0.19999999999999996
4,-2.0,-0.17999999999999994
4,-2.0,-0.16000000000000003
4,-2.0,-0.14
4,-2.0,-0.12
4,-2.0,-0.09999999999999998
4,-2.0,-0.07999999999999996
4,-2.0,-0.05999999999999994
4,-2.0,-0.040000000000000036
4,-2.0,-0.020000000000000018
4,-2.0,0.0
4,-2.0,0.020000000000000018
4,-2.0,0.040000000000000036
4,-2.0,0.06000000000000005
4,-2.0,0.08000000000000007
4,-2.0,0.10000000000000009
4,-2.0,0.1200000000000001
4,-2.0,0.14000000000000012
4,-2.0,0.15999999999999992
4,-2.0,0.17999999999999994
4,-2.0,0.19999999999999996
4,-2.0,0.21999999999999997
4,-2.0,0.24
4,-2.0,0.26
4,-2.0,0.28
4,-2.0,0.30000000000000004
4,-2.0,0.32000000000000006
4,-2.0,0.3400000000000001
4,-2.0,0.3600000000000001
4,-2.0,0.3800000000000001
4,-2.0,0.40000000000000013
4,-2.0,0.41999999999999993
4,-2.0,0.43999999999999995
4,-2.0,0.45999999999999996
4,-1.5,-1.0
4,-1.5,-0.98
4,-1.5,-0.96
4,-1.5,-0.94
4,-1.5,-0.92
4,-1.5,-0.9
4,-1.5,-0.88
4,-1.5,-0.86
4,-1.5,-0.84
4,-1.5,-0.8200000000000001
4,-1.5,-0.8
4,-1.5,-0.78
4,-1.5,-0.76
4,-1.5,-0.74
4,-1.5,-0.72
4,-1.5,-0.7
4,-1.5,-0.6799999999999999
4,-1.5,-0.6599999999999999
4,-1.5,-0.64
4,-1.5,-0.62
4,-1.5,-0.6
4,-1.5,-0.5800000000000001
4,-1.5,-0.56
4,-1.5,-0.54
4,-1.5,-0.52
4,-1.5,-0.5
4,-1.5,-0.48
4,-1.5,-0.45999999999999996
4,-1.5,-0.43999999999999995
4,-1.5,-0.42000000000000004
4,-1.5,-0.4
4,-1.5,-0.38
4,-1.5,-0.36
4,-1.5,-0.33999999999999997
4,-1.5,-0.31999999999999995
4,-1.5,-0.29999999999999993
4,-1.5,-0.28
4,-1.5,-0.26
4,-1.5,-0.24
4,-1.5,-0.21999999999999997
4,-1.5,-0.19999999999999996
4,-1.5,-0.17999999999999994
4,-1.5,-0.16000000000000003
4,-1.5,-0.14
4,-1.5,-0.12
4,-1.5,-0.09999999999999998
4,-1.5,-0.07999999999999996
4,-1.5,-0.05999999999999994
4,-1.5,-0.040000000000000036
4,-1.5,-0.020000000000000018
4,-1.5,0.0
4,-1.5,0.020000000000000018
4,-1.5,0.040000000000000036
4,-1.5,0.06000000000000005
4,-1.5,0.08000000000000007
4,-1.5,0.10000000000000009
4,-1.5,0.1200000000000001
4,-1.5,0.14000000000000012
4,-1.5,0.15999999999999992
4,-1.5,0.17999999999999994
4,-1.5,0.19999999999999996
4,-1.5,0.21999999999999997
4,-1.5,0.24
4,-1.5,0.26
4,-1.5,0.28
4,-1.5,0.30000000000000004
4,-1.5,0.32000000000000006
4,-1.5,0.3400000000000001
4,-1.5,0.3600000000000001
4,-1.5,0.3800000000000001
4,-1.5,0.40000000000000013
4,-1.5,0.41999999999999993
4,-1.5,0.43999999999999995
4,-1.5,0.45999999999999996
4,-1.5,0.48
4,-1.5,0.5
4,-1.0,-1.0
4,-1.0,-0.98
4,-1.0,-0.96
4,-1.0,-0.94
4,-1.0,-0.92
4,-1.0,-0.9
4,-1.0,-0.88
4,-1.0,-0.86
4,-1.0,-0.84
4,-1.0,-0.8200000000000001
4,-1.0,-0.8
4,-1.0,-0.78
4,-1.0,-0.76
4,-1.0,-0.74
4,-1.0,-0.72
4,-1.0,-0.7
4,-1.0,-0.6799999999999999
4,-1.0,-0.6599999999999999
4,-1.0,-0.64
4,-1.0,-0.62
4,-1.0,-0.6
4,-1.0,-0.5800000000000001
4,-1.0,-0.56
4,-1.0,-0.54
4,-1.0,-0.52
4,-1.0,-0.5
4,-1.0,-0.48
4,-1.0,-0.45999999999999996
4,-1.0,-0.43999999999999995
4,-1.0,-0.42000000000000004
4,-1.0,-0.4
4,-1.0,-0.38
4,-1.0,-0.36
4,-1.0,-0.33999999999999997
4,-1.0,-0.31999999999999995
4,-1.0,-0.29999999999999993
4,-1.0,-0.28
4,-1.0,-0.26
4,-1.0,-0.24
4,-1.0,-0.21999999999999997
4,-1.0,-0.19999999999999996
4,-1.0,-0.17999999999999994
4,-1.0,-0.16000000000000003
4,-1.0,-0.14
4,-1.0,-0.12
4,-1.0,-0.09999999999999998
4,-1.0,-0.07999999999999996
4,-1.0,-0.05999999999999994
4,-1.0,-0.040000000000000036
4,-1.0,-0.020000000000000018
4,-1.0,0.0
4,-1.0,0.020000000000000018
4,-1.0,0.040000000000000036
4,-1.0,0.06000000000000005
4,-1.0,0.08000000000000007
4,-1.0,0.10000000000000009
4,-1.0,0.1200000000000001
4,-1.0,0.14000000000000012
4,-1.0,0.15999999999999992
4,-1.0,0.17999999999999994
4,-1.0,0.19999999999999996
4,-1.0,0.21999999999999997
4,-1.0,0.24
4,-1.0,0.26
4,-1.0,0.28
4,-1.0,0.30000000000000004
4,-1.0,0.32000000000000006
4,-1.0,0.3400000000000001
4,-1.0,0.3600000000000001
4,-1.0,0.3800000000000001
4,-1.0,0.40000000000000013
4,-1.0,0.41999999999999993
4,-1.0,0.43999999999999995
4,-1.0,0.45999999999999996
4,-1.0,0.48
4,-1.0,0.5
4,-1.0,0.52
4,-0.5,-1.0
4,-0.5,-0.98
4,-0.5,-0.96
4,-0.5,-0.94
4,-0.5,-0.92
4,-0.5,-0.9
4,-0.5,-0.88
4,-0.5,-0.86
4,-0.5,-0.84
4,-0.5,-0.8200000000000001
4,-0.5,-0.8
4,-0.5,-0.78
4,-0.5,-0.76
4,-0.5,-0.74
4,-0.5,-0.72
4,-0.5,-0.7
4,-0.5,-0.6799999999999999
4,-0.5,-0.6599999999999999
4,-0.5,-0.64
4,-0.5,-0.62
4,-0.5,-0.6
4,-0.5,-0.5800000000000001
4,-0.5,-0.56
4,-0.5,-0.54
4,-0.5,-0.52
4,-0.5,-0.5
4,-0.5,-0.48
4,-0.5,-0.45999999999999996
4,-0.5,-0.43999999999999995
4,-0.5,-0.42000000000000004
4,-0.5,-0.4
4,-0.5,-0.38
4,-0.5,-0.36
4,-0.5,-0.33999999999999997
4,-0.5,-0.31999999999999995
4,-0.5,-0.29999999999999993
4,-0.5,-0.28
4,-0.5,-0.26
4,-0.5,-0.24
4,-0.5,-0.21999999999999997
4,-0.5,-0.19999999999999996
4,-0.5,-0.17999999999999994
4,-0.5,-0.16000000000000003
4,-0.5,-0.14
4,-0.5,-0.12
4,-0.5,-0.09999999999999998
4,-0.5,-0.07999999999999996
4,-0.5,-0.05999999999999994
4,-0.5,-0.040000000000000036
4,-0.5,-0.020000000000000018
4,-0.5,0.0
4,-0.5,0.020000000000000018
4,-0.5,0.040000000000000036
4,-0.5,0.06000000000000005
4,-0.5,0.08000000000000007
4,-0.5,0.10000000000000009
4,-0.5,0.1200000000000001
4,-0.5,0.14000000000000012
4,-0.5,0.15999999999999992
4,-0.5,0.17999999999999994
4,-0.5,0.19999999999999996
4,-0.5,0.21999999999999997
4,-0.5,0.24
4,-0.5,0.26
4,-0.5,0.28
4,-0.5,0.30000000000000004
4,-0.5,0.32000000000000006
4,-0.5,0.3400000000000001
4,-0.5,0.3600000000000001
4,-0.5,0.3800000000000001
4,-0.5,0.40000000000000013
4,-0.5,0.41999999999999993
4,-0.5,0.43999999999999995
4,-0.5,0.45999999999999996
4,-0.5,0.48
4,-0.5,0.5
4,-0.5,0.52
4,-0.5,0.54
4,0.0,-1.0
4,0.0,-0.98
4,0.0,-0.96
4,0.0,-0.94
4,0.0,-0.92
4,0.0,-0.9
4,0.0,-0.88
4,0.0,-0.86
4,0.0,-0.84
4,0.0,-0.8200000000000001
4,0.0,-0.8
4,0.0,-0.78
4,0.0,-0.76
4,0.0,-0.74
4,0.0,-0.72
4,0.0,-0.7
4,0.0,-0.6799999999999999
4,0.0,-0.6599999999999999
4,0.0,-0.64
4,0.0,-0.62
4,0.0,-0.6
4,0.0,-0.5800000000000001
4,0.0,-0.56
4,0.0,-0.54
4,0.0,-0.52
4,0.0,-0.5
4,0.0,-0.48
4,0.0,-0.45999999999999996
4,0.0,-0.43999999999999995
4,0.0,-0.42000000000000004
4,0.0,-0.4
4,0.0,-0.38
4,0.0,-0.36
4,0.0,-0.33999999999999997
4,0.0,-0.31999999999999995
4,0.0,-0.29999999999999993
4,0.0,-0.28
4,0.0,-0.26
4,0.0,-0.24
4,0.0,-0.21999999999999997
4,0.0,-0.19999999999999996
4,0.0,-0.17999999999999994
4,0.0,-0.16000000000000003
4,0.0,-0.14
4,0.0,-0.12
4,0.0,-0.09999999999999998
4,0.0,-0.07999999999999996
4,0.0,-0.05999999999999994
4,0.0,-0.040000000000000036
4,0.0,-0.020000000000000018
4,0.0,0.0
4,0.0,0.020000000000000018
4,0.0,0.040000000000000036
4,0.0,0.06000000000000005
4,0.0,0.08000000000000007
4,0.0,0.10000000000000009
4,0.0,0.1200000000000001
4,0.0,0.14000000000000012
4,0.0,0.15999999999999992
4,0.0,0.17999999999999994
4,0.0,0.19999999999999996
4,0.0,0.21999999999999997
4,0.0,0.24
4,0.0,0.26
4,0.0,0.28
4,0.0,0.30000000000000004
4,0.0,0.32000000000000006
4,0.0,0.3400000000000001
4,0.0,0.3600000000000001
4,0.0,0.3800000000000001
4,0.0,0.40000000000000013
4,0.0,0.41999999999999993
4,0.0,0.43999999999999995
4,0.0,0.45999999999999996
4,0.0,0.48
4,0.0,0.5
4,0.0,0.52
4,0.0,0.54
4,0.0,0.56
4,0.0,0.5800000000000001
4,0.5,-1.0
4,0.5,-0.98
4,0.5,-0.96
4,0.5,-0.94
4,0.5,-0.92
4,0.5,-0.9
4,0.5,-0.88
4,0.5,-0.86
4,0.5,-0.84
4,0.5,-0.8200000000000001
4,0.5,-0.8
4,0.5,-0.78
4,0.5,-0.76
4,0.5,-0.74
4,0.5,-0.72
4,0.5,-0.7
4,0.5,-0.6799999999999999
4,0.5,-0.6599999999999999
4,0.5,-0.64
4,0.5,-0.62
4,0.5,-0.6
4,0.5,-0.5800000000000001
4,0.5,-0.56
4,0.5,-0.54
4,0.5,-0.52
4,0.5,-0.5
4,0.5,-0.48
4,0.5,-0.45999999999999996
4,0.5,-0.43999999999999995
4,0.5,-0.42000000000000004
4,0.5,-0.4
4,0.5,-0.38
4,0.5,-0.36
4,0.5,-0.33999999999999997
4,0.5,-0.31999999999999995
4,0.5,-0.29999999999999993
4,0.5,-0.28
4,0.5,-0.26
4,0.5,-0.24
4,0.5,-0.21999999999999997
4,0.5,-0.19999999999999996
4,0.5,-0.17999999999999994
4,0.5,-0.16000000000000003
4,0.5,-0.14
4,0.5,-0.12
4,0.5,-0.09999999999999998
4,0.5,-0.07999999999999996
4,0.5,-0.05999999999999994
4,0.5,-0.040000000000000036
4,0.5,-0.020000000000000018
4,0.5,0.0
4,0.5,0.020000000000000018
4,0.5,0.040000000000000036
4,0.5,0.06000000000000005
4,0.5,0.08000000000000007
4,0.5,0.10000000000000009
4,0.5,0.1200000000000001
4,0.5,0.14000000000000012
4,0.5,0.15999999999999992
4,0.5,0.17999999999999994
4,0.5,0.19999999999999996
4,0.5,0.21999999999999997
4,0.5,0.24
4,0.5,0.26
4,0.5,0.28
4,0.5,0.30000000000000004
4,0.5,0.32000000000000006
4,0.5,0.3400000000000001
4,0.5,0.3600000000000001
4,0.5,0.3800000000000001
4,0.5,0.40000000000000013
4,0.5,0.41999999999999993
4,0.5,0.43999999999999995
4,0.5,0.45999999999999996
4,0.5,0.48
4,0.5,0.5
4,0.5,0.52
4,0.5,0.54
4,0.5,0.56
4,0.5,0.5800000000000001
4,0.5,0.6000000000000001
4,1.0,-1.0
4,1.0,-0.98
4,1.0,-0.96
4,1.0,-0.94
4,1.0,-0.92
4,1.0,-0.9
4,1.0,-0.88
4,1.0,-0.86
4,1.0,-0.84
4,1.0,-0.8200000000000001
4,1.0,-0.8
4,1.0,-0.78
4,1.0,-0.76
4,1.0,-0.74
4,1.0,-0.72
4,1.0,-0.7
4,1.0,-0.6799999999999999
4,1.0,-0.6599999999999999
4,1.0,-0.64
4,1.0,-0.62
4,1.0,-0.6
4,1.0,-0.5800000000000001
4,1.0,-0.56
4,1.0,-0.54
4,1.0,-0.52
4,1.0,-0.5
4,1.0,-0.48
4,1.0,-0.45999999999999996
4,1.0,-0.43999999999999995
4,1.0,-0.42000000000000004
4,1.0,-0.4
4,1.0,-0.38
4,1.0,-0.36
4,1.0,-0.33999999999999997
4,1.0,-0.31999999999999995
4,1.0,-0.29999999999999993
4,1.0,-0.28
4,1.0,-0.26
4,1.0,-0.24
4,1.0,-0.21999999999999997
4,1.0,-0.19999999999999996
4,1.0,-0.17999999999999994
4,1.0,-0.16000000000000003
4,1.0,-0.14
4,1.0,-0.12
4,1.0,-0.09999999999999998
4,1.0,-0.07999999999999996
4,1.0,-0.05999999999999994
4,1.0,-0.040000000000000036
4,1.0,-0.020000000000000018
4,1.0,0.0
4,1.0,0.020000000000000018
4,1.0,0.040000000000000036
4,1.0,0.06000000000000005
4,1.0,0.08000000000000007
4,1.0,0.10000000000000009
4,1.0,0.1200000000000001
4,1.0,0.14000000000000012
4,1.0,0.15999999999999992
4,1.0,0.17999999999999994
4,1.0,0.19999999999999996
4,1.0,0.21999999999999997
4,1.0,0.24
4,1.0,0.26
4,1.0,0.28
4,1.0,0.30000000000000004
4,1.0,0.32000000000000006
4,1.0,0.3400000000000001
4,1.0,0.3600000000000001
4,1.0,0.3800000000000001
4,1.0,0.40000000000000013
4,1.0,0.41999999999999993
4,1.0,0.43999999999999995
4,1.0,0.45999999999999996
4,1.0,0.48
4,1.0,0.5
4,1.0,0.52
4,1.0,0.54
4,1.0,0.56
4,1.0,0.5800000000000001
4,1.0,0.6000000000000001
4,1.0,0.6200000000000001
4,1.5,-1.0
4,1.5,-0.98
4,1.5,-0.96
4,1.5,-0.94
4,1.5,-0.92
4,1.5,-0.9
4,1.5,-0.88
4,1.5,-0.86
4,1.5,-0.84
4,1.5,-0.8200000000000001
4,1.5,-0.8
4,1.5,-0.78
4,1.5,-0.76
4,1.5,-0.74
4,1.5,-0.72
4,1.5,-0.7
4,1.5,-0.6799999999999999
4,1.5,-0.6599999999999999
4,1.5,-0.64
4,1.5,-0.62
4,1.5,-0.6
4,1.5,-0.5800000000000001
4,1.5,-0.56
4,1.5,-0.54
4,1.5,-0.52
4,1.5,-0.5
4,1.5,-0.48
4,1.5,-0.45999999999999996
4,1.5,-0.43999999999999995
4,1.5,-0.42000000000000004
4,1.5,-0.4
4,1.5,-0.38
4,1.5,-0.36
4,1.5,-0.33999999999999997
4,1.5,-0.31999999999999995
4,1.5,-0.29999999999999993
4,1.5,-0.28
4,1.5,-0.26
4,1.5,-0.24
4,1.5,-0.21999999999999997
4,1.5,-0.19999999999999996
4,1.5,-0.17999999999999994
4,1.5,-0.16000000000000003
4,1.5,-0.14
4,1.5,-0.12
4,1.5,-0.09999999999999998
4,1.5,-0.07999999999999996
4,1.5,-0.05999999999999994
4,1.5,-0.040000000000000036
4,1.5,-0.020000000000000018
4,1.5,0.0
4,1.5,0.020000000000000018
4,1.5,0.040000000000000036
4,1.5,0.06000000000000005
4,1.5,0.08000000000000007
4,1.5,0.10000000000000009
4,1.5,0.1200000000000001
4,1.5,0.14000000000000012
4,1.5,0.15999999999999992
4,1.5,0.17999999999999994
4,1.5,0.19999999999999996
4,1.5,0.21999999999999997
4,1.5,0.24
4,1.5,0.26
4,1.5,0.28
4,1.5,0.30000000000000004
4,1.5,0.32000000000000006
4,1.5,0.3400000000000001
4,1.5,0.3600000000000001
4,1.5,0.3800000000000001
4,1.5,0.40000000000000013
4,1.5,0.41999999999999993
4,1.5,0.43999999999999995
4,1.5,0.45999999999999996
4,1.5,0.48
4,1.5,0.5
4,1.5,0.52
4,1.5,0.54
4,1.5,0.56
4,1.5,0.5800000000000001
4,1.5,0.6000000000000001
4,1.5,0.6200000000000001
4,1.5,0.6400000000000001
4,1.5,0.6600000000000001
4,2.0,-1.0
4,2.0,-0.98
4,2.0,-0.96
4,2.0,-0.94
4,2.0,-0.92
4,2.0,-0.9
4,2.0,-0.88
4,2.0,-0.86
4,2.0,-0.84
4,2.0,-0.8200000000000001
4,2.0,-0.8
4,2.0,-0.78
4,2.0,-0.76
4,2.0,-0.74
4,2.0,-0.72
4,2.0,-0.7
4,2.0,-0.6799999999999999
4,2.0,-0.6599999999999999
4,2.0,-0.64
4,2.0,-0.62
4,2.0,-0.6
4,2.0,-0.5800000000000001
4,2.0,-0.56
4,2.0,-0.54
4,2.0,-0.52
4,2.0,-0.5
4,2.0,-0.48
4,2.0,-0.45999999999999996
4,2.0,-0.43999999999999995
4,2.0,-0.42000000000000004
4,2.0,-0.4
4,2.0,-0.38
4,2.0,-0.36
4,2.0,-0.33999999999999997
4,2.0,-0.31999999999999995
4,2.0,-0.29999999999999993
4,2.0,-0.28
4,2.0,-0.26
4,2.0,-0.24
4,2.0,-0.21999999999999997
4,2.0,-0.19999999999999996
4,2.0,-0.17999999999999994
4,2.0,-0.16000000000000003
4,2.0,-0.14
4,2.0,-0.12
4,2.0,-0.09999999999999998
4,2.0,-0.07999999999999996
4,2.0,-0.05999999999999994
4,2.0,-0.040000000000000036
4,2.0,-0.020000000000000018
4,2.0,0.0
4,2.0,0.020000000000000018
4,2.0,0.040000000000000036
4,2.0,0.06000000000000005
4,2.0,0.08000000000000007
4,2.0,0.10000000000000009
4,2.0,0.1200000000000001
4,2.0,0.14000000000000012
4,2.0,0.15999999999999992
4,2.0,0.17999999999999994
4,2.0,0.19999999999999996
4,2.0,0.21999999999999997
4,2.0,0.24
4,2.0,0.26
4,2.0,0.28
4,2.0,0.30000000000000004
4,2.0,0.32000000000000006
4,2.0,0.3400000000000001
4,2.0,0.3600000000000001
4,2.0,0.3800000000000001
4,2.0,0.40000000000000013
4,2.0,0.41999999999999993
4,2.0,0.43999999999999995
4,2.0,0.45999999999999996
4,2.0,0.48
4,2.0,0.5
4,2.0,0.52
4,2.0,0.54
4,2.0,0.56
4,2.0,0.5800000000000001
4,2.0,0.6000000000000001
4,2.0,0.6200000000000001
4,2.0,0.6400000000000001
4,2.0,0.6600000000000001
4,2.0,0.6799999999999999
4,2.5,-1.0
4,2.5,-0.98
4,2.5,-0.96
4,2.5,-0.94
4,2.5,-0.92
4,2.5,-0.9
4,2.5,-0.88
4,2.5,-0.86
4,2.5,-0.84
4,2.5,-0.8200000000000001
4,2.5,-0.8
4,2.5,-0.78
4,2.5,-0.76
4,2.5,-0.74
4,2.5,-0.72
4,2.5,-0.7
4,2.5,-0.6799999999999999
4,2.5,-0.6599999999999999
4,2.5,-0.64
4,2.5,-0.62
4,2.5,-0.6
4,2.5,-0.5800000000000001
4,2.5,-0.56
4,2.5,-0.54
4,2.5,-0.52
4,2.5,-0.5
4,2.5,-0.48
4,2.5,-0.45999999999999996
4,2.5,-0.43999999999999995
4,2.5,-0.42000000000000004
4,2.5,-0.4
4,2.5,-0.38
4,2.5,-0.36
4,2.5,-0.33999999999999997
4,2.5,-0.31999999999999995
4,2.5,-0.29999999999999993
4,2.5,-0.28
4,2.5,-0.26
4,2.5,-0.24
4,2.5,-0.21999999999999997
4,2.5,-0.19999999999999996
4,2.5,-0.17999999999999994
4,2.5,-0.16000000000000003
4,2.5,-0.14
4,2.5,-0.12
4,2.5,-0.09999999999999998
4,2.5,-0.07999999999999996
4,2.5,-0.05999999999999994
4,2.5,-0.040000000000000036
4,2.5,-0.020000000000000018
4,2.5,0.0
4,2.5,0.020000000000000018
4,2.5,0.040000000000000036
4,2.5,0.06000000000000005
4,2.5,0.08000000000000007
4,2.5,0.10000000000000009
4,2.5,0.1200000000000001
4,2.5,0.14000000000000012
4,2.5,0.15999999999999992
4,2.5,0.17999999999999994
4,2.5,0.19999999999999996
4,2.5,0.21999999999999997
4,2.5,0.24
4,2.5,0.26
4,2.5,0.28
4,2.5,0.30000000000000004
4,2.5,0.32000000000000006
4,2.5,0.3400000000000001
4,2.5,0.3600000000000001
4,2.5,0.3800000000000001
4,2.5,0.40000000000000013
4,2.5,0.41999999999999993
4,2.5,0.43999999999999995
4,2.5,0.45999999999999996
4,2.5,0.48
4,2.5,0.5
4,2.5,0.52
4,2.5,0.54
4,2.5,0.56
4,2.5,0.5800000000000001
4,2.5,0.6000000000000001
4,2.5,0.6200000000000001
4,2.5,0.6400000000000001
4,2.5,0.6600000000000001
4,2.5,0.6799999999999999
4,2.5,0.7
4,3.0,-1.0
4,3.0,-0.98
4,3.0,-0.96
4,3.0,-0.94
4,3.0,-0.92
4,3.0,-0.9
4,3.0,-0.88
4,3.0,-0.86
4,3.0,-0.84
4,3.0,-0.8200000000000001
4,3.0,-0.8
4,3.0,-0.78
4,3.0,-0.76
4,3.0,-0.74
4,3.0,-0.72
4,3.0,-0.7
4,3.0,-0.6799999999999999
4,3.0,-0.6599999999999999
4,3.0,-0.64
4,3.0,-0.62
4,3.0,-0.6
4,3.0,-0.5800000000000001
4,3.0,-0.56
4,3.0,-0.54
4,3.0,-0.52
4,3.0,-0.5
4,3.0,-0.48
4,3.0,-0.45999999999999996
4,3.0,-0.43999999999999995
4,3.0,-0.42000000000000004
4,3.0,-0.4
4,3.0,-0.38
4,3.0,-0.36
4,3.0,-0.33999999999999997
4,3.0,-0.31999999999999995
4,3.0,-0.29999999999999993
4,3.0,-0.28
4,3.0,-0.26
4,3.0,-0.24
4,3.0,-0.21999999999999997
4,3.0,-0.19999999999999996
4,3.0,-0.17999999999999994
4,3.0,-0.16000000000000003
4,3.0,-0.14
4,3.0,-0.12
4,3.0,-0.09999999999999998
4,3.0,-0.07999999999999996
4,3.0,-0.05999999999999994
4,3.0,-0.040000000000000036
4,3.0,-0.020000000000000018
4,3.0,0.0
4,3.0,0.020000000000000018
4,3.0,0.040000000000000036
4,3.0,0.06000000000000005
4,3.0,0.08000000000000007
4,3.0,0.10000000000000009
4,3.0,0.1200000000000001
4,3.0,0.14000000000000012
4,3.0,0.15999999999999992
4,3.0,0.17999999999999994
4,3.0,0.19999999999999996
4,3.0,0.21999999999999997
4,3.0,0.24
4,3.0,0.26
4,3.0,0.28
4,3.0,0.30000000000000004
4,3.0,0.32000000000000006
4,3.0,0.3400000000000001
4,3.0,0.3600000000000001
4,3.0,0.3800000000000001
4,3.0,0.40000000000000013
4,3.0,0.41999999999999993
4,3.0,0.43999999999999995
4,3.0,0.45999999999999996
4,3.0,0.48
4,3.0,0.5
4,3.0,0.52
4,3.0,0.54
4,3.0,0.56
4,3.0,0.5800000000000001
4,3.0,0.6000000000000001
4,3.0,0.6200000000000001
4,3.0,0.6400000000000001
4,3.0,0.6600000000000001
4,3.0,0.6799999999999999
4,3.0,0.7
4,3.0,0.72
4,3.0,0.74
4,3.5,-1.0
4,3.5,-0.98
4,3.5,-0.96
4,3.5,-0.94
4,3.5,-0.92
4,3.5,-0.9
4,3.5,-0.88
4,3.5,-0.86
4,3.5,-0.84
4,3.5,-0.8200000000000001
4,3.5,-0.8
4,3.5,-0.78
4,3.5,-0.76
4,3.5,-0.74
4,3.5,-0.72
4,3.5,-0.7
4,3.5,-0.6799999999999999
4,3.5,-0.6599999999999999
4,3.5,-0.64
4,3.5,-0.62
4,3.5,-0.6
4,3.5,-0.5800000000000001
4,3.5,-0.56
4,3.5,-0.54
4,3.5,-0.52
4,3.5,-0.5
4,3.5,-0.48
4,3.5,-0.45999999999999996
4,3.5,-0.43999999999999995
4,3.5,-0.42000000000000004
4,3.5,-0.4
4,3.5,-0.38
4,3.5,-0.36
4,3.5,-0.33999999999999997
4,3.5,-0.31999999999999995
4,3.5,-0.29999999999999993
4,3.5,-0.28
4,3.5,-0.26
4,3.5,-0.24
4,3.5,-0.21999999999999997
4,3.5,-0.19999999999999996
4,3.5,-0.17999999999999994
4,3.5,-0.16000000000000003
4,3.5,-0.14
4,3.5,-0.12
4,3.5,-0.09999999999999998
4,3.5,-0.07999999999999996
4,3.5,-0.05999999999999994
4,3.5,-0.040000000000000036
4,3.5,-0.020000000000000018
4,3.5,0.0
4,3.5,0.020000000000000018
4,3.5,0.040000000000000036
4,3.5,0.06000000000000005
4,3.5,0.08000000000000007
4,3.5,0.10000000000000009
4,3.5,0.1200000000000001
4,3.5,0.14000000000000012
4,3.5,0.15999999999999992
4,3.5,0.17999999999999994
4,3.5,0.19999999999999996
4,3.5,0.21999999999999997
4,3.5,0.24
4,3.5,0.26
4,3.5,0.28
4,3.5,0.30000000000000004
4,3.5,0.32000000000000006
4,3.5,0.3400000000000001
4,3.5,0.3600000000000001
4,3.5,0.3800000000000001
4,3.5,0.40000000000000013
4,3.5,0.41999999999999993
4,3.5,0.43999999999999995
4,3.5,0.45999999999999996
4,3.5,0.48
4,3.5,0.5
4,3.5,0.52
4,3.5,0.54
4,3.5,0.56
4,3.5,0.5800000000000001
4,3.5,0.6000000000000001
4,3.5,0.6200000000000001
4,3.5,0.6400000000000001
4,3.5,0.6600000000000001
4,3.5,0.6799999999999999
4,3.5,0.7
4,3.5,0.72
4,3.5,0.74
4,3.5,0.76
4,4.0,-1.0
4,4.0,-0.98
4,4.0,-0.96
4,4.0,-0.94
4,4.0,-0.92
4,4.0,-0.9
4,4.0,-0.88
4,4.0,-0.86
4,4.0,-0.84
4,4.0,-0.8200000000000001
4,4.0,-0.8
4,4.0,-0.78
4,4.0,-0.76
4,4.0,-0.74
4,4.0,-0.72
4,4.0,-0.7
4,4.0,-0.6799999999999999
4,4.0,-0.6599999999999999
4,4.0,-0.64
4,4.0,-0.62
4,4.0,-0.6
4,4.0,-0.5800000000000001
4,4.0,-0.56
4,4.0,-0.54
4,4.0,-0.52
4,4.0,-0.5
4,4.0,-0.48
4,4.0,-0.45999999999999996
4,4.0,-0.43999999999999995
4,4.0,-0.42000000000000004
4,4.0,-0.4
4,4.0,-0.38
4,4.0,-0.36
4,4.0,-0.33999999999999997
4,4.0,-0.31999999999999995
4,4.0,-0.29999999999999993
4,4.0,-0.28
4,4.0,-0.26
4,4.0,-0.24
4,4.0,-0.21999999999999997
4,4.0,-0.19999999999999996
4,4.0,-0.17999999999999994
4,4.0,-0.16000000000000003
4,4.0,-0.14
4,4.0,-0.12
4,4.0,-0.09999999999999998
4,4.0,-0.07999999999999996
4,4.0,-0.05999999999999994
4,4.0,-0.040000000000000036
4,4.0,-0.020000000000000018
4,4.0,0.0
4,4.0,0.020000000000000018
4,4.0,0.040000000000000036
4,4.0,0.06000000000000005
4,4.0,0.08000000000000007
4,4.0,0.10000000000000009
4,4.0,0.1200000000000001
4,4.0,0.14000000000000012
4,4.0,0.15999999999999992
4,4.0,0.17999999999999994
4,4.0,0.19999999999999996
4,4.0,0.21999999999999997
4,4.0,0.24
4,4.0,0.26
4,4.0,0.28
4,4.0,0.30000000000000004
4,4.0,0.32000000000000006
4,4.0,0.3400000000000001
4,4.0,0.3600000000000001
4,4.0,0.3800000000000001
4,4.0,0.40000000000000013
4,4.0,0.41999999999999993
4,4.0,0.43999999999999995
4,4.0,0.45999999999999996
4,4.0,0.48
4,4.0,0.5
4,4.0,0.52
4,4.0,0.54
4,4.0,0.56
4,4.0,0.5800000000000001
4,4.0,0.6000000000000001
4,4.0,0.6200000000000001
4,4.0,0.6400000000000001
4,4.0,0.6600000000000001
4,4.0,0.6799999999999999
4,4.0,0.7
4,4.0,0.72
4,4.0,0.74
4,4.0,0.76
4,4.0,0.78
4,4.5,-1.0
4,4.5,-0.98
4,4.5,-0.96
4,4.5,-0.94
4,4.5,-0.92
4,4.5,-0.9
4,4.5,-0.88
4,4.5,-0.86
4,4.5,-0.84
4,4.5,-0.8200000000000001
4,4.5,-0.8
4,4.5,-0.78
4,4.5,-0.76
4,4.5,-0.74
4,4.5,-0.72
4,4.5,-0.7
4,4.5,-0.6799999999999999
4,4.5,-0.6599999999999999
4,4.5,-0.64
4,4.5,-0.62
4,4.5,-0.6
4,4.5,-0.5800000000000001
4,4.5,-0.56
4,4.5,-0.54
4,4.5,-0.52
4,4.5,-0.5
4,4.5,-0.48
4,4.5,-0.45999999999999996
4,4.5,-0.43999999999999995
4,4.5,-0.42000000000000004
4,4.5,-0.4
4,4.5,-0.38
4,4.5,-0.36
4,4.5,-0.33999999999999997
4,4.5,-0.31999999999999995
4,4.5,-0.29999999999999993
4,4.5,-0.28
4,4.5,-0.26
4,4.5,-0.24
4,4.5,-0.21999999999999997
4,4.5,-0.19999999999999996
4,4.5,-0.17999999999999994
4,4.5,-0.16000000000000003
4,4.5,-0.14
4,4.5,-0.12
4,4.5,-0.09999999999999998
4,4.5,-0.07999999999999996
4,4.5,-0.05999999999999994
4,4.5,-0.040000000000000036
4,4.5,-0.020000000000000018
4,4.5,0.0
4,4.5,0.020000000000000018
4,4.5,0.040000000000000036
4,4.5,0.06000000000000005
4,4.5,0.08000000000000007
4,4.5,0.10000000000000009
4,4.5,0.1200000000000001
4,4.5,0.14000000000000012
4,4.5,0.15999999999999992
4,4.5,0.17999999999999994
4,4.5,0.19999999999999996
4,4.5,0.21999999999999997
4,4.5,0.24
4,4.5,0.26
4,4.5,0.28
4,4.5,0.30000000000000004
4,4.5,0.32000000000000006
4,4.5,0.3400000000000001
4,4.5,0.3600000000000001
4,4.5,0.3800000000000001
4,4.5,0.40000000000000013
4,4.5,0.41999999999999993
4,4.5,0.43999999999999995
4,4.5,0.45999999999999996
4,4.5,0.48
4,4.5,0.5
4,4.5,0.52
4,4.5,0.54
4,4.5,0.56
4,4.5,0.5800000000000001
4,4.5,0.6000000000000001
4,4.5,0.6200000000000001
4,4.5,0.6400000000000001
4,4.5,0.6600000000000001
4,4.5,0.6799999999999999
4,4.5,0.7
4,4.5,0.72
4,4.5,0.74
4,4.5,0.76
4,4.5,0.78
4,4.5,0.8
4,5.0,-1.0
4,5.0,-0.98
4,5.0,-0.96
4,5.0,-0.94
4,5.0,-0.92
4,5.0,-0.9
4,5.0,-0.88
4,5.0,-0.86
4,5.0,-0.84
4,5.0,-0.8200000000000001
4,5.0,-0.8
4,5.0,-0.78
4,5.0,-0.76
4,5.0,-0.74
4,5.0,-0.72
4,5.0,-0.7
4,5.0,-0.6799999999999999
4,5.0,-0.6599999999999999
4,5.0,-0.64
4,5.0,-0.62
4,5.0,-0.6
4,5.0,-0.5800000000000001
4,5.0,-0.56
4,5.0,-0.54
4,5.0,-0.52
4,5.0,-0.5
4,5.0,-0.48
4,5.0,-0.45999999999999996
4,5.0,-0.43999999999999995
4,5.0,-0.42000000000000004
4,5.0,-0.4
4,5.0,-0.38
4,5.0,-0.36
4,5.0,-0.33999999999999997
4,5.0,-0.31999999999999995
4,5.0,-0.29999999999999993
4,5.0,-0.28
4,5.0,-0.26
4,5.0,-0.24
4,5.0,-0.21999999999999997
4,5.0,-0.19999999999999996
4,5.0,-0.17999999999999994
4,5.0,-0.16000000000000003
4,5.0,-0.14
4,5.0,-0.12
4,5.0,-0.09999999999999998
4,5.0,-0.07999999999999996
4,5.0,-0.05999999999999994
4,5.0,-0.040000000000000036
4,5.0,-0.020000000000000018
4,5.0,0.0
4,5.0,0.020000000000000018
4,5.0,0.040000000000000036
4,5.0,0.06000000000000005
4,5.0,0.08000000000000007
4,5.0,0.10000000000000009
4,5.0,0.1200000000000001
4,5.0,0.14000000000000012
4,5.0,0.15999999999999992
4,5.0,0.17999999999999994
4,5.0,0.19999999999999996
4,5.0,0.21999999999999997
4,5.0,0.24
4,5.0,0.26
4,5.0,0.28
4,5.0,0.30000000000000004
4,5.0,0.32000000000000006
4,5.0,0.3400000000000001
4,5.0,0.3600000000000001
4,5.0,0.3800000000000001
4,5.0,0.40000000000000013
4,5.0,0.41999999999999993
4,5.0,0.43999999999999995
4,5.0,0.45999999999999996
4,5.0,0.48
4,5.0,0.5
4,5.0,0.52
4,5.0,0.54
4,5.0,0.56
4,5.0,0.5800000000000001
4,5.0,0.6000000000000001
4,5.0,0.6200000000000001
4,5.0,0.6400000000000001
4,5.0,0.6600000000000001
4,5.0,0.6799999999999999
4,5.0,0.7
4,5.0,0.72
4,5.0,0.74
4,5.0,0.76
4,5.0,0.78
4,5.0,0.8
4,5.0,0.8200000000000001
4,5.5,-1.0
4,5.5,-0.98
4,5.5,-0.96
4,5.5,-0.94
4,5.5,-0.92
4,5.5,-0.9
4,5.5,-0.88
4,5.5,-0.86
4,5.5,-0.84
4,5.5,-0.8200000000000001
4,5.5,-0.8
4,5.5,-0.78
4,5.5,-0.76
4,5.5,-0.74
4,5.5,-0.72
4,5.5,-0.7
4,5.5,-0.6799999999999999
4,5.5,-0.6599999999999999
4,5.5,-0.64
4,5.5,-0.62
4,5.5,-0.6
4,5.5,-0.5800000000000001
4,5.5,-0.56
4,5.5,-0.54
4,5.5,-0.52
4,5.5,-0.5
4,5.5,-0.48
4,5.5,-0.45999999999999996
4,5.5,-0.43999999999999995
4,5.5,-0.42000000000000004
4,5.5,-0.4
4,5.5,-0.38
4,5.5,-0.36
4,5.5,-0.33999999999999997
4,5.5,-0.31999999999999995
4,5.5,-0.29999999999999993
4,5.5,-0.28
4,5.5,-0.26
4,5.5,-0.24
4,5.5,-0.21999999999999997
4,5.5,-0.19999999999999996
4,5.5,-0.17999999999999994
4,5.5,-0.16000000000000003
4,5.5,-0.14
4,5.5,-0.12
4,5.5,-0.09999999999999998
4,5.5,-0.07999999999999996
4,5.5,-0.05999999999999994
4,5.5,-0.040000000000000036
4,5.5,-0.020000000000000018
4,5.5,0.0
4,5.5,0.020000000000000018
4,5.5,0.040000000000000036
4,5.5,0.06000000000000005
4,5.5,0.08000000000000007
4,5.5,0.10000000000000009
4,5.5,0.1200000000000001
4,5.5,0.14000000000000012
4,5.5,0.15999999999999992
4,5.5,0.17999999999999994
4,5.5,0.19999999999999996
4,5.5,0.21999999999999997
4,5.5,0.24
4,5.5,0.26
4,5.5,0.28
4,5.5,0.30000000000000004
4,5.5,0.32000000000000006
4,5.5,0.3400000000000001
4,5.5,0.3600000000000001
4,5.5,0.3800000000000001
4,5.5,0.40000000000000013
4,5.5,0.41999999999999993
4,5.5,0.43999999999999995
4,5.5,0.45999999999999996
4,5.5,0.48
4,5.5,0.5
4,5.5,0.52
4,5.5,0.54
4,5.5,0.56
4,5.5,0.5800000000000001
4,5.5,0.6000000000000001
4,5.5,0.6200000000000001
4,5.5,0.6400000000000001
4,5.5,0.6600000000000001
4,5.5,0.6799999999999999
4,5.5,0.7
4,5.5,0.72
4,5.5,0.74
4,5.5,0.76
4,5.5,0.78
4,5.5,0.8
4,5.5,0.8200000000000001
4,5.5,0.8400000000000001
4,5.5,0.8600000000000001
4,6.0,-1.0
4,6.0,-0.98
4,6.0,-0.96
4,6.0,-0.94
4,6.0,-0.92
4,6.0,-0.9
4,6.0,-0.88
4,6.0,-0.86
4,6.0,-0.84
4,6.0,-0.8200000000000001
4,6.0,-0.8
4,6.0,-0.78
4,6.0,-0.76
4,6.0,-0.74
4,6.0,-0.72
4,6.0,-0.7
4,6.0,-0.6799999999999999
4,6.0,-0.6599999999999999
4,6.0,-0.64
4,6.0,-0.62
4,6.0,-0.6
4,6.0,-0.5800000000000001
4,6.0,-0.56
4,6.0,-0.54
4,6.0,-0.52
4,6.0,-0.5
4,6.0,-0.48
4,6.0,-0.45999999999999996
4,6.0,-0.43999999999999995
4,6.0,-0.42000000000000004
4,6.0,-0.4
4,6.0,-0.38
4,6.0,-0.36
4,6.0,-0.33999999999999997
4,6.0,-0.31999999999999995
4,6.0,-0.29999999999999993
4,6.0,-0.28
4,6.0,-0.26
4,6.0,-0.24
4,6.0,-0.21999999999999997
4,6.0,-0.19999999999999996
4,6.0,-0.17999999999999994
4,6.0,-0.16000000000000003
4,6.0,-0.14
4,6.0,-0.12
4,6.0,-0.09999999999999998
4,6.0,-0.07999999999999996
4,6.0,-0.05999999999999994
4,6.0,-0.040000000000000036
4,6.0,-0.020000000000000018
4,6.0,0.0
4,6.0,0.020000000000000018
4,6.0,0.040000000000000036
4,6.0,0.06000000000000005
4,6.0,0.08000000000000007
4,6.0,0.10000000000000009
4,6.0,0.1200000000000001
4,6.0,0.14000000000000012
4,6.0,0.15999999999999992
4,6.0,0.17999999999999994
4,6.0,0.19999999999999996
4,6.0,0.21999999999999997
4,6.0,0.24
4,6.0,0.26
4,6.0,0.28
4,6.0,0.30000000000000004
4,6.0,0.32000000000000006
4,6.0,0.3400000000000001
4,6.0,0.3600000000000001
4,6.0,0.3800000000000001
4,6.0,0.40000000000000013
4,6.0,0.41999999999999993
4,6.0,0.43999999999999995
4,6.0,0.45999999999999996
4,6.0,0.48
4,6.0,0.5
4,6.0,0.52
4,6.0,0.54
4,6.0,0.56
4,6.0,0.5800000000000001
4,6.0,0.6000000000000001
4,6.0,0.6200000000000001
4,6.0,0.6400000000000001
4,6.0,0.6600000000000001
4,6.0,0.6799999999999999
4,6.0,0.7
4,6.0,0.72
4,6.0,0.74
4,6.0,0.76
4,6.0,0.78
4,6.0,0.8
4,6.0,0.8200000000000001
4,6.0,0.8400000000000001
4,6.0,0.8600000000000001
4,6.0,0.8800000000000001
4,6.5,-1.0
4,6.5,-0.98
4,6.5,-0.96
4,6.5,-0.94
4,6.5,-0.92
4,6.5,-0.9
4,6.5,-0.88
4,6.5,-0.86
4,6.5,-0.84
4,6.5,-0.8200000000000001
4,6.5,-0.8
4,6.5,-0.78
4,6.5,-0.76
4,6.5,-0.74
4,6.5,-0.72
4,6.5,-0.7
4,6.5,-0.6799999999999999
4,6.5,-0.6599999999999999
4,6.5,-0.64
4,6.5,-0.62
4,6.5,-0.6
4,6.5,-0.5800000000000001
4,6.5,-0.56
4,6.5,-0.54
4,6.5,-0.52
4,6.5,-0.5
4,6.5,-0.48
4,6.5,-0.45999999999999996
4,6.5,-0.43999999999999995
4,6.5,-0.42000000000000004
4,6.5,-0.4
4,6.5,-0.38
4,6.5,-0.36
4,6.5,-0.33999999999999997
4,6.5,-0.31999999999999995
4,6.5,-0.29999999999999993
4,6.5,-0.28
4,6.5,-0.26
4,6.5,-0.24
4,6.5,-0.21999999999999997
4,6.5,-0.19999999999999996
4,6.5,-0.17999999999999994
4,6.5,-0.16000000000000003
4,6.5,-0.14
4,6.5,-0.12
4,6.5,-0.09999999999999998
4,6.5,-0.07999999999999996
4,6.5,-0.05999999999999994
4,6.5,-0.040000000000000036
4,6.5,-0.020000000000000018
4,6.5,0.0
4,6.5,0.020000000000000018
4,6.5,0.040000000000000036
4,6.5,0.06000000000000005
4,6.5,0.08000000000000007
4,6.5,0.10000000000000009
4,6.5,0.1200000000000001
4,6.5,0.14000000000000012
4,6.5,0.15999999999999992
4,6.5,0.17999999999999994
4,6.5,0.19999999999999996
4,6.5,0.21999999999999997
4,6.5,0.24
4,6.5,0.26
4,6.5,0.28
4,6.5,0.30000000000000004
4,6.5,0.32000000000000006
4,6.5,0.3400000000000001
4,6.5,0.3600000000000001
4,6.5,0.3800000000000001
4,6.5,0.40000000000000013
4,6.5,0.41999999999999993
4,6.5,0.43999999999999995
4,6.5,0.45999999999999996
4,6.5,0.48
4,6.5,0.5
4,6.5,0.52
4,6.5,0.54
4,6.5,0.56
4,6.5,0.5800000000000001
4,6.5,0.6000000000000001
4,6.5,0.6200000000000001
4,6.5,0.6400000000000001
4,6.5,0.6600000000000001
4,6.5,0.6799999999999999
4,6.5,0.7
4,6.5,0.72
4,6.5,0.74
4,6.5,0.76
4,6.5,0.78
4,6.5,0.8
4,6.5,0.8200000000000001
4,6.5,0.8400000000000001
4,6.5,0.8600000000000001
4,6.5,0.8800000000000001
4,6.5,0.9000000000000001
4,7.0,-1.0
4,7.0,-0.98
4,7.0,-0.96
4,7.0,-0.94
4,7.0,-0.92
4,7.0,-0.9
4,7.0,-0.88
4,7.0,-0.86
4,7.0,-0.84
4,7.0,-0.8200000000000001
4,7.0,-0.8
4,7.0,-0.78
4,7.0,-0.76
4,7.0,-0.74
4,7.0,-0.72
4,7.0,-0.7
4,7.0,-0.6799999999999999
4,7.0,-0.6599999999999999
4,7.0,-0.64
4,7.0,-0.62
4,7.0,-0.6
4,7.0,-0.5800000000000001
4,7.0,-0.56
4,7.0,-0.54
4,7.0,-0.52
4,7.0,-0.5
4,7.0,-0.48
4,7.0,-0.45999999999999996
4,7.0,-0.43999999999999995
4,7.0,-0.42000000000000004
4,7.0,-0.4
4,7.0,-0.38
4,7.0,-0.36
4,7.0,-0.33999999999999997
4,7.0,-0.31999999999999995
4,7.0,-0.29999999999999993
4,7.0,-0.28
4,7.0,-0.26
4,7.0,-0.24
4,7.0,-0.21999999999999997
4,7.0,-0.19999999999999996
4,7.0,-0.17999999999999994
4,7.0,-0.16000000000000003
4,7.0,-0.14
4,7.0,-0.12
4,7.0,-0.09999999999999998
4,7.0,-0.07999999999999996
4,7.0,-0.05999999999999994
4,7.0,-0.040000000000000036
4,7.0,-0.020000000000000018
4,7.0,0.0
4,7.0,0.020000000000000018
4,7.0,0.040000000000000036
4,7.0,0.06000000000000005
4,7.0,0.08000000000000007
4,7.0,0.10000000000000009
4,7.0,0.1200000000000001
4,7.0,0.14000000000000012
4,7.0,0.15999999999999992
4,7.0,0.17999999999999994
4,7.0,0.19999999999999996
4,7.0,0.21999999999999997
4,7.0,0.24
4,7.0,0.26
4,7.0,0.28
4,7.0,0.30000000000000004
4,7.0,0.32000000000000006
4,7.0,0.3400000000000001
4,7.0,0.3600000000000001
4,7.0,0.3800000000000001
4,7.0,0.40000000000000013
4,7.0,0.41999999999999993
4,7.0,0.43999999999999995
4,7.0,0.45999999999999996
4,7.0,0.48
4,7.0,0.5
4,7.0,0.52
4,7.0,0.54
4,7.0,0.56
4,7.0,0.5800000000000001
4,7.0,0.6000000000000001
4,7.0,0.6200000000000001
4,7.0,0.6400000000000001
4,7.0,0.6600000000000001
4,7.0,0.6799999999999999
4,7.0,0.7
4,7.0,0.72
4,7.0,0.74
4,7.0,0.76
4,7.0,0.78
4,7.0,0.8
4,7.0,0.8200000000000001
4,7.0,0.8400000000000001
4,7.0,0.8600000000000001
4,7.0,0.8800000000000001
4,7.0,0.9000000000000001
4,7.0,0.9199999999999999
4,7.5,-1.0
4,7.5,-0.98
4,7.5,-0.96
4,7.5,-0.94
4,7.5,-0.92
4,7.5,-0.9
4,7.5,-0.88
4,7.5,-0.86
4,7.5,-0.84
4,7.5,-0.8200000000000001
4,7.5,-0.8
4,7.5,-0.78
4,7.5,-0.76
4,7.5,-0.74
4,7.5,-0.72
4,7.5,-0.7
4,7.5,-0.6799999999999999
4,7.5,-0.6599999999999999
4,7.5,-0.64
4,7.5,-0.62
4,7.5,-0.6
4,7.5,-0.5800000000000001
4,7.5,-0.56
4,7.5,-0.54
4,7.5,-0.52
4,7.5,-0.5
4,7.5,-0.48
4,7.5,-0.45999999999999996
4,7.5,-0.43999999999999995
4,7.5,-0.42000000000000004
4,7.5,-0.4
4,7.5,-0.38
4,7.5,-0.36
4,7.5,-0.33999999999999997
4,7.5,-0.31999999999999995
4,7.5,-0.29999999999999993
4,7.5,-0.28
4,7.5,-0.26
4,7.5,-0.24
4,7.5,-0.21999999999999997
4,7.5,-0.19999999999999996
4,7.5,-0.17999999999999994
4,7.5,-0.16000000000000003
4,7.5,-0.14
4,7.5,-0.12
4,7.5,-0.09999999999999998
4,7.5,-0.07999999999999996
4,7.5,-0.05999999999999994
4,7.5,-0.040000000000000036
4,7.5,-0.020000000000000018
4,7.5,0.0
4,7.5,0.020000000000000018
4,7.5,0.040000000000000036
4,7.5,0.06000000000000005
4,7.5,0.08000000000000007
4,7.5,0.10000000000000009
4,7.5,0.1200000000000001
4,7.5,0.14000000000000012
4,7.5,0.15999999999999992
4,7.5,0.17999999999999994
4,7.5,0.19999999999999996
4,7.5,0.21999999999999997
4,7.5,0.24
4,7.5,0.26
4,7.5,0.28
4,7.5,0.30000000000000004
4,7.5,0.32000000000000006
4,7.5,0.3400000000000001
4,7.5,0.3600000000000001
4,7.5,0.3800000000000001
4,7.5,0.40000000000000013
4,7.5,0.41999999999999993
4,7.5,0.43999999999999995
4,7.5,0.45999999999999996
4,7.5,0.48
4,7.5,0.5
4,7.5,0.52
4,7.5,0.54
4,7.5,0.56
4,7.5,0.5800000000000001
4,7.5,0.6000000000000001
4,7.5,0.6200000000000001
4,7.5,0.6400000000000001
4,7.5,0.6600000000000001
4,7.5,0.6799999999999999
4,7.5,0.7
4,7.5,0.72
4,7.5,0.74
4,7.5,0.76
4,7.5,0.78
4,7.5,0.8
4,7.5,0.8200000000000001
4,7.5,0.8400000000000001
4,7.5,0.8600000000000001
4,7.5,0.8800000000000001
4,7.5,0.9000000000000001
4,7.5,0.9199999999999999
4,7.5,0.94
4,7.5,0.96
4,8.0,-1.0
4,8.0,-0.98
4,8.0,-0.96
4,8.0,-0.94
4,8.0,-0.92
4,8.0,-0.9
4,8.0,-0.88
4,8.0,-0.86
4,8.0,-0.84
4,8.0,-0.8200000000000001
4,8.0,-0.8
4,8.0,-0.78
4,8.0,-0.76
4,8.0,-0.74
4,8.0,-0.72
4,8.0,-0.7
4,8.0,-0.6799999999999999
4,8.0,-0.6599999999999999
4,8.0,-0.64
4,8.0,-0.62
4,8.0,-0.6
4,8.0,-0.5800000000000001
4,8.0,-0.56
4,8.0,-0.54
4,8.0,-0.52
4,8.0,-0.5
4,8.0,-0.48
4,8.0,-0.45999999999999996
4,8.0,-0.43999999999999995
4,8.0,-0.42000000000000004
4,8.0,-0.4
4,8.0,-0.38
4,8.0,-0.36
4,8.0,-0.33999999999999997
4,8.0,-0.31999999999999995
4,8.0,-0.29999999999999993
4,8.0,-0.28
4,8.0,-0.26
4,8.0,-0.24
4,8.0,-0.21999999999999997
4,8.0,-0.19999999999999996
4,8.0,-0.17999999999999994
4,8.0,-0.16000000000000003
4,8.0,-0.14
4,8.0,-0.12
4,8.0,-0.09999999999999998
4,8.0,-0.07999999999999996
4,8.0,-0.05999999999999994
4,8.0,-0.040000000000000036
4,8.0,-0.020000000000000018
4,8.0,0.0
4,8.0,0.020000000000000018
4,8.0,0.040000000000000036
4,8.0,0.06000000000000005
4,8.0,0.08000000000000007
4,8.0,0.10000000000000009
4,8.0,0.1200000000000001
4,8.0,0.14000000000000012
4,8.0,0.15999999999999992
4,8.0,0.17999999999999994
4,8.0,0.19999999999999996
4,8.0,0.21999999999999997
4,8.0,0.24
4,8.0,0.26
4,8.0,0.28
4,8.0,0.30000000000000004
4,8.0,0.32000000000000006
4,8.0,0.3400000000000001
4,8.0,0.3600000000000001
4,8.0,0.3800000000000001
4,8.0,0.40000000000000013
4,8.0,0.41999999999999993
4,8.0,0.43999999999999995
4,8.0,0.45999999999999996
4,8.0,0.48
4,8.0,0.5
4,8.0,0.52
4,8.0,0.54
4,8.0,0.56
4,8.0,0.5800000000000001
4,8.0,0.6000000000000001
4,8.0,0.6200000000000001
4,8.0,0.6400000000000001
4,8.0,0.6600000000000001
4,8.0,0.6799999999999999
4,8.0,0.7
4,8.0,0.72
4,8.0,0.74
4,8.0,0.76
4,8.0,0.78
4,8.0,0.8
4,8.0,0.8200000000000001
4,8.0,0.8400000000000001
4,8.0,0.8600000000000001
4,8.0,0.8800000000000001
4,8.0,0.9000000000000001
4,8.0,0.9199999999999999
4,8.0,0.94
4,8.0,0.96
4,8.0,0.98
4,8.5,-1.0
4,8.5,-0.98
4,8.5,-0.96
4,8.5,-0.94
4,8.5,-0.92
4,8.5,-0.9
4,8.5,-0.88
4,8.5,-0.86
4,8.5,-0.84
4,8.5,-0.8200000000000001
4,8.5,-0.8
4,8.5,-0.78
4,8.5,-0.76
4,8.5,-0.74
4,8.5,-0.72
4,8.5,-0.7
4,8.5,-0.6799999999999999
4,8.5,-0.6599999999999999
4,8.5,-0.64
4,8.5,-0.62
4,8.5,-0.6
4,8.5,-0.5800000000000001
4,8.5,-0.56
4,8.5,-0.54
4,8.5,-0.52
4,8.5,-0.5
4,8.5,-0.48
4,8.5,-0.45999999999999996
4,8.5,-0.43999999999999995
4,8.5,-0.42000000000000004
4,8.5,-0.4
4,8.5,-0.38
4,8.5,-0.36
4,8.5,-0.33999999999999997
4,8.5,-0.31999999999999995
4,8.5,-0.29999999999999993
4,8.5,-0.28
4,8.5,-0.26
4,8.5,-0.24
4,8.5,-0.21999999999999997
4,8.5,-0.19999999999999996
4,8.5,-0.17999999999999994
4,8.5,-0.16000000000000003
4,8.5,-0.14
4,8.5,-0.12
4,8.5,-0.09999999999999998
4,8.5,-0.07999999999999996
4,8.5,-0.05999999999999994
4,8.5,-0.040000000000000036
4,8.5,-0.020000000000000018
4,8.5,0.0
4,8.5,0.020000000000000018
4,8.5,0.040000000000000036
4,8.5,0.06000000000000005
4,8.5,0.08000000000000007
4,8.5,0.10000000000000009
4,8.5,0.1200000000000001
4,8.5,0.14000000000000012
4,8.5,0.15999999999999992
4,8.5,0.17999999999999994
4,8.5,0.19999999999999996
4,8.5,0.21999999999999997
4,8.5,0.24
4,8.5,0.26
4,8.5,0.28
4,8.5,0.30000000000000004
4,8.5,0.32000000000000006
4,8.5,0.3400000000000001
4,8.5,0.3600000000000001
4,8.5,0.3800000000000001
4,8.5,0.40000000000000013
4,8.5,0.41999999999999993
4,8.5,0.43999999999999995
4,8.5,0.45999999999999996
4,8.5,0.48
4,8.5,0.5
4,8.5,0.52
4,8.5,0.54
4,8.5,0.56
4,8.5,0.5800000000000001
4,8.5,0.6000000000000001
4,8.5,0.6200000000000001
4,8.5,0.6400000000000001
4,8.5,0.6600000000000001
4,8.5,0.6799999999999999
4,8.5,0.7
4,8.5,0.72
4,8.5,0.74
4,8.5,0.76
4,8.5,0.78
4,8.5,0.8
4,8.5,0.8200000000000001
4,8.5,0.8400000000000001
4,8.5,0.8600000000000001
4,8.5,0.8800000000000001
4,8.5,0.9000000000000001
4,8.5,0.9199999999999999
4,8.5,0.94
4,8.5,0.96
4,8.5,0.98
4,8.5,1.0
4,9.0,-1.0
4,9.0,-0.98
4,9.0,-0.96
4,9.0,-0.94
4,9.0,-0.92
4,9.0,-0.9
4,9.0,-0.88
4,9.0,-0.86
4,9.0,-0.84
4,9.0,-0.8200000000000001
4,9.0,-0.8
4,9.0,-0.78
4,9.0,-0.76
4,9.0,-0.74
4,9.0,-0.72
4,9.0,-0.7
4,9.0,-0.6799999999999999
4,9.0,-0.6599999999999999
4,9.0,-0.64
4,9.0,-0.62
4,9.0,-0.6
4,9.0,-0.5800000000000001
4,9.0,-0.56
4,9.0,-0.54
4,9.0,-0.52
4,9.0,-0.5
4,9.0,-0.48
4,9.0,-0.45999999999999996
4,9.0,-0.43999999999999995
4,9.0,-0.42000000000000004
4,9.0,-0.4
4,9.0,-0.38
4,9.0,-0.36
4,9.0,-0.33999999999999997
4,9.0,-0.31999999999999995
4,9.0,-0.29999999999999993
4,9.0,-0.28
4,9.0,-0.26
4,9.0,-0.24
4,9.0,-0.21999999999999997
4,9.0,-0.19999999999999996
4,9.0,-0.17999999999999994
4,9.0,-0.16000000000000003
4,9.0,-0.14
4,9.0,-0.12
4,9.0,-0.09999999999999998
4,9.0,-0.07999999999999996
4,9.0,-0.05999999999999994
4,9.0,-0.040000000000000036
4,9.0,-0.020000000000000018
4,9.0,0.0
4,9.0,0.020000000000000018
4,9.0,0.040000000000000036
4,9.0,0.06000000000000005
4,9.0,0.08000000000000007
4,9.0,0.10000000000000009
4,9.0,0.1200000000000001
4,9.0,0.14000000000000012
4,9.0,0.15999999999999992
4,9.0,0.17999999999999994
4,9.0,0.19999999999999996
4,9.0,0.21999999999999997
4,9.0,0.24
4,9.0,0.26
4,9.0,0.28
4,9.0,0.30000000000000004
4,9.0,0.32000000000000006
4,9.0,0.3400000000000001
4,9.0,0.3600000000000001
4,9.0,0.3800000000000001
4,9.0,0.40000000000000013
4,9.0,0.41999999999999993
4,9.0,0.43999999999999995
4,9.0,0.45999999999999996
4,9.0,0.48
4,9.0,0.5
4,9.0,0.52
4,9.0,0.54
4,9.0,0.56
4,9.0,0.5800000000000001
4,9.0,0.6000000000000001
4,9.0,0.6200000000000001
4,9.0,0.6400000000000001
4,9.0,0.6600000000000001
4,9.0,0.6799999999999999
4,9.0,0.7
4,9.0,0.72
4,9.0,0.74
4,9.0,0.76
4,9.0,0.78
4,9.0,0.8
4,9.0,0.8200000000000001
4,9.0,0.8400000000000001
4,9.0,0.8600000000000001
4,9.0,0.8800000000000001
4,9.0,0.9000000000000001
4,9.0,0.9199999999999999
4,9.0,0.94
4,9.0,0.96
4,9.0,0.98
4,9.0,1.0
4,9.5,-1.0
4,9.5,-0.98
4,9.5,-0.96
4,9.5,-0.94
4,9.5,-0.92
4,9.5,-0.9
4,9.5,-0.88
4,9.5,-0.86
4,9.5,-0.84
4,9.5,-0.8200000000000001
4,9.5,-0.8
4,9.5,-0.78
4,9.5,-0.76
4,9.5,-0.74
4,9.5,-0.72
4,9.5,-0.7
4,9.5,-0.6799999999999999
4,9.5,-0.6599999999999999
4,9.5,-0.64
4,9.5,-0.62
4,9.5,-0.6
4,9.5,-0.5800000000000001
4,9.5,-0.56
4,9.5,-0.54
4,9.5,-0.52
4,9.5,-0.5
4,9.5,-0.48
4,9.5,-0.45999999999999996
4,9.5,-0.43999999999999995
4,9.5,-0.42000000000000004
4,9.5,-0.4
4,9.5,-0.38
4,9.5,-0.36
4,9.5,-0.33999999999999997
4,9.5,-0.31999999999999995
4,9.5,-0.29999999999999993
4,9.5,-0.28
4,9.5,-0.26
4,9.5,-0.24
4,9.5,-0.21999999999999997
4,9.5,-0.19999999999999996
4,9.5,-0.17999999999999994
4,9.5,-0.16000000000000003
4,9.5,-0.14
4,9.5,-0.12
4,9.5,-0.09999999999999998
4,9.5,-0.07999999999999996
4,9.5,-0.05999999999999994
4,9.5,-0.040000000000000036
4,9.5,-0.020000000000000018
4,9.5,0.0
4,9.5,0.020000000000000018
4,9.5,0.040000000000000036
4,9.5,0.06000000000000005
4,9.5,0.08000000000000007
4,9.5,0.10000000000000009
4,9.5,0.1200000000000001
4,9.5,0.14000000000000012
4,9.5,0.15999999999999992
4,9.5,0.17999999999999994
4,9.5,0.19999999999999996
4,9.5,0.21999999999999997
4,9.5,0.24
4,9.5,0.26
4,9.5,0.28
4,9.5,0.30000000000000004
4,9.5,0.32000000000000006
4,9.5,0.3400000000000001
4,9.5,0.3600000000000001
4,9.5,0.3800000000000001
4,9.5,0.40000000000000013
4,9.5,0.41999999999999993
4,9.5,0.43999999999999995
4,9.5,0.45999999999999996
4,9.5,0.48
4,9.5,0.5
4,9.5,0.52
4,9.5,0.54
4,9.5,0.56
4,9.5,0.5800000000000001
4,9.5,0.6000000000000001
4,9.5,0.6200000000000001
4,9.5,0.6400000000000001
4,9.5,0.6600000000000001
4,9.5,0.6799999999999999
4,9.5,0.7
4,9.5,0.72
4,9.5,0.74
4,9.5,0.76
4,9.5,0.78
4,9.5,0.8
4,9.5,0.8200000000000001
4,9.5,0.8400000000000001
4,9.5,0.8600000000000001
4,9.5,0.8800000000000001
4,9.5,0.9000000000000001
4,9.5,0.9199999999999999
4,9.5,0.94
4,9.5,0.96
4,9.5,0.98
4,9.5,1.0
4,10.0,-1.0
4,10.0,-0.98
4,10.0,-0.96
4,10.0,-0.94
4,10.0,-0.92
4,10.0,-0.9
4,10.0,-0.88
4,10.0,-0.86
4,10.0,-0.84
4,10.0,-0.8200000000000001
4,10.0,-0.8
4,10.0,-0.78
4,10.0,-0.76
4,10.0,-0.74
4,10.0,-0.72
4,10.0,-0.7
4,10.0,-0.6799999999999999
4,10.0,-0.6599999999999999
4,10.0,-0.64
4,10.0,-0.62
4,10.0,-0.6
4,10.0,-0.5800000000000001
4,10.0,-0.56
4,10.0,-0.54
4,10.0,-0.52
4,10.0,-0.5
4,10.0,-0.48
4,10.0,-0.45999999999999996
4,10.0,-0.43999999999999995
4,10.0,-0.42000000000000004
4,10.0,-0.4
4,10.0,-0.38
4,10.0,-0.36
4,10.0,-0.33999999999999997
4,10.0,-0.31999999999999995
4,10.0,-0.29999999999999993
4,10.0,-0.28
4,10.0,-0.26
4,10.0,-0.24
4,10.0,-0.21999999999999997
4,10.0,-0.19999999999999996
4,10.0,-0.17999999999999994
4,10.0,-0.16000000000000003
4,10.0,-0.14
4,10.0,-0.12
4,10.0,-0.09999999999999998
4,10.0,-0.07999999999999996
4,10.0,-0.05999999999999994
4,10.0,-0.040000000000000036
4,10.0,-0.020000000000000018
4,10.0,0.0
4,10.0,0.020000000000000018
4,10.0,0.040000000000000036
4,10.0,0.06000000000000005
4,10.0,0.08000000000000007
4,10.0,0.10000000000000009
4,10.0,0.1200000000000001
4,10.0,0.14000000000000012
4,10.0,0.15999999999999992
4,10.0,0.17999999999999994
4,10.0,0.19999999999999996
4,10.0,0.21999999999999997
4,10.0,0.24
4,10.0,0.26
4,10.0,0.28
4,10.0,0.30000000000000004
4,10.0,0.32000000000000006
4,10.0,0.3400000000000001
4,10.0,0.3600000000000001
4,10.0,0.3800000000000001
4,10.0,0.40000000000000013
4,10.0,0.41999999999999993
4,10.0,0.43999999999999995
4,10.0,0.45999999999999996
4,10.0,0.48
4,10.0,0.5
4,10.0,0.52
4,10.0,0.54
4,10.0,0.56
4,10.0,0.5800000000000001
4,10.0,0.6000000000000001
4,10.0,0.6200000000000001
4,10.0,0.6400000000000001
4,10.0,0.6600000000000001
4,10.0,0.6799999999999999
4,10.0,0.7
4,10.0,0.72
4,10.0,0.74
4,10.0,0.76
4,10.0,0.78
4,10.0,0.8
4,10.0,0.8200000000000001
4,10.0,0.8400000000000001
4,10.0,0.8600000000000001
4,10.0,0.8800000000000001
4,10.0,0.9000000000000001
4,10.0,0.9199999999999999
4,10.0,0.94
4,10.0,0.96
4,10.0,0.98
4,10.0,1.0
4,10.5,-1.0
4,10.5,-0.98
4,10.5,-0.96
4,10.5,-0.94
4,10.5,-0.92
4,10.5,-0.9
4,10.5,-0.88
4,10.5,-0.86
4,10.5,-0.84
4,10.5,-0.8200000000000001
4,10.5,-0.8
4,10.5,-0.78
4,10.5,-0.76
4,10.5,-0.74
4,10.5,-0.72
4,10.5,-0.7
4,10.5,-0.6799999999999999
4,10.5,-0.6599999999999999
4,10.5,-0.64
4,10.5,-0.62
4,10.5,-0.6
4,10.5,-0.5800000000000001
4,10.5,-0.56
4,10.5,-0.54
4,10.5,-0.52
4,10.5,-0.5
4,10.5,-0.48
4,10.5,-0.45999999999999996
4,10.5,-0.43999999999999995
4,10.5,-0.42000000000000004
4,10.5,-0.4
4,10.5,-0.38
4,10.5,-0.36
4,10.5,-0.33999999999999997
4,10.5,-0.31999999999999995
4,10.5,-0.29999999999999993
4,10.5,-0.28
4,10.5,-0.26
4,10.5,-0.24
4,10.5,-0.21999999999999997
4,10.5,-0.19999999999999996
4,10.5,-0.17999999999999994
4,10.5,-0.16000000000000003
4,10.5,-0.14
4,10.5,-0.12
4,10.5,-0.09999999999999998
4,10.5,-0.07999999999999996
4,10.5,-0.05999999999999994
4,10.5,-0.040000000000000036
4,10.5,-0.020000000000000018
4,10.5,0.0
4,10.5,0.020000000000000018
4,10.5,0.040000000000000036
4,10.5,0.06000000000000005
4,10.5,0.08000000000000007
4,10.5,0.10000000000000009
4,10.5,0.1200000000000001
4,10.5,0.14000000000000012
4,10.5,0.15999999999999992
4,10.5,0.17999999999999994
4,10.5,0.19999999999999996
4,10.5,0.21999999999999997
4,10.5,0.24
4,10.5,0.26
4,10.5,0.28
4,10.5,0.30000000000000004
4,10.5,0.32000000000000006
4,10.5,0.3400000000000001
4,10.5,0.3600000000000001
4,10.5,0.3800000000000001
4,10.5,0.40000000000000013
4,10.5,0.41999999999999993
4,10.5,0.43999999999999995
4,10.5,0.45999999999999996
4,10.5,0.48
4,10.5,0.5
4,10.5,0.52
4,10.5,0.54
4,10.5,0.56
4,10.5,0.5800000000000001
4,10.5,0.6000000000000001
4,10.5,0.6200000000000001
4,10.5,0.6400000000000001
4,10.5,0.6600000000000001
4,10.5,0.6799999999999999
4,10.5,0.7
4,10.5,0.72
4,10.5,0.74
4,10.5,0.76
4,10.5,0.78
4,10.5,0.8
4,10.5,0.8200000000000001
4,10.5,0.8400000000000001
4,10.5,0.8600000000000001
4,10.5,0.8800000000000001
4,10.5,0.9000000000000001
4,10.5,0.9199999999999999
4,10.5,0.94
4,10.5,0.96
4,10.5,0.98
4,10.5,1.0
4,11.0,-1.0
4,11.0,-0.98
4,11.0,-0.96
4,11.0,-0.94
4,11.0,-0.92
4,11.0,-0.9
4,11.0,-0.88
4,11.0,-0.86
4,11.0,-0.84
4,11.0,-0.8200000000000001
4,11.0,-0.8
4,11.0,-0.78
4,11.0,-0.76
4,11.0,-0.74
4,11.0,-0.72
4,11.0,-0.7
4,11.0,-0.6799999999999999
4,11.0,-0.6599999999999999
4,11.0,-0.64
4,11.0,-0.62
4,11.0,-0.6
4,11.0,-0.5800000000000001
4,11.0,-0.56
4,11.0,-0.54
4,11.0,-0.52
4,11.0,-0.5
4,11.0,-0.48
4,11.0,-0.45999999999999996
4,11.0,-0.43999999999999995
4,11.0,-0.42000000000000004
4,11.0,-0.4
4,11.0,-0.38
4,11.0,-0.36
4,11.0,-0.33999999999999997
4,11.0,-0.31999999999999995
4,11.0,-0.29999999999999993
4,11.0,-0.28
4,11.0,-0.26
4,11.0,-0.24
4,11.0,-0.21999999999999997
4,11.0,-0.19999999999999996
4,11.0,-0.17999999999999994
4,11.0,-0.16000000000000003
4,11.0,-0.14
4,11.0,-0.12
4,11.0,-0.09999999999999998
4,11.0,-0.07999999999999996
4,11.0,-0.05999999999999994
4,11.0,-0.040000000000000036
4,11.0,-0.020000000000000018
4,11.0,0.0
4,11.0,0.020000000000000018
4,11.0,0.040000000000000036
4,11.0,0.06000000000000005
4,11.0,0.08000000000000007
4,11.0,0.10000000000000009
4,11.0,0.1200000000000001
4,11.0,0.14000000000000012
4,11.0,0.15999999999999992
4,11.0,0.17999999999999994
4,11.0,0.19999999999999996
4,11.0,0.21999999999999997
4,11.0,0.24
4,11.0,0.26
4,11.0,0.28
4,11.0,0.30000000000000004
4,11.0,0.32000000000000006
4,11.0,0.3400000000000001
4,11.0,0.3600000000000001
4,11.0,0.3800000000000001
4,11.0,0.40000000000000013
4,11.0,0.41999999999999993
4,11.0,0.43999999999999995
4,11.0,0.45999999999999996
4,11.0,0.48
4,11.0,0.5
4,11.0,0.52
4,11.0,0.54
4,11.0,0.56
4,11.0,0.5800000000000001
4,11.0,0.6000000000000001
4,11.0,0.6200000000000001
4,11.0,0.6400000000000001
4,11.0,0.6600000000000001
4,11.0,0.6799999999999999
4,11.0,0.7
4,11.0,0.72
4,11.0,0.74
4,11.0,0.76
4,11.0,0.78
4,11.0,0.8
4,11.0,0.8200000000000001
4,11.0,0.8400000000000001
4,11.0,0.8600000000000001
4,11.0,0.8800000000000001
4,11.0,0.9000000000000001
4,11.0,0.9199999999999999
4,11.0,0.94
4,11.0,0.96
4,11.0,0.98
4,11.0,1.0
4,11.5,-1.0
4,11.5,-0.98
4,11.5,-0.96
4,11.5,-0.94
4,11.5,-0.92
4,11.5,-0.9
4,11.5,-0.88
4,11.5,-0.86
4,11.5,-0.84
4,11.5,-0.8200000000000001
4,11.5,-0.8
4,11.5,-0.78
4,11.5,-0.76
4,11.5,-0.74
4,11.5,-0.72
4,11.5,-0.7
4,11.5,-0.6799999999999999
4,11.5,-0.6599999999999999
4,11.5,-0.64
4,11.5,-0.62
4,11.5,-0.6
4,11.5,-0.5800000000000001
4,11.5,-0.56
4,11.5,-0.54
4,11.5,-0.52
4,11.5,-0.5
4,11.5,-0.48
4,11.5,-0.45999999999999996
4,11.5,-0.43999999999999995
4,11.5,-0.42000000000000004
4,11.5,-0.4
4,11.5,-0.38
4,11.5,-0.36
4,11.5,-0.33999999999999997
4,11.5,-0.31999999999999995
4,11.5,-0.29999999999999993
4,11.5,-0.28
4,11.5,-0.26
4,11.5,-0.24
4,11.5,-0.21999999999999997
4,11.5,-0.19999999999999996
4,11.5,-0.17999999999999994
4,11.5,-0.16000000000000003
4,11.5,-0.14
4,11.5,-0.12
4,11.5,-0.09999999999999998
4,11.5,-0.07999999999999996
4,11.5,-0.05999999999999994
4,11.5,-0.040000000000000036
4,11.5,-0.020000000000000018
4,11.5,0.0
4,11.5,0.020000000000000018
4,11.5,0.040000000000000036
4,11.5,0.06000000000000005
4,11.5,0.08000000000000007
4,11.5,0.10000000000000009
4,11.5,0.1200000000000001
4,11.5,0.14000000000000012
4,11.5,0.15999999999999992
4,11.5,0.17999999999999994
4,11.5,0.19999999999999996
4,11.5,0.21999999999999997
4,11.5,0.24
4,11.5,0.26
4,11.5,0.28
4,11.5,0.30000000000000004
4,11.5,0.32000000000000006
4,11.5,0.3400000000000001
4,11.5,0.3600000000000001
4,11.5,0.3800000000000001
4,11.5,0.40000000000000013
4,11.5,0.41999999999999993
4,11.5,0.43999999999999995
4,11.5,0.45999999999999996
4,11.5,0.48
4,11.5,0.5
4,11.5,0.52
4,11.5,0.54
4,11.5,0.56
4,11.5,0.5800000000000001
4,11.5,0.6000000000000001
4,11.5,0.6200000000000001
4,11.5,0.6400000000000001
4,11.5,0.6600000000000001
4,11.5,0.6799999999999999
4,11.5,0.7
4,11.5,0.72
4,11.5,0.74
4,11.5,0.76
4,11.5,0.78
4,11.5,0.8
4,11.5,0.8200000000000001
4,11.5,0.8400000000000001
4,11.5,0.8600000000000001
4,11.5,0.8800000000000001
4,11.5,0.9000000000000001
4,11.5,0.9199999999999999
4,11.5,0.94
4,11.5,0.96
4,11.5,0.98
4,11.5,1.0
4,12.0,-1.0
4,12.0,-0.98
4,12.0,-0.96
4,12.0,-0.94
4,12.0,-0.92
4,12.0,-0.9
4,12.0,-0.88
4,12.0,-0.86
4,12.0,-0.84
4,12.0,-0.8200000000000001
4,12.0,-0.8
4,12.0,-0.78
4,12.0,-0.76
4,12.0,-0.74
4,12.0,-0.72
4,12.0,-0.7
4,12.0,-0.6799999999999999
4,12.0,-0.6599999999999999
4,12.0,-0.64
4,12.0,-0.62
4,12.0,-0.6
4,12.0,-0.5800000000000001
4,12.0,-0.56
4,12.0,-0.54
4,12.0,-0.52
4,12.0,-0.5
4,12.0,-0.48
4,12.0,-0.45999999999999996
4,12.0,-0.43999999999999995
4,12.0,-0.42000000000000004
4,12.0,-0.4
4,12.0,-0.38
4,12.0,-0.36
4,12.0,-0.33999999999999997
4,12.0,-0.31999999999999995
4,12.0,-0.29999999999999993
4,12.0,-0.28
4,12.0,-0.26
4,12.0,-0.24
4,12.0,-0.21999999999999997
4,12.0,-0.19999999999999996
4,12.0,-0.17999999999999994
4,12.0,-0.16000000000000003
4,12.0,-0.14
4,12.0,-0.12
4,12.0,-0.09999999999999998
4,12.0,-0.07999999999999996
4,12.0,-0.05999999999999994
4,12.0,-0.040000000000000036
4,12.0,-0.020000000000000018
4,12.0,0.0
4,12.0,0.020000000000000018
4,12.0,0.040000000000000036
4,12.0,0.06000000000000005
4,12.0,0.08000000000000007
4,12.0,0.10000000000000009
4,12.0,0.1200000000000001
4,12.0,0.14000000000000012
4,12.0,0.15999999999999992
4,12.0,0.17999999999999994
4,12.0,0.19999999999999996
4,12.0,0.21999999999999997
4,12.0,0.24
4,12.0,0.26
4,12.0,0.28
4,12.0,0.30000000000000004
4,12.0,0.32000000000000006
4,12.0,0.3400000000000001
4,12.0,0.3600000000000001
4,12.0,0.3800000000000001
4,12.0,0.40000000000000013
4,12.0,0.41999999999999993
4,12.0,0.43999999999999995
4,12.0,0.45999999999999996
4,12.0,0.48
4,12.0,0.5
4,12.0,0.52
4,12.0,0.54
4,12.0,0.56
4,12.0,0.5800000000000001
4,12.0,0.6000000000000001
4,12.0,0.6200000000000001
4,12.0,0.6400000000000001
4,12.0,0.6600000000000001
4,12.0,0.6799999999999999
4,12.0,0.7
4,12.0,0.72
4,12.0,0.74
4,12.0,0.76
4,12.0,0.78
4,12.0,0.8
4,12.0,0.8200000000000001
4,12.0,0.8400000000000001
4,12.0,0.8600000000000001
4,12.0,0.8800000000000001
4,12.0,0.9000000000000001
4,12.0,0.9199999999999999
4,12.0,0.94
4,12.0,0.96
4,12.0,0.98
4,12.0,1.0
4,12.5,-1.0
4,12.5,-0.98
4,12.5,-0.96
4,12.5,-0.94
4,12.5,-0.92
4,12.5,-0.9
4,12.5,-0.88
4,12.5,-0.86
4,12.5,-0.84
4,12.5,-0.8200000000000001
4,12.5,-0.8
4,12.5,-0.78
4,12.5,-0.76
4,12.5,-0.74
4,12.5,-0.72
4,12.5,-0.7
4,12.5,-0.6799999999999999
4,12.5,-0.6599999999999999
4,12.5,-0.64
4,12.5,-0.62
4,12.5,-0.6
4,12.5,-0.5800000000000001
4,12.5,-0.56
4,12.5,-0.54
4,12.5,-0.52
4,12.5,-0.5
4,12.5,-0.48
4,12.5,-0.45999999999999996
4,12.5,-0.43999999999999995
4,12.5,-0.42000000000000004
4,12.5,-0.4
4,12.5,-0.38
4,12.5,-0.36
4,12.5,-0.33999999999999997
4,12.5,-0.31999999999999995
4,12.5,-0.29999999999999993
4,12.5,-0.28
4,12.5,-0.26
4,12.5,-0.24
4,12.5,-0.21999999999999997
4,12.5,-0.19999999999999996
4,12.5,-0.17999999999999994
4,12.5,-0.16000000000000003
4,12.5,-0.14
4,12.5,-0.12
4,12.5,-0.09999999999999998
4,12.5,-0.07999999999999996
4,12.5,-0.05999999999999994
4,12.5,-0.040000000000000036
4,12.5,-0.020000000000000018
4,12.5,0.0
4,12.5,0.020000000000000018
4,12.5,0.040000000000000036
4,12.5,0.06000000000000005
4,12.5,0.08000000000000007
4,12.5,0.10000000000000009
4,12.5,0.1200000000000001
4,12.5,0.14000000000000012
4,12.5,0.15999999999999992
4,12.5,0.17999999999999994
4,12.5,0.19999999999999996
4,12.5,0.21999999999999997
4,12.5,0.24
4,12.5,0.26
4,12.5,0.28
4,12.5,0.30000000000000004
4,12.5,0.32000000000000006
4,12.5,0.3400000000000001
4,12.5,0.3600000000000001
4,12.5,0.3800000000000001
4,12.5,0.40000000000000013
4,12.5,0.41999999999999993
4,12.5,0.43999999999999995
4,12.5,0.45999999999999996
4,12.5,0.48
4,12.5,0.5
4,12.5,0.52
4,12.5,0.54
4,12.5,0.56
4,12.5,0.5800000000000001
4,12.5,0.6000000000000001
4,12.5,0.6200000000000001
4,12.5,0.6400000000000001
4,12.5,0.6600000000000001
4,12.5,0.6799999999999999
4,12.5,0.7
4,12.5,0.72
4,12.5,0.74
4,12.5,0.76
4,12.5,0.78
4,12.5,0.8
4,12.5,0.8200000000000001
4,12.5,0.8400000000000001
4,12.5,0.8600000000000001
4,12.5,0.8800000000000001
4,12.5,0.9000000000000001
4,12.5,0.9199999999999999
4,12.5,0.94
4,12.5,0.96
4,12.5,0.98
4,12.5,1.0
4,13.0,-1.0
4,13.0,-0.98
4,13.0,-0.96
4,13.0,-0.94
4,13.0,-0.92
4,13.0,-0.9
4,13.0,-0.88
4,13.0,-0.86
4,13.0,-0.84
4,13.0,-0.8200000000000001
4,13.0,-0.8
4,13.0,-0.78
4,13.0,-0.76
4,13.0,-0.74
4,13.0,-0.72
4,13.0,-0.7
4,13.0,-0.6799999999999999
4,13.0,-0.6599999999999999
4,13.0,-0.64
4,13.0,-0.62
4,13.0,-0.6
4,13.0,-0.5800000000000001
4,13.0,-0.56
4,13.0,-0.54
4,13.0,-0.52
4,13.0,-0.5
4,13.0,-0.48
4,13.0,-0.45999999999999996
4,13.0,-0.43999999999999995
4,13.0,-0.42000000000000004
4,13.0,-0.4
4,13.0,-0.38
4,13.0,-0.36
4,13.0,-0.33999999999999997
4,13.0,-0.31999999999999995
4,13.0,-0.29999999999999993
4,13.0,-0.28
4,13.0,-0.26
4,13.0,-0.24
4,13.0,-0.21999999999999997
4,13.0,-0.19999999999999996
4,13.0,-0.17999999999999994
4,13.0,-0.16000000000000003
4,13.0,-0.14
4,13.0,-0.12
4,13.0,-0.09999999999999998
4,13.0,-0.07999999999999996
4,13.0,-0.05999999999999994
4,13.0,-0.040000000000000036
4,13.0,-0.020000000000000018
4,13.0,0.0
4,13.0,0.020000000000000018
4,13.0,0.040000000000000036
4,13.0,0.06000000000000005
4,13.0,0.08000000000000007
4,13.0,0.10000000000000009
4,13.0,0.1200000000000001
4,13.0,0.14000000000000012
4,13.0,0.15999999999999992
4,13.0,0.17999999999999994
4,13.0,0.19999999999999996
4,13.0,0.21999999999999997
4,13.0,0.24
4,13.0,0.26
4,13.0,0.28
4,13.0,0.30000000000000004
4,13.0,0.32000000000000006
4,13.0,0.3400000000000001
4,13.0,0.3600000000000001
4,13.0,0.3800000000000001
4,13.0,0.40000000000000013
4,13.0,0.41999999999999993
4,13.0,0.43999999999999995
4,13.0,0.45999999999999996
4,13.0,0.48
4,13.0,0.5
4,13.0,0.52
4,13.0,0.54
4,13.0,0.56
4,13.0,0.5800000000000001
4,13.0,0.6000000000000001
4,13.0,0.6200000000000001
4,13.0,0.6400000000000001
4,13.0,0.6600000000000001
4,13.0,0.6799999999999999
4,13.0,0.7
4,13.0,0.72
4,13.0,0.74
4,13.0,0.76
4,13.0,0.78
4,13.0,0.8
4,13.0,0.8200000000000001
4,13.0,0.8400000000000001
4,13.0,0.8600000000000001
4,13.0,0.8800000000000001
4,13.0,0.9000000000000001
4,13.0,0.9199999999999999
4,13.0,0.94
4,13.0,0.96
4,13.0,0.98
4,13.0,1.0
4,13.5,-1.0
4,13.5,-0.98
4,13.5,-0.96
4,13.5,-0.94
4,13.5,-0.92
4,13.5,-0.9
4,13.5,-0.88
4,13.5,-0.86
4,13.5,-0.84
4,13.5,-0.8200000000000001
4,13.5,-0.8
4,13.5,-0.78
4,13.5,-0.76
4,13.5,-0.74
4,13.5,-0.72
4,13.5,-0.7
4,13.5,-0.6799999999999999
4,13.5,-0.6599999999999999
4,13.5,-0.64
4,13.5,-0.62
4,13.5,-0.6
4,13.5,-0.5800000000000001
4,13.5,-0.56
4,13.5,-0.54
4,13.5,-0.52
4,13.5,-0.5
4,13.5,-0.48
4,13.5,-0.45999999999999996
4,13.5,-0.43999999999999995
4,13.5,-0.42000000000000004
4,13.5,-0.4
4,13.5,-0.38
4,13.5,-0.36
4,13.5,-0.33999999999999997
4,13.5,-0.31999999999999995
4,13.5,-0.29999999999999993
4,13.5,-0.28
4,13.5,-0.26
4,13.5,-0.24
4,13.5,-0.21999999999999997
4,13.5,-0.19999999999999996
4,13.5,-0.17999999999999994
4,13.5,-0.16000000000000003
4,13.5,-0.14
4,13.5,-0.12
4,13.5,-0.09999999999999998
4,13.5,-0.07999999999999996
4,13.5,-0.05999999999999994
4,13.5,-0.040000000000000036
4,13.5,-0.020000000000000018
4,13.5,0.0
4,13.5,0.020000000000000018
4,13.5,0.040000000000000036
4,13.5,0.06000000000000005
4,13.5,0.08000000000000007
4,13.5,0.10000000000000009
4,13.5,0.1200000000000001
4,13.5,0.14000000000000012
4,13.5,0.15999999999999992
4,13.5,0.17999999999999994
4,13.5,0.19999999999999996
4,13.5,0.21999999999999997
4,13.5,0.24
4,13.5,0.26
4,13.5,0.28
4,13.5,0.30000000000000004
4,13.5,0.32000000000000006
4,13.5,0.3400000000000001
4,13.5,0.3600000000000001
4,13.5,0.3800000000000001
4,13.5,0.40000000000000013
4,13.5,0.41999999999999993
4,13.5,0.43999999999999995
4,13.5,0.45999999999999996
4,13.5,0.48
4,13.5,0.5
4,13.5,0.52
4,13.5,0.54
4,13.5,0.56
4,13.5,0.5800000000000001
4,13.5,0.6000000000000001
4,13.5,0.6200000000000001
4,13.5,0.6400000000000001
4,13.5,0.6600000000000001
4,13.5,0.6799999999999999
4,13.5,0.7
4,13.5,0.72
4,13.5,0.74
4,13.5,0.76
4,13.5,0.78
4,13.5,0.8
4,13.5,0.8200000000000001
4,13.5,0.8400000000000001
4,13.5,0.8600000000000001
4,13.5,0.8800000000000001
4,13.5,0.9000000000000001
4,13.5,0.9199999999999999
4,13.5,0.94
4,13.5,0.96
4,13.5,0.98
4,13.5,1.0
4,14.0,-1.0
4,14.0,-0.98
4,14.0,-0.96
4,14.0,-0.94
4,14.0,-0.92
4,14.0,-0.9
4,14.0,-0.88
4,14.0,-0.86
4,14.0,-0.84
4,14.0,-0.8200000000000001
4,14.0,-0.8
4,14.0,-0.78
4,14.0,-0.76
4,14.0,-0.74
4,14.0,-0.72
4,14.0,-0.7
4,14.0,-0.6799999999999999
4,14.0,-0.6599999999999999
4,14.0,-0.64
4,14.0,-0.62
4,14.0,-0.6
4,14.0,-0.5800000000000001
4,14.0,-0.56
4,14.0,-0.54
4,14.0,-0.52
4,14.0,-0.5
4,14.0,-0.48
4,14.0,-0.45999999999999996
4,14.0,-0.43999999999999995
4,14.0,-0.42000000000000004
4,14.0,-0.4
4,14.0,-0.38
4,14.0,-0.36
4,14.0,-0.33999999999999997
4,14.0,-0.31999999999999995
4,14.0,-0.29999999999999993
4,14.0,-0.28
4,14.0,-0.26
4,14.0,-0.24
4,14.0,-0.21999999999999997
4,14.0,-0.19999999999999996
4,14.0,-0.17999999999999994
4,14.0,-0.16000000000000003
4,14.0,-0.14
4,14.0,-0.12
4,14.0,-0.09999999999999998
4,14.0,-0.07999999999999996
4,14.0,-0.05999999999999994
4,14.0,-0.040000000000000036
4,14.0,-0.020000000000000018
4,14.0,0.0
4,14.0,0.020000000000000018
4,14.0,0.040000000000000036
4,14.0,0.06000000000000005
4,14.0,0.08000000000000007
4,14.0,0.10000000000000009
4,14.0,0.1200000000000001
4,14.0,0.14000000000000012
4,14.0,0.15999999999999992
4,14.0,0.17999999999999994
4,14.0,0.19999999999999996
4,14.0,0.21999999999999997
4,14.0,0.24
4,14.0,0.26
4,14.0,0.28
4,14.0,0.30000000000000004
4,14.0,0.32000000000000006
4,14.0,0.3400000000000001
4,14.0,0.3600000000000001
4,14.0,0.3800000000000001
4,14.0,0.40000000000000013
4,14.0,0.41999999999999993
4,14.0,0.43999999999999995
4,14.0,0.45999999999999996
4,14.0,0.48
4,14.0,0.5
4,14.0,0.52
4,14.0,0.54
4,14.0,0.56
4,14.0,0.5800000000000001
4,14.0,0.6000000000000001
4,14.0,0.6200000000000001
4,14.0,0.6400000000000001
4,14.0,0.6600000000000001
4,14.0,0.6799999999999999
4,14.0,0.7
4,14.0,0.72
4,14.0,0.74
4,14.0,0.76
4,14.0,0.78
4,14.0,0.8
4,14.0,0.8200000000000001
4,14.0,0.8400000000000001
4,14.0,0.8600000000000001
4,14.0,0.8800000000000001
4,14.0,0.9000000000000001
4,14.0,0.9199999999999999
4,14.0,0.94
4,14.0,0.96
4,14.0,0.98
4,14.0,1.0
4,14.5,-1.0
4,14.5,-0.98
4,14.5,-0.96
4,14.5,-0.94
4,14.5,-0.92
4,14.5,-0.9
4,14.5,-0.88
4,14.5,-0.86
4,14.5,-0.84
4,14.5,-0.8200000000000001
4,14.5,-0.8
4,14.5,-0.78
4,14.5,-0.76
4,14.5,-0.74
4,14.5,-0.72
4,14.5,-0.7
4,14.5,-0.6799999999999999
4,14.5,-0.6599999999999999
4,14.5,-0.64
4,14.5,-0.62
4,14.5,-0.6
4,14.5,-0.5800000000000001
4,14.5,-0.56
4,14.5,-0.54
4,14.5,-0.52
4,14.5,-0.5
4,14.5,-0.48
4,14.5,-0.45999999999999996
4,14.5,-0.43999999999999995
4,14.5,-0.42000000000000004
4,14.5,-0.4
4,14.5,-0.38
4,14.5,-0.36
4,14.5,-0.33999999999999997
4,14.5,-0.31999999999999995
4,14.5,-0.29999999999999993
4,14.5,-0.28
4,14.5,-0.26
4,14.5,-0.24
4,14.5,-0.21999999999999997
4,14.5,-0.19999999999999996
4,14.5,-0.17999999999999994
4,14.5,-0.16000000000000003
4,14.5,-0.14
4,14.5,-0.12
4,14.5,-0.09999999999999998
4,14.5,-0.07999999999999996
4,14.5,-0.05999999999999994
4,14.5,-0.040000000000000036
4,14.5,-0.020000000000000018
4,14.5,0.0
4,14.5,0.020000000000000018
4,14.5,0.040000000000000036
4,14.5,0.06000000000000005
4,14.5,0.08000000000000007
4,14.5,0.10000000000000009
4,14.5,0.1200000000000001
4,14.5,0.14000000000000012
4,14.5,0.15999999999999992
4,14.5,0.17999999999999994
4,14.5,0.19999999999999996
4,14.5,0.21999999999999997
4,14.5,0.24
4,14.5,0.26
4,14.5,0.28
4,14.5,0.30000000000000004
4,14.5,0.32000000000000006
4,14.5,0.3400000000000001
4,14.5,0.3600000000000001
4,14.5,0.3800000000000001
4,14.5,0.40000000000000013
4,14.5,0.41999999999999993
4,14.5,0.43999999999999995
4,14.5,0.45999999999999996
4,14.5,0.48
4,14.5,0.5
4,14.5,0.52
4,14.5,0.54
4,14.5,0.56
4,14.5,0.5800000000000001
4,14.5,0.6000000000000001
4,14.5,0.6200000000000001
4,14.5,0.6400000000000001
4,14.5,0.6600000000000001
4,14.5,0.6799999999999999
4,14.5,0.7
4,14.5,0.72
4,14.5,0.74
4,14.5,0.76
4,14.5,0.78
4,14.5,0.8
4,14.5,0.8200000000000001
4,14.5,0.8400000000000001
4,14.5,0.8600000000000001
4,14.5,0.8800000000000001
4,14.5,0.9000000000000001
4,14.5,0.9199999999999999
4,14.5,0.94
4,14.5,0.96
4,14.5,0.98
4,14.5,1.0
4,15.0,-1.0
4,15.0,-0.98
4,15.0,-0.96
4,15.0,-0.94
4,15.0,-0.92
4,15.0,-0.9
4,15.0,-0.88
4,15.0,-0.86
4,15.0,-0.84
4,15.0,-0.8200000000000001
4,15.0,-0.8
4,15.0,-0.78
4,15.0,-0.76
4,15.0,-0.74
4,15.0,-0.72
4,15.0,-0.7
4,15.0,-0.6799999999999999
4,15.0,-0.6599999999999999
4,15.0,-0.64
4,15.0,-0.62
4,15.0,-0.6
4,15.0,-0.5800000000000001
4,15.0,-0.56
4,15.0,-0.54
4,15.0,-0.52
4,15.0,-0.5
4,15.0,-0.48
4,15.0,-0.45999999999999996
4,15.0,-0.43999999999999995
4,15.0,-0.42000000000000004
4,15.0,-0.4
4,15.0,-0.38
4,15.0,-0.36
4,15.0,-0.33999999999999997
4,15.0,-0.31999999999999995
4,15.0,-0.29999999999999993
4,15.0,-0.28
4,15.0,-0.26
4,15.0,-0.24
4,15.0,-0.21999999999999997
4,15.0,-0.19999999999999996
4,15.0,-0.17999999999999994
4,15.0,-0.16000000000000003
4,15.0,-0.14
4,15.0,-0.12
4,15.0,-0.09999999999999998
4,15.0,-0.07999999999999996
4,15.0,-0.05999999999999994
4,15.0,-0.040000000000000036
4,15.0,-0.020000000000000018
4,15.0,0.0
4,15.0,0.020000000000000018
4,15.0,0.040000000000000036
4,15.0,0.06000000000000005
4,15.0,0.08000000000000007
4,15.0,0.10000000000000009
4,15.0,0.1200000000000001
4,15.0,0.14000000000000012
4,15.0,0.15999999999999992
4,15.0,0.17999999999999994
4,15.0,0.19999999999999996
4,15.0,0.21999999999999997
4,15.0,0.24
4,15.0,0.26
4,15.0,0.28
4,15.0,0.30000000000000004
4,15.0,0.32000000000000006
4,15.0,0.3400000000000001
4,15.0,0.3600000000000001
4,15.0,0.3800000000000001
4,15.0,0.40000000000000013
4,15.0,0.41999999999999993
4,15.0,0.43999999999999995
4,15.0,0.45999999999999996
4,15.0,0.48
4,15.0,0.5
4,15.0,0.52
4,15.0,0.54
4,15.0,0.56
4,15.0,0.5800000000000001
4,15.0,0.6000000000000001
4,15.0,0.6200000000000001
4,15.0,0.6400000000000001
4,15.0,0.6600000000000001
4,15.0,0.6799999999999999
4,15.0,0.7
4,15.0,0.72
4,15.0,0.74
4,15.0,0.76
4,15.0,0.78
4,15.0,0.8
4,15.0,0.8200000000000001
4,15.0,0.8400000000000001
4,15.0,0.8600000000000001
4,15.0,0.8800000000000001
4,15.0,0.9000000000000001
4,15.0,0.9199999999999999
4,15.0,0.94
4,15.0,0.96
4,15.0,0.98
4,15.0,1.0
4,15.5,-1.0
4,15.5,-0.98
4,15.5,-0.96
4,15.5,-0.94
4,15.5,-0.92
4,15.5,-0.9
4,15.5,-0.88
4,15.5,-0.86
4,15.5,-0.84
4,15.5,-0.8200000000000001
4,15.5,-0.8
4,15.5,-0.78
4,15.5,-0.76
4,15.5,-0.74
4,15.5,-0.72
4,15.5,-0.7
4,15.5,-0.6799999999999999
4,15.5,-0.6599999999999999
4,15.5,-0.64
4,15.5,-0.62
4,15.5,-0.6
4,15.5,-0.5800000000000001
4,15.5,-0.56
4,15.5,-0.54
4,15.5,-0.52
4,15.5,-0.5
4,15.5,-0.48
4,15.5,-0.45999999999999996
4,15.5,-0.43999999999999995
4,15.5,-0.42000000000000004
4,15.5,-0.4
4,15.5,-0.38
4,15.5,-0.36
4,15.5,-0.33999999999999997
4,15.5,-0.31999999999999995
4,15.5,-0.29999999999999993
4,15.5,-0.28
4,15.5,-0.26
4,15.5,-0.24
4,15.5,-0.21999999999999997
4,15.5,-0.19999999999999996
4,15.5,-0.17999999999999994
4,15.5,-0.16000000000000003
4,15.5,-0.14
4,15.5,-0.12
4,15.5,-0.09999999999999998
4,15.5,-0.07999999999999996
4,15.5,-0.05999999999999994
4,15.5,-0.040000000000000036
4,15.5,-0.020000000000000018
4,15.5,0.0
4,15.5,0.020000000000000018
4,15.5,0.040000000000000036
4,15.5,0.06000000000000005
4,15.5,0.08000000000000007
4,15.5,0.10000000000000009
4,15.5,0.1200000000000001
4,15.5,0.14000000000000012
4,15.5,0.15999999999999992
4,15.5,0.17999999999999994
4,15.5,0.19999999999999996
4,15.5,0.21999999999999997
4,15.5,0.24
4,15.5,0.26
4,15.5,0.28
4,15.5,0.30000000000000004
4,15.5,0.32000000000000006
4,15.5,0.3400000000000001
4,15.5,0.3600000000000001
4,15.5,0.3800000000000001
4,15.5,0.40000000000000013
4,15.5,0.41999999999999993
4,15.5,0.43999999999999995
4,15.5,0.45999999999999996
4,15.5,0.48
4,15.5,0.5
4,15.5,0.52
4,15.5,0.54
4,15.5,0.56
4,15.5,0.5800000000000001
4,15.5,0.6000000000000001
4,15.5,0.6200000000000001
4,15.5,0.6400000000000001
4,15.5,0.6600000000000001
4,15.5,0.6799999999999999
4,15.5,0.7
4,15.5,0.72
4,15.5,0.74
4,15.5,0.76
4,15.5,0.78
4,15.5,0.8
4,15.5,0.8200000000000001
4,15.5,0.8400000000000001
4,15.5,0.8600000000000001
4,15.5,0.8800000000000001
4,15.5,0.9000000000000001
4,15.5,0.9199999999999999
4,15.5,0.94
4,15.5,0.96
4,15.5,0.98
4,15.5,1.0
4,16.0,-1.0
4,16.0,-0.98
4,16.0,-0.96
4,16.0,-0.94
4,16.0,-0.92
4,16.0,-0.9
4,16.0,-0.88
4,16.0,-0.86
4,16.0,-0.84
4,16.0,-0.8200000000000001
4,16.0,-0.8
4,16.0,-0.78
4,16.0,-0.76
4,16.0,-0.74
4,16.0,-0.72
4,16.0,-0.7
4,16.0,-0.6799999999999999
4,16.0,-0.6599999999999999
4,16.0,-0.64
4,16.0,-0.62
4,16.0,-0.6
4,16.0,-0.5800000000000001
4,16.0,-0.56
4,16.0,-0.54
4,16.0,-0.52
4,16.0,-0.5
4,16.0,-0.48
4,16.0,-0.45999999999999996
4,16.0,-0.43999999999999995
4,16.0,-0.42000000000000004
4,16.0,-0.4
4,16.0,-0.38
4,16.0,-0.36
4,16.0,-0.33999999999999997
4,16.0,-0.31999999999999995
4,16.0,-0.29999999999999993
4,16.0,-0.28
4,16.0,-0.26
4,16.0,-0.24
4,16.0,-0.21999999999999997
4,16.0,-0.19999999999999996
4,16.0,-0.17999999999999994
4,16.0,-0.16000000000000003
4,16.0,-0.14
4,16.0,-0.12
4,16.0,-0.09999999999999998
4,16.0,-0.07999999999999996
4,16.0,-0.05999999999999994
4,16.0,-0.040000000000000036
4,16.0,-0.020000000000000018
4,16.0,0.0
4,16.0,0.020000000000000018
4,16.0,0.040000000000000036
4,16.0,0.06000000000000005
4,16.0,0.08000000000000007
4,16.0,0.10000000000000009
4,16.0,0.1200000000000001
4,16.0,0.14000000000000012
4,16.0,0.15999999999999992
4,16.0,0.17999999999999994
4,16.0,0.19999999999999996
4,16.0,0.21999999999999997
4,16.0,0.24
4,16.0,0.26
4,16.0,0.28
4,16.0,0.30000000000000004
4,16.0,0.32000000000000006
4,16.0,0.3400000000000001
4,16.0,0.3600000000000001
4,16.0,0.3800000000000001
4,16.0,0.40000000000000013
4,16.0,0.41999999999999993
4,16.0,0.43999999999999995
4,16.0,0.45999999999999996
4,16.0,0.48
4,16.0,0.5
4,16.0,0.52
4,16.0,0.54
4,16.0,0.56
4,16.0,0.5800000000000001
4,16.0,0.6000000000000001
4,16.0,0.6200000000000001
4,16.0,0.6400000000000001
4,16.0,0.6600000000000001
4,16.0,0.6799999999999999
4,16.0,0.7
4,16.0,0.72
4,16.0,0.74
4,16.0,0.76
4,16.0,0.78
4,16.0,0.8
4,16.0,0.8200000000000001
4,16.0,0.8400000000000001
4,16.0,0.8600000000000001
4,16.0,0.8800000000000001
4,16.0,0.9000000000000001
4,16.0,0.9199999999999999
4,16.0,0.94
4,16.0,0.96
4,16.0,0.98
4,16.0,1.0
4,16.5,-1.0
4,16.5,-0.98
4,16.5,-0.96
4,16.5,-0.94
4,16.5,-0.92
4,16.5,-0.9
4,16.5,-0.88
4,16.5,-0.86
4,16.5,-0.84
4,16.5,-0.8200000000000001
4,16.5,-0.8
4,16.5,-0.78
4,16.5,-0.76
4,16.5,-0.74
4,16.5,-0.72
4,16.5,-0.7
4,16.5,-0.6799999999999999
4,16.5,-0.6599999999999999
4,16.5,-0.64
4,16.5,-0.62
4,16.5,-0.6
4,16.5,-0.5800000000000001
4,16.5,-0.56
4,16.5,-0.54
4,16.5,-0.52
4,16.5,-0.5
4,16.5,-0.48
4,16.5,-0.45999999999999996
4,16.5,-0.43999999999999995
4,16.5,-0.42000000000000004
4,16.5,-0.4
4,16.5,-0.38
4,16.5,-0.36
4,16.5,-0.33999999999999997
4,16.5,-0.31999999999999995
4,16.5,-0.29999999999999993
4,16.5,-0.28
4,16.5,-0.26
4,16.5,-0.24
4,16.5,-0.21999999999999997
4,16.5,-0.19999999999999996
4,16.5,-0.17999999999999994
4,16.5,-0.16000000000000003
4,16.5,-0.14
4,16.5,-0.12
4,16.5,-0.09999999999999998
4,16.5,-0.07999999999999996
4,16.5,-0.05999999999999994
4,16.5,-0.040000000000000036
4,16.5,-0.020000000000000018
4,16.5,0.0
4,16.5,0.020000000000000018
4,16.5,0.040000000000000036
4,16.5,0.06000000000000005
4,16.5,0.08000000000000007
4,16.5,0.10000000000000009
4,16.5,0.1200000000000001
4,16.5,0.14000000000000012
4,16.5,0.15999999999999992
4,16.5,0.17999999999999994
4,16.5,0.19999999999999996
4,16.5,0.21999999999999997
4,16.5,0.24
4,16.5,0.26
4,16.5,0.28
4,16.5,0.30000000000000004
4,16.5,0.32000000000000006
4,16.5,0.3400000000000001
4,16.5,0.3600000000000001
4,16.5,0.3800000000000001
4,16.5,0.40000000000000013
4,16.5,0.41999999999999993
4,16.5,0.43999999999999995
4,16.5,0.45999999999999996
4,16.5,0.48
4,16.5,0.5
4,16.5,0.52
4,16.5,0.54
4,16.5,0.56
4,16.5,0.5800000000000001
4,16.5,0.6000000000000001
4,16.5,0.6200000000000001
4,16.5,0.6400000000000001
4,16.5,0.6600000000000001
4,16.5,0.6799999999999999
4,16.5,0.7
4,16.5,0.72
4,16.5,0.74
4,16.5,0.76
4,16.5,0.78
4,16.5,0.8
4,16.5,0.8200000000000001
4,16.5,0.8400000000000001
4,16.5,0.8600000000000001
4,16.5,0.8800000000000001
4,16.5,0.9000000000000001
4,16.5,0.9199999999999999
4,16.5,0.94
4,16.5,0.96
4,16.5,0.98
4,16.5,1.0
4,17.0,-1.0
4,17.0,-0.98
4,17.0,-0.96
4,17.0,-0.94
4,17.0,-0.92
4,17.0,-0.9
4,17.0,-0.88
4,17.0,-0.86
4,17.0,-0.84
4,17.0,-0.8200000000000001
4,17.0,-0.8
4,17.0,-0.78
4,17.0,-0.76
4,17.0,-0.74
4,17.0,-0.72
4,17.0,-0.7
4,17.0,-0.6799999999999999
4,17.0,-0.6599999999999999
4,17.0,-0.64
4,17.0,-0.62
4,17.0,-0.6
4,17.0,-0.5800000000000001
4,17.0,-0.56
4,17.0,-0.54
4,17.0,-0.52
4,17.0,-0.5
4,17.0,-0.48
4,17.0,-0.45999999999999996
4,17.0,-0.43999999999999995
4,17.0,-0.42000000000000004
4,17.0,-0.4
4,17.0,-0.38
4,17.0,-0.36
4,17.0,-0.33999999999999997
4,17.0,-0.31999999999999995
4,17.0,-0.29999999999999993
4,17.0,-0.28
4,17.0,-0.26
4,17.0,-0.24
4,17.0,-0.21999999999999997
4,17.0,-0.19999999999999996
4,17.0,-0.17999999999999994
4,17.0,-0.16000000000000003
4,17.0,-0.14
4,17.0,-0.12
4,17.0,-0.09999999999999998
4,17.0,-0.07999999999999996
4,17.0,-0.05999999999999994
4,17.0,-0.040000000000000036
4,17.0,-0.020000000000000018
4,17.0,0.0
4,17.0,0.020000000000000018
4,17.0,0.040000000000000036
4,17.0,0.06000000000000005
4,17.0,0.08000000000000007
4,17.0,0.10000000000000009
4,17.0,0.1200000000000001
4,17.0,0.14000000000000012
4,17.0,0.15999999999999992
4,17.0,0.17999999999999994
4,17.0,0.19999999999999996
4,17.0,0.21999999999999997
4,17.0,0.24
4,17.0,0.26
4,17.0,0.28
4,17.0,0.30000000000000004
4,17.0,0.32000000000000006
4,17.0,0.3400000000000001
4,17.0,0.3600000000000001
4,17.0,0.3800000000000001
4,17.0,0.40000000000000013
4,17.0,0.41999999999999993
4,17.0,0.43999999999999995
4,17.0,0.45999999999999996
4,17.0,0.48
4,17.0,0.5
4,17.0,0.52
4,17.0,0.54
4,17.0,0.56
4,17.0,0.5800000000000001
4,17.0,0.6000000000000001
4,17.0,0.6200000000000001
4,17.0,0.6400000000000001
4,17.0,0.6600000000000001
4,17.0,0.6799999999999999
4,17.0,0.7
4,17.0,0.72
4,17.0,0.74
4,17.0,0.76
4,17.0,0.78
4,17.0,0.8
4,17.0,0.8200000000000001
4,17.0,0.8400000000000001
4,17.0,0.8600000000000001
4,17.0,0.8800000000000001
4,17.0,0.9000000000000001
4,17.0,0.9199999999999999
4,17.0,0.94
4,17.0,0.96
4,17.0,0.98
4,17.0,1.0
4,17.5,-1.0
4,17.5,-0.98
4,17.5,-0.96
4,17.5,-0.94
4,17.5,-0.92
4,17.5,-0.9
4,17.5,-0.88
4,17.5,-0.86
4,17.5,-0.84
4,17.5,-0.8200000000000001
4,17.5,-0.8
4,17.5,-0.78
4,17.5,-0.76
4,17.5,-0.74
4,17.5,-0.72
4,17.5,-0.7
4,17.5,-0.6799999999999999
4,17.5,-0.6599999999999999
4,17.5,-0.64
4,17.5,-0.62
4,17.5,-0.6
4,17.5,-0.5800000000000001
4,17.5,-0.56
4,17.5,-0.54
4,17.5,-0.52
4,17.5,-0.5
4,17.5,-0.48
4,17.5,-0.45999999999999996
4,17.5,-0.43999999999999995
4,17.5,-0.42000000000000004
4,17.5,-0.4
4,17.5,-0.38
4,17.5,-0.36
4,17.5,-0.33999999999999997
4,17.5,-0.31999999999999995
4,17.5,-0.29999999999999993
4,17.5,-0.28
4,17.5,-0.26
4,17.5,-0.24
4,17.5,-0.21999999999999997
4,17.5,-0.19999999999999996
4,17.5,-0.17999999999999994
4,17.5,-0.16000000000000003
4,17.5,-0.14
4,17.5,-0.12
4,17.5,-0.09999999999999998
4,17.5,-0.07999999999999996
4,17.5,-0.05999999999999994
4,17.5,-0.040000000000000036
4,17.5,-0.020000000000000018
4,17.5,0.0
4,17.5,0.020000000000000018
4,17.5,0.040000000000000036
4,17.5,0.06000000000000005
4,17.5,0.08000000000000007
4,17.5,0.10000000000000009
4,17.5,0.1200000000000001
4,17.5,0.14000000000000012
4,17.5,0.15999999999999992
4,17.5,0.17999999999999994
4,17.5,0.19999999999999996
4,17.5,0.21999999999999997
4,17.5,0.24
4,17.5,0.26
4,17.5,0.28
4,17.5,0.30000000000000004
4,17.5,0.32000000000000006
4,17.5,0.3400000000000001
4,17.5,0.3600000000000001
4,17.5,0.3800000000000001
4,17.5,0.40000000000000013
4,17.5,0.41999999999999993
4,17.5,0.43999999999999995
4,17.5,0.45999999999999996
4,17.5,0.48
4,17.5,0.5
4,17.5,0.52
4,17.5,0.54
4,17.5,0.56
4,17.5,0.5800000000000001
4,17.5,0.6000000000000001
4,17.5,0.6200000000000001
4,17.5,0.6400000000000001
4,17.5,0.6600000000000001
4,17.5,0.6799999999999999
4,17.5,0.7
4,17.5,0.72
4,17.5,0.74
4,17.5,0.76
4,17.5,0.78
4,17.5,0.8
4,17.5,0.8200000000000001
4,17.5,0.8400000000000001
4,17.5,0.8600000000000001
4,17.5,0.8800000000000001
4,17.5,0.9000000000000001
4,17.5,0.9199999999999999
4,17.5,0.94
4,17.5,0.96
4,17.5,0.98
4,17.5,1.0
4,18.0,-1.0
4,18.0,-0.98
4,18.0,-0.96
4,18.0,-0.94
4,18.0,-0.92
4,18.0,-0.9
4,18.0,-0.88
4,18.0,-0.86
4,18.0,-0.84
4,18.0,-0.8200000000000001
4,18.0,-0.8
4,18.0,-0.78
4,18.0,-0.76
4,18.0,-0.74
4,18.0,-0.72
4,18.0,-0.7
4,18.0,-0.6799999999999999
4,18.0,-0.6599999999999999
4,18.0,-0.64
4,18.0,-0.62
4,18.0,-0.6
4,18.0,-0.5800000000000001
4,18.0,-0.56
4,18.0,-0.54
4,18.0,-0.52
4,18.0,-0.5
4,18.0,-0.48
4,18.0,-0.45999999999999996
4,18.0,-0.43999999999999995
4,18.0,-0.42000000000000004
4,18.0,-0.4
4,18.0,-0.38
4,18.0,-0.36
4,18.0,-0.33999999999999997
4,18.0,-0.31999999999999995
4,18.0,-0.29999999999999993
4,18.0,-0.28
4,18.0,-0.26
4,18.0,-0.24
4,18.0,-0.21999999999999997
4,18.0,-0.19999999999999996
4,18.0,-0.17999999999999994
4,18.0,-0.16000000000000003
4,18.0,-0.14
4,18.0,-0.12
4,18.0,-0.09999999999999998
4,18.0,-0.07999999999999996
4,18.0,-0.05999999999999994
4,18.0,-0.040000000000000036
4,18.0,-0.020000000000000018
4,18.0,0.0
4,18.0,0.020000000000000018
4,18.0,0.040000000000000036
4,18.0,0.06000000000000005
4,18.0,0.08000000000000007
4,18.0,0.10000000000000009
4,18.0,0.1200000000000001
4,18.0,0.14000000000000012
4,18.0,0.15999999999999992
4,18.0,0.17999999999999994
4,18.0,0.19999999999999996
4,18.0,0.21999999999999997
4,18.0,0.24
4,18.0,0.26
4,18.0,0.28
4,18.0,0.30000000000000004
4,18.0,0.32000000000000006
4,18.0,0.3400000000000001
4,18.0,0.3600000000000001
4,18.0,0.3800000000000001
4,18.0,0.40000000000000013
4,18.0,0.41999999999999993
4,18.0,0.43999999999999995
4,18.0,0.45999999999999996
4,18.0,0.48
4,18.0,0.5
4,18.0,0.52
4,18.0,0.54
4,18.0,0.56
4,18.0,0.5800000000000001
4,18.0,0.6000000000000001
4,18.0,0.6200000000000001
4,18.0,0.6400000000000001
4,18.0,0.6600000000000001
4,18.0,0.6799999999999999
4,18.0,0.7
4,18.0,0.72
4,18.0,0.74
4,18.0,0.76
4,18.0,0.78
4,18.0,0.8
4,18.0,0.8200000000000001
4,18.0,0.8400000000000001
4,18.0,0.8600000000000001
4,18.0,0.8800000000000001
4,18.0,0.9000000000000001
4,18.0,0.9199999999999999
4,18.0,0.94
4,18.0,0.96
4,18.0,0.98
4,18.0,1.0
4,18.5,-1.0
4,18.5,-0.98
4,18.5,-0.96
4,18.5,-0.94
4,18.5,-0.92
4,18.5,-0.9
4,18.5,-0.88
4,18.5,-0.86
4,18.5,-0.84
4,18.5,-0.8200000000000001
4,18.5,-0.8
4,18.5,-0.78
4,18.5,-0.76
4,18.5,-0.74
4,18.5,-0.72
4,18.5,-0.7
4,18.5,-0.6799999999999999
4,18.5,-0.6599999999999999
4,18.5,-0.64
4,18.5,-0.62
4,18.5,-0.6
4,18.5,-0.5800000000000001
4,18.5,-0.56
4,18.5,-0.54
4,18.5,-0.52
4,18.5,-0.5
4,18.5,-0.48
4,18.5,-0.45999999999999996
4,18.5,-0.43999999999999995
4,18.5,-0.42000000000000004
4,18.5,-0.4
4,18.5,-0.38
4,18.5,-0.36
4,18.5,-0.33999999999999997
4,18.5,-0.31999999999999995
4,18.5,-0.29999999999999993
4,18.5,-0.28
4,18.5,-0.26
4,18.5,-0.24
4,18.5,-0.21999999999999997
4,18.5,-0.19999999999999996
4,18.5,-0.17999999999999994
4,18.5,-0.16000000000000003
4,18.5,-0.14
4,18.5,-0.12
4,18.5,-0.09999999999999998
4,18.5,-0.07999999999999996
4,18.5,-0.05999999999999994
4,18.5,-0.040000000000000036
4,18.5,-0.020000000000000018
4,18.5,0.0
4,18.5,0.020000000000000018
4,18.5,0.040000000000000036
4,18.5,0.06000000000000005
4,18.5,0.08000000000000007
4,18.5,0.10000000000000009
4,18.5,0.1200000000000001
4,18.5,0.14000000000000012
4,18.5,0.15999999999999992
4,18.5,0.17999999999999994
4,18.5,0.19999999999999996
4,18.5,0.21999999999999997
4,18.5,0.24
4,18.5,0.26
4,18.5,0.28
4,18.5,0.30000000000000004
4,18.5,0.32000000000000006
4,18.5,0.3400000000000001
4,18.5,0.3600000000000001
4,18.5,0.3800000000000001
4,18.5,0.40000000000000013
4,18.5,0.41999999999999993
4,18.5,0.43999999999999995
4,18.5,0.45999999999999996
4,18.5,0.48
4,18.5,0.5
4,18.5,0.52
4,18.5,0.54
4,18.5,0.56
4,18.5,0.5800000000000001
4,18.5,0.6000000000000001
4,18.5,0.6200000000000001
4,18.5,0.6400000000000001
4,18.5,0.6600000000000001
4,18.5,0.6799999999999999
4,18.5,0.7
4,18.5,0.72
4,18.5,0.74
4,18.5,0.76
4,18.5,0.78
4,18.5,0.8
4,18.5,0.8200000000000001
4,18.5,0.8400000000000001
4,18.5,0.8600000000000001
4,18.5,0.8800000000000001
4,18.5,0.9000000000000001
4,18.5,0.9199999999999999
4,18.5,0.94
4,18.5,0.96
4,18.5,0.98
4,18.5,1.0
4,19.0,-1.0
4,19.0,-0.98
4,19.0,-0.96
4,19.0,-0.94
4,19.0,-0.92
4,19.0,-0.9
4,19.0,-0.88
4,19.0,-0.86
4,19.0,-0.84
4,19.0,-0.8200000000000001
4,19.0,-0.8
4,19.0,-0.78
4,19.0,-0.76
4,19.0,-0.74
4,19.0,-0.72
4,19.0,-0.7
4,19.0,-0.6799999999999999
4,19.0,-0.6599999999999999
4,19.0,-0.64
4,19.0,-0.62
4,19.0,-0.6
4,19.0,-0.5800000000000001
4,19.0,-0.56
4,19.0,-0.54
4,19.0,-0.52
4,19.0,-0.5
4,19.0,-0.48
4,19.0,-0.45999999999999996
4,19.0,-0.43999999999999995
4,19.0,-0.42000000000000004
4,19.0,-0.4
4,19.0,-0.38
4,19.0,-0.36
4,19.0,-0.33999999999999997
4,19.0,-0.31999999999999995
4,19.0,-0.29999999999999993
4,19.0,-0.28
4,19.0,-0.26
4,19.0,-0.24
4,19.0,-0.21999999999999997
4,19.0,-0.19999999999999996
4,19.0,-0.17999999999999994
4,19.0,-0.16000000000000003
4,19.0,-0.14
4,19.0,-0.12
4,19.0,-0.09999999999999998
4,19.0,-0.07999999999999996
4,19.0,-0.05999999999999994
4,19.0,-0.040000000000000036
4,19.0,-0.020000000000000018
4,19.0,0.0
4,19.0,0.020000000000000018
4,19.0,0.040000000000000036
4,19.0,0.06000000000000005
4,19.0,0.08000000000000007
4,19.0,0.10000000000000009
4,19.0,0.1200000000000001
4,19.0,0.14000000000000012
4,19.0,0.15999999999999992
4,19.0,0.17999999999999994
4,19.0,0.19999999999999996
4,19.0,0.21999999999999997
4,19.0,0.24
4,19.0,0.26
4,19.0,0.28
4,19.0,0.30000000000000004
4,19.0,0.32000000000000006
4,19.0,0.3400000000000001
4,19.0,0.3600000000000001
4,19.0,0.3800000000000001
4,19.0,0.40000000000000013
4,19.0,0.41999999999999993
4,19.0,0.43999999999999995
4,19.0,0.45999999999999996
4,19.0,0.48
4,19.0,0.5
4,19.0,0.52
4,19.0,0.54
4,19.0,0.56
4,19.0,0.5800000000000001
4,19.0,0.6000000000000001
4,19.0,0.6200000000000001
4,19.0,0.6400000000000001
4,19.0,0.6600000000000001
4,19.0,0.6799999999999999
4,19.0,0.7
4,19.0,0.72
4,19.0,0.74
4,19.0,0.76
4,19.0,0.78
4,19.0,0.8
4,19.0,0.8200000000000001
4,19.0,0.8400000000000001
4,19.0,0.8600000000000001
4,19.0,0.8800000000000001
4,19.0,0.9000000000000001
4,19.0,0.9199999999999999
4,19.0,0.94
4,19.0,0.96
4,19.0,0.98
4,19.0,1.0
4,19.5,-1.0
4,19.5,-0.98
4,19.5,-0.96
4,19.5,-0.94
4,19.5,-0.92
4,19.5,-0.9
4,19.5,-0.88
4,19.5,-0.86
4,19.5,-0.84
4,19.5,-0.8200000000000001
4,19.5,-0.8
4,19.5,-0.78
4,19.5,-0.76
4,19.5,-0.74
4,19.5,-0.72
4,19.5,-0.7
4,19.5,-0.6799999999999999
4,19.5,-0.6599999999999999
4,19.5,-0.64
4,19.5,-0.62
4,19.5,-0.6
4,19.5,-0.5800000000000001
4,19.5,-0.56
4,19.5,-0.54
4,19.5,-0.52
4,19.5,-0.5
4,19.5,-0.48
4,19.5,-0.45999999999999996
4,19.5,-0.43999999999999995
4,19.5,-0.42000000000000004
4,19.5,-0.4
4,19.5,-0.38
4,19.5,-0.36
4,19.5,-0.33999999999999997
4,19.5,-0.31999999999999995
4,19.5,-0.29999999999999993
4,19.5,-0.28
4,19.5,-0.26
4,19.5,-0.24
4,19.5,-0.21999999999999997
4,19.5,-0.19999999999999996
4,19.5,-0.17999999999999994
4,19.5,-0.16000000000000003
4,19.5,-0.14
4,19.5,-0.12
4,19.5,-0.09999999999999998
4,19.5,-0.07999999999999996
4,19.5,-0.05999999999999994
4,19.5,-0.040000000000000036
4,19.5,-0.020000000000000018
4,19.5,0.0
4,19.5,0.020000000000000018
4,19.5,0.040000000000000036
4,19.5,0.06000000000000005
4,19.5,0.08000000000000007
4,19.5,0.10000000000000009
4,19.5,0.1200000000000001
4,19.5,0.14000000000000012
4,19.5,0.15999999999999992
4,19.5,0.17999999999999994
4,19.5,0.19999999999999996
4,19.5,0.21999999999999997
4,19.5,0.24
4,19.5,0.26
4,19.5,0.28
4,19.5,0.30000000000000004
4,19.5,0.32000000000000006
4,19.5,0.3400000000000001
4,19.5,0.3600000000000001
4,19.5,0.3800000000000001
4,19.5,0.40000000000000013
4,19.5,0.41999999999999993
4,19.5,0.43999999999999995
4,19.5,0.45999999999999996
4,19.5,0.48
4,19.5,0.5
4,19.5,0.52
4,19.5,0.54
4,19.5,0.56
4,19.5,0.5800000000000001
4,19.5,0.6000000000000001
4,19.5,0.6200000000000001
4,19.5,0.6400000000000001
4,19.5,0.6600000000000001
4,19.5,0.6799999999999999
4,19.5,0.7
4,19.5,0.72
4,19.5,0.74
4,19.5,0.76
4,19.5,0.78
4,19.5,0.8
4,19.5,0.8200000000000001
4,19.5,0.8400000000000001
4,19.5,0.8600000000000001
4,19.5,0.8800000000000001
4,19.5,0.9000000000000001
4,19.5,0.9199999999999999
4,19.5,0.94
4,19.5,0.96
4,19.5,0.98
4,19.5,1.0
4,20.0,-1.0
4,20.0,-0.98
4,20.0,-0.96
4,20.0,-0.94
4,20.0,-0.92
4,20.0,-0.9
4,20.0,-0.88
4,20.0,-0.86
4,20.0,-0.84
4,20.0,-0.8200000000000001
4,20.0,-0.8
4,20.0,-0.78
4,20.0,-0.76
4,20.0,-0.74
4,20.0,-0.72
4,20.0,-0.7
4,20.0,-0.6799999999999999
4,20.0,-0.6599999999999999
4,20.0,-0.64
4,20.0,-0.62
4,20.0,-0.6
4,20.0,-0.5800000000000001
4,20.0,-0.56
4,20.0,-0.54
4,20.0,-0.52
4,20.0,-0.5
4,20.0,-0.48
4,20.0,-0.45999999999999996
4,20.0,-0.43999999999999995
4,20.0,-0.42000000000000004
4,20.0,-0.4
4,20.0,-0.38
4,20.0,-0.36
4,20.0,-0.33999999999999997
4,20.0,-0.31999999999999995
4,20.0,-0.29999999999999993
4,20.0,-0.28
4,20.0,-0.26
4,20.0,-0.24
4,20.0,-0.21999999999999997
4,20.0,-0.19999999999999996
4,20.0,-0.17999999999999994
4,20.0,-0.16000000000000003
4,20.0,-0.14
4,20.0,-0.12
4,20.0,-0.09999999999999998
4,20.0,-0.07999999999999996
4,20.0,-0.05999999999999994
4,20.0,-0.040000000000000036
4,20.0,-0.020000000000000018
4,20.0,0.0
4,20.0,0.020000000000000018
4,20.0,0.040000000000000036
4,20.0,0.06000000000000005
4,20.0,0.08000000000000007
4,20.0,0.10000000000000009
4,20.0,0.1200000000000001
4,20.0,0.14000000000000012
4,20.0,0.15999999999999992
4,20.0,0.17999999999999994
4,20.0,0.19999999999999996
4,20.0,0.21999999999999997
4,20.0,0.24
4,20.0,0.26
4,20.0,0.28
4,20.0,0.30000000000000004
4,20.0,0.32000000000000006
4,20.0,0.3400000000000001
4,20.0,0.3600000000000001
4,20.0,0.3800000000000001
4,20.0,0.40000000000000013
4,20.0,0.41999999999999993
4,20.0,0.43999999999999995
4,20.0,0.45999999999999996
4,20.0,0.48
4,20.0,0.5
4,20.0,0.52
4,20.0,0.54
4,20.0,0.56
4,20.0,0.5800000000000001
4,20.0,0.6000000000000001
4,20.0,0.6200000000000001
4,20.0,0.6400000000000001
4,20.0,0.6600000000000001
4,20.0,0.6799999999999999
4,20.0,0.7
4,20.0,0.72
4,20.0,0.74
4,20.0,0.76
4,20.0,0.78
4,20.0,0.8
4,20.0,0.8200000000000001
4,20.0,0.8400000000000001
4,20.0,0.8600000000000001
4,20.0,0.8800000000000001
4,20.0,0.9000000000000001
4,20.0,0.9199999999999999
4,20.0,0.94
4,20.0,0.96
4,20.0,0.98
4,20.0,1.0
4,20.5,-1.0
4,20.5,-0.98
4,20.5,-0.96
4,20.5,-0.94
4,20.5,-0.92
4,20.5,-0.9
4,20.5,-0.88
4,20.5,-0.86
4,20.5,-0.84
4,20.5,-0.8200000000000001
4,20.5,-0.8
4,20.5,-0.78
4,20.5,-0.76
4,20.5,-0.74
4,20.5,-0.72
4,20.5,-0.7
4,20.5,-0.6799999999999999
4,20.5,-0.6599999999999999
4,20.5,-0.64
4,20.5,-0.62
4,20.5,-0.6
4,20.5,-0.5800000000000001
4,20.5,-0.56
4,20.5,-0.54
4,20.5,-0.52
4,20.5,-0.5
4,20.5,-0.48
4,20.5,-0.45999999999999996
4,20.5,-0.43999999999999995
4,20.5,-0.42000000000000004
4,20.5,-0.4
4,20.5,-0.38
4,20.5,-0.36
4,20.5,-0.33999999999999997
4,20.5,-0.31999999999999995
4,20.5,-0.29999999999999993
4,20.5,-0.28
4,20.5,-0.26
4,20.5,-0.24
4,20.5,-0.21999999999999997
4,20.5,-0.19999999999999996
4,20.5,-0.17999999999999994
4,20.5,-0.16000000000000003
4,20.5,-0.14
4,20.5,-0.12
4,20.5,-0.09999999999999998
4,20.5,-0.07999999999999996
4,20.5,-0.05999999999999994
4,20.5,-0.040000000000000036
4,20.5,-0.020000000000000018
4,20.5,0.0
4,20.5,0.020000000000000018
4,20.5,0.040000000000000036
4,20.5,0.06000000000000005
4,20.5,0.08000000000000007
4,20.5,0.10000000000000009
4,20.5,0.1200000000000001
4,20.5,0.14000000000000012
4,20.5,0.15999999999999992
4,20.5,0.17999999999999994
4,20.5,0.19999999999999996
4,20.5,0.21999999999999997
4,20.5,0.24
4,20.5,0.26
4,20.5,0.28
4,20.5,0.30000000000000004
4,20.5,0.32000000000000006
4,20.5,0.3400000000000001
4,20.5,0.3600000000000001
4,20.5,0.3800000000000001
4,20.5,0.40000000000000013
4,20.5,0.41999999999999993
4,20.5,0.43999999999999995
4,20.5,0.45999999999999996
4,20.5,0.48
4,20.5,0.5
4,20.5,0.52
4,20.5,0.54
4,20.5,0.56
4,20.5,0.5800000000000001
4,20.5,0.6000000000000001
4,20.5,0.6200000000000001
4,20.5,0.6400000000000001
4,20.5,0.6600000000000001
4,20.5,0.6799999999999999
4,20.5,0.7
4,20.5,0.72
4,20.5,0.74
4,20.5,0.76
4,20.5,0.78
4,20.5,0.8
4,20.5,0.8200000000000001
4,20.5,0.8400000000000001
4,20.5,0.8600000000000001
4,20.5,0.8800000000000001
4,20.5,0.9000000000000001
4,20.5,0.9199999999999999
4,20.5,0.94
4,20.5,0.96
4,20.5,0.98
4,20.5,1.0
4,21.0,-1.0
4,21.0,-0.98
4,21.0,-0.96
4,21.0,-0.94
4,21.0,-0.92
4,21.0,-0.9
4,21.0,-0.88
4,21.0,-0.86
4,21.0,-0.84
4,21.0,-0.8200000000000001
4,21.0,-0.8
4,21.0,-0.78
4,21.0,-0.76
4,21.0,-0.74
4,21.0,-0.72
4,21.0,-0.7
4,21.0,-0.6799999999999999
4,21.0,-0.6599999999999999
4,21.0,-0.64
4,21.0,-0.62
4,21.0,-0.6
4,21.0,-0.5800000000000001
4,21.0,-0.56
4,21.0,-0.54
4,21.0,-0.52
4,21.0,-0.5
4,21.0,-0.48
4,21.0,-0.45999999999999996
4,21.0,-0.43999999999999995
4,21.0,-0.42000000000000004
4,21.0,-0.4
4,21.0,-0.38
4,21.0,-0.36
4,21.0,-0.33999999999999997
4,21.0,-0.31999999999999995
4,21.0,-0.29999999999999993
4,21.0,-0.28
4,21.0,-0.26
4,21.0,-0.24
4,21.0,-0.21999999999999997
4,21.0,-0.19999999999999996
4,21.0,-0.17999999999999994
4,21.0,-0.16000000000000003
4,21.0,-0.14
4,21.0,-0.12
4,21.0,-0.09999999999999998
4,21.0,-0.07999999999999996
4,21.0,-0.05999999999999994
4,21.0,-0.040000000000000036
4,21.0,-0.020000000000000018
4,21.0,0.0
4,21.0,0.020000000000000018
4,21.0,0.040000000000000036
4,21.0,0.06000000000000005
4,21.0,0.08000000000000007
4,21.0,0.10000000000000009
4,21.0,0.1200000000000001
4,21.0,0.14000000000000012
4,21.0,0.15999999999999992
4,21.0,0.17999999999999994
4,21.0,0.19999999999999996
4,21.0,0.21999999999999997
4,21.0,0.24
4,21.0,0.26
4,21.0,0.28
4,21.0,0.30000000000000004
4,21.0,0.32000000000000006
4,21.0,0.3400000000000001
4,21.0,0.3600000000000001
4,21.0,0.3800000000000001
4,21.0,0.40000000000000013
4,21.0,0.41999999999999993
4,21.0,0.43999999999999995
4,21.0,0.45999999999999996
4,21.0,0.48
4,21.0,0.5
4,21.0,0.52
4,21.0,0.54
4,21.0,0.56
4,21.0,0.5800000000000001
4,21.0,0.6000000000000001
4,21.0,0.6200000000000001
4,21.0,0.6400000000000001
4,21.0,0.6600000000000001
4,21.0,0.6799999999999999
4,21.0,0.7
4,21.0,0.72
4,21.0,0.74
4,21.0,0.76
4,21.0,0.78
4,21.0,0.8
4,21.0,0.8200000000000001
4,21.0,0.8400000000000001
4,21.0,0.8600000000000001
4,21.0,0.8800000000000001
4,21.0,0.9000000000000001
4,21.0,0.9199999999999999
4,21.0,0.94
4,21.0,0.96
4,21.0,0.98
4,21.0,1.0
4,21.5,-1.0
4,21.5,-0.98
4,21.5,-0.96
4,21.5,-0.94
4,21.5,-0.92
4,21.5,-0.9
4,21.5,-0.88
4,21.5,-0.86
4,21.5,-0.84
4,21.5,-0.8200000000000001
4,21.5,-0.8
4,21.5,-0.78
4,21.5,-0.76
4,21.5,-0.74
4,21.5,-0.72
4,21.5,-0.7
4,21.5,-0.6799999999999999
4,21.5,-0.6599999999999999
4,21.5,-0.64
4,21.5,-0.62
4,21.5,-0.6
4,21.5,-0.5800000000000001
4,21.5,-0.56
4,21.5,-0.54
4,21.5,-0.52
4,21.5,-0.5
4,21.5,-0.48
4,21.5,-0.45999999999999996
4,21.5,-0.43999999999999995
4,21.5,-0.42000000000000004
4,21.5,-0.4
4,21.5,-0.38
4,21.5,-0.36
4,21.5,-0.33999999999999997
4,21.5,-0.31999999999999995
4,21.5,-0.29999999999999993
4,21.5,-0.28
4,21.5,-0.26
4,21.5,-0.24
4,21.5,-0.21999999999999997
4,21.5,-0.19999999999999996
4,21.5,-0.17999999999999994
4,21.5,-0.16000000000000003
4,21.5,-0.14
4,21.5,-0.12
4,21.5,-0.09999999999999998
4,21.5,-0.07999999999999996
4,21.5,-0.05999999999999994
4,21.5,-0.040000000000000036
4,21.5,-0.020000000000000018
4,21.5,0.0
4,21.5,0.020000000000000018
4,21.5,0.040000000000000036
4,21.5,0.06000000000000005
4,21.5,0.08000000000000007
4,21.5,0.10000000000000009
4,21.5,0.1200000000000001
4,21.5,0.14000000000000012
4,21.5,0.15999999999999992
4,21.5,0.17999999999999994
4,21.5,0.19999999999999996
4,21.5,0.21999999999999997
4,21.5,0.24
4,21.5,0.26
4,21.5,0.28
4,21.5,0.30000000000000004
4,21.5,0.32000000000000006
4,21.5,0.3400000000000001
4,21.5,0.3600000000000001
4,21.5,0.3800000000000001
4,21.5,0.40000000000000013
4,21.5,0.41999999999999993
4,21.5,0.43999999999999995
4,21.5,0.45999999999999996
4,21.5,0.48
4,21.5,0.5
4,21.5,0.52
4,21.5,0.54
4,21.5,0.56
4,21.5,0.5800000000000001
4,21.5,0.6000000000000001
4,21.5,0.6200000000000001
4,21.5,0.6400000000000001
4,21.5,0.6600000000000001
4,21.5,0.6799999999999999
4,21.5,0.7
4,21.5,0.72
4,21.5,0.74
4,21.5,0.76
4,21.5,0.78
4,21.5,0.8
4,21.5,0.8200000000000001
4,21.5,0.8400000000000001
4,21.5,0.8600000000000001
4,21.5,0.8800000000000001
4,21.5,0.9000000000000001
4,21.5,0.9199999999999999
4,21.5,0.94
4,21.5,0.96
4,21.5,0.98
4,21.5,1.0
4,22.0,-1.0
4,22.0,-0.98
4,22.0,-0.96
4,22.0,-0.94
4,22.0,-0.92
4,22.0,-0.9
4,22.0,-0.88
4,22.0,-0.86
4,22.0,-0.84
4,22.0,-0.8200000000000001
4,22.0,-0.8
4,22.0,-0.78
4,22.0,-0.76
4,22.0,-0.74
4,22.0,-0.72
4,22.0,-0.7
4,22.0,-0.6799999999999999
4,22.0,-0.6599999999999999
4,22.0,-0.64
4,22.0,-0.62
4,22.0,-0.6
4,22.0,-0.5800000000000001
4,22.0,-0.56
4,22.0,-0.54
4,22.0,-0.52
4,22.0,-0.5
4,22.0,-0.48
4,22.0,-0.45999999999999996
4,22.0,-0.43999999999999995
4,22.0,-0.42000000000000004
4,22.0,-0.4
4,22.0,-0.38
4,22.0,-0.36
4,22.0,-0.33999999999999997
4,22.0,-0.31999999999999995
4,22.0,-0.29999999999999993
4,22.0,-0.28
4,22.0,-0.26
4,22.0,-0.24
4,22.0,-0.21999999999999997
4,22.0,-0.19999999999999996
4,22.0,-0.17999999999999994
4,22.0,-0.16000000000000003
4,22.0,-0.14
4,22.0,-0.12
4,22.0,-0.09999999999999998
4,22.0,-0.07999999999999996
4,22.0,-0.05999999999999994
4,22.0,-0.040000000000000036
4,22.0,-0.020000000000000018
4,22.0,0.0
4,22.0,0.020000000000000018
4,22.0,0.040000000000000036
4,22.0,0.06000000000000005
4,22.0,0.08000000000000007
4,22.0,0.10000000000000009
4,22.0,0.1200000000000001
4,22.0,0.14000000000000012
4,22.0,0.15999999999999992
4,22.0,0.17999999999999994
4,22.0,0.19999999999999996
4,22.0,0.21999999999999997
4,22.0,0.24
4,22.0,0.26
4,22.0,0.28
4,22.0,0.30000000000000004
4,22.0,0.32000000000000006
4,22.0,0.3400000000000001
4,22.0,0.3600000000000001
4,22.0,0.3800000000000001
4,22.0,0.40000000000000013
4,22.0,0.41999999999999993
4,22.0,0.43999999999999995
4,22.0,0.45999999999999996
4,22.0,0.48
4,22.0,0.5
4,22.0,0.52
4,22.0,0.54
4,22.0,0.56
4,22.0,0.5800000000000001
4,22.0,0.6000000000000001
4,22.0,0.6200000000000001
4,22.0,0.6400000000000001
4,22.0,0.6600000000000001
4,22.0,0.6799999999999999
4,22.0,0.7
4,22.0,0.72
4,22.0,0.74
4,22.0,0.76
4,22.0,0.78
4,22.0,0.8
4,22.0,0.8200000000000001
4,22.0,0.8400000000000001
4,22.0,0.8600000000000001
4,22.0,0.8800000000000001
4,22.0,0.9000000000000001
4,22.0,0.9199999999999999
4,22.0,0.94
4,22.0,0.96
4,22.0,0.98
4,22.0,1.0
4,22.5,-1.0
4,22.5,-0.98
4,22.5,-0.96
4,22.5,-0.94
4,22.5,-0.92
4,22.5,-0.9
4,22.5,-0.88
4,22.5,-0.86
4,22.5,-0.84
4,22.5,-0.8200000000000001
4,22.5,-0.8
4,22.5,-0.78
4,22.5,-0.76
4,22.5,-0.74
4,22.5,-0.72
4,22.5,-0.7
4,22.5,-0.6799999999999999
4,22.5,-0.6599999999999999
4,22.5,-0.64
4,22.5,-0.62
4,22.5,-0.6
4,22.5,-0.5800000000000001
4,22.5,-0.56
4,22.5,-0.54
4,22.5,-0.52
4,22.5,-0.5
4,22.5,-0.48
4,22.5,-0.45999999999999996
4,22.5,-0.43999999999999995
4,22.5,-0.42000000000000004
4,22.5,-0.4
4,22.5,-0.38
4,22.5,-0.36
4,22.5,-0.33999999999999997
4,22.5,-0.31999999999999995
4,22.5,-0.29999999999999993
4,22.5,-0.28
4,22.5,-0.26
4,22.5,-0.24
4,22.5,-0.21999999999999997
4,22.5,-0.19999999999999996
4,22.5,-0.17999999999999994
4,22.5,-0.16000000000000003
4,22.5,-0.14
4,22.5,-0.12
4,22.5,-0.09999999999999998
4,22.5,-0.07999999999999996
4,22.5,-0.05999999999999994
4,22.5,-0.040000000000000036
4,22.5,-0.020000000000000018
4,22.5,0.0
4,22.5,0.020000000000000018
4,22.5,0.040000000000000036
4,22.5,0.06000000000000005
4,22.5,0.08000000000000007
4,22.5,0.10000000000000009
4,22.5,0.1200000000000001
4,22.5,0.14000000000000012
4,22.5,0.15999999999999992
4,22.5,0.17999999999999994
4,22.5,0.19999999999999996
4,22.5,0.21999999999999997
4,22.5,0.24
4,22.5,0.26
4,22.5,0.28
4,22.5,0.30000000000000004
4,22.5,0.32000000000000006
4,22.5,0.3400000000000001
4,22.5,0.3600000000000001
4,22.5,0.3800000000000001
4,22.5,0.40000000000000013
4,22.5,0.41999999999999993
4,22.5,0.43999999999999995
4,22.5,0.45999999999999996
4,22.5,0.48
4,22.5,0.5
4,22.5,0.52
4,22.5,0.54
4,22.5,0.56
4,22.5,0.5800000000000001
4,22.5,0.6000000000000001
4,22.5,0.6200000000000001
4,22.5,0.6400000000000001
4,22.5,0.6600000000000001
4,22.5,0.6799999999999999
4,22.5,0.7
4,22.5,0.72
4,22.5,0.74
4,22.5,0.76
4,22.5,0.78
4,22.5,0.8
4,22.5,0.8200000000000001
4,22.5,0.8400000000000001
4,22.5,0.8600000000000001
4,22.5,0.8800000000000001
4,22.5,0.9000000000000001
4,22.5,0.9199999999999999
4,22.5,0.94
4,22.5,0.96
4,22.5,0.98
4,22.5,1.0
4,23.0,-1.0
4,23.0,-0.98
4,23.0,-0.96
4,23.0,-0.94
4,23.0,-0.92
4,23.0,-0.9
4,23.0,-0.88
4,23.0,-0.86
4,23.0,-0.84
4,23.0,-0.8200000000000001
4,23.0,-0.8
4,23.0,-0.78
4,23.0,-0.76
4,23.0,-0.74
4,23.0,-0.72
4,23.0,-0.7
4,23.0,-0.6799999999999999
4,23.0,-0.6599999999999999
4,23.0,-0.64
4,23.0,-0.62
4,23.0,-0.6
4,23.0,-0.5800000000000001
4,23.0,-0.56
4,23.0,-0.54
4,23.0,-0.52
4,23.0,-0.5
4,23.0,-0.48
4,23.0,-0.45999999999999996
4,23.0,-0.43999999999999995
4,23.0,-0.42000000000000004
4,23.0,-0.4
4,23.0,-0.38
4,23.0,-0.36
4,23.0,-0.33999999999999997
4,23.0,-0.31999999999999995
4,23.0,-0.29999999999999993
4,23.0,-0.28
4,23.0,-0.26
4,23.0,-0.24
4,23.0,-0.21999999999999997
4,23.0,-0.19999999999999996
4,23.0,-0.17999999999999994
4,23.0,-0.16000000000000003
4,23.0,-0.14
4,23.0,-0.12
4,23.0,-0.09999999999999998
4,23.0,-0.07999999999999996
4,23.0,-0.05999999999999994
4,23.0,-0.040000000000000036
4,23.0,-0.020000000000000018
4,23.0,0.0
4,23.0,0.020000000000000018
4,23.0,0.040000000000000036
4,23.0,0.06000000000000005
4,23.0,0.08000000000000007
4,23.0,0.10000000000000009
4,23.0,0.1200000000000001
4,23.0,0.14000000000000012
4,23.0,0.15999999999999992
4,23.0,0.17999999999999994
4,23.0,0.19999999999999996
4,23.0,0.21999999999999997
4,23.0,0.24
4,23.0,0.26
4,23.0,0.28
4,23.0,0.30000000000000004
4,23.0,0.32000000000000006
4,23.0,0.3400000000000001
4,23.0,0.3600000000000001
4,23.0,0.3800000000000001
4,23.0,0.40000000000000013
4,23.0,0.41999999999999993
4,23.0,0.43999999999999995
4,23.0,0.45999999999999996
4,23.0,0.48
4,23.0,0.5
4,23.0,0.52
4,23.0,0.54
4,23.0,0.56
4,23.0,0.5800000000000001
4,23.0,0.6000000000000001
4,23.0,0.6200000000000001
4,23.0,0.6400000000000001
4,23.0,0.6600000000000001
4,23.0,0.6799999999999999
4,23.0,0.7
4,23.0,0.72
4,23.0,0.74
4,23.0,0.76
4,23.0,0.78
4,23.0,0.8
4,23.0,0.8200000000000001
4,23.0,0.8400000000000001
4,23.0,0.8600000000000001
4,23.0,0.8800000000000001
4,23.0,0.9000000000000001
4,23.0,0.9199999999999999
4,23.0,0.94
4,23.0,0.96
4,23.0,0.98
4,23.0,1.0
4,23.5,-1.0
4,23.5,-0.98
4,23.5,-0.96
4,23.5,-0.94
4,23.5,-0.92
4,23.5,-0.9
4,23.5,-0.88
4,23.5,-0.86
4,23.5,-0.84
4,23.5,-0.8200000000000001
4,23.5,-0.8
4,23.5,-0.78
4,23.5,-0.76
4,23.5,-0.74
4,23.5,-0.72
4,23.5,-0.7
4,23.5,-0.6799999999999999
4,23.5,-0.6599999999999999
4,23.5,-0.64
4,23.5,-0.62
4,23.5,-0.6
4,23.5,-0.5800000000000001
4,23.5,-0.56
4,23.5,-0.54
4,23.5,-0.52
4,23.5,-0.5
4,23.5,-0.48
4,23.5,-0.45999999999999996
4,23.5,-0.43999999999999995
4,23.5,-0.42000000000000004
4,23.5,-0.4
4,23.5,-0.38
4,23.5,-0.36
4,23.5,-0.33999999999999997
4,23.5,-0.31999999999999995
4,23.5,-0.29999999999999993
4,23.5,-0.28
4,23.5,-0.26
4,23.5,-0.24
4,23.5,-0.21999999999999997
4,23.5,-0.19999999999999996
4,23.5,-0.17999999999999994
4,23.5,-0.16000000000000003
4,23.5,-0.14
4,23.5,-0.12
4,23.5,-0.09999999999999998
4,23.5,-0.07999999999999996
4,23.5,-0.05999999999999994
4,23.5,-0.040000000000000036
4,23.5,-0.020000000000000018
4,23.5,0.0
4,23.5,0.020000000000000018
4,23.5,0.040000000000000036
4,23.5,0.06000000000000005
4,23.5,0.08000000000000007
4,23.5,0.10000000000000009
4,23.5,0.1200000000000001
4,23.5,0.14000000000000012
4,23.5,0.15999999999999992
4,23.5,0.17999999999999994
4,23.5,0.19999999999999996
4,23.5,0.21999999999999997
4,23.5,0.24
4,23.5,0.26
4,23.5,0.28
4,23.5,0.30000000000000004
4,23.5,0.32000000000000006
4,23.5,0.3400000000000001
4,23.5,0.3600000000000001
4,23.5,0.3800000000000001
4,23.5,0.40000000000000013
4,23.5,0.41999999999999993
4,23.5,0.43999999999999995
4,23.5,0.45999999999999996
4,23.5,0.48
4,23.5,0.5
4,23.5,0.52
4,23.5,0.54
4,23.5,0.56
4,23.5,0.5800000000000001
4,23.5,0.6000000000000001
4,23.5,0.6200000000000001
4,23.5,0.6400000000000001
4,23.5,0.6600000000000001
4,23.5,0.6799999999999999
4,23.5,0.7
4,23.5,0.72
4,23.5,0.74
4,23.5,0.76
4,23.5,0.78
4,23.5,0.8
4,23.5,0.8200000000000001
4,23.5,0.8400000000000001
4,23.5,0.8600000000000001
4,23.5,0.8800000000000001
4,23.5,0.9000000000000001
4,23.5,0.9199999999999999
4,23.5,0.94
4,23.5,0.96
4,23.5,0.98
4,23.5,1.0
4,24.0,-1.0
4,24.0,-0.98
4,24.0,-0.96
4,24.0,-0.94
4,24.0,-0.92
4,24.0,-0.9
4,24.0,-0.88
4,24.0,-0.86
4,24.0,-0.84
4,24.0,-0.8200000000000001
4,24.0,-0.8
4,24.0,-0.78
4,24.0,-0.76
4,24.0,-0.74
4,24.0,-0.72
4,24.0,-0.7
4,24.0,-0.6799999999999999
4,24.0,-0.6599999999999999
4,24.0,-0.64
4,24.0,-0.62
4,24.0,-0.6
4,24.0,-0.5800000000000001
4,24.0,-0.56
4,24.0,-0.54
4,24.0,-0.52
4,24.0,-0.5
4,24.0,-0.48
4,24.0,-0.45999999999999996
4,24.0,-0.43999999999999995
4,24.0,-0.42000000000000004
4,24.0,-0.4
4,24.0,-0.38
4,24.0,-0.36
4,24.0,-0.33999999999999997
4,24.0,-0.31999999999999995
4,24.0,-0.29999999999999993
4,24.0,-0.28
4,24.0,-0.26
4,24.0,-0.24
4,24.0,-0.21999999999999997
4,24.0,-0.19999999999999996
4,24.0,-0.17999999999999994
4,24.0,-0.16000000000000003
4,24.0,-0.14
4,24.0,-0.12
4,24.0,-0.09999999999999998
4,24.0,-0.07999999999999996
4,24.0,-0.05999999999999994
4,24.0,-0.040000000000000036
4,24.0,-0.020000000000000018
4,24.0,0.0
4,24.0,0.020000000000000018
4,24.0,0.040000000000000036
4,24.0,0.06000000000000005
4,24.0,0.08000000000000007
4,24.0,0.10000000000000009
4,24.0,0.1200000000000001
4,24.0,0.14000000000000012
4,24.0,0.15999999999999992
4,24.0,0.17999999999999994
4,24.0,0.19999999999999996
4,24.0,0.21999999999999997
4,24.0,0.24
4,24.0,0.26
4,24.0,0.28
4,24.0,0.30000000000000004
4,24.0,0.32000000000000006
4,24.0,0.3400000000000001
4,24.0,0.3600000000000001
4,24.0,0.3800000000000001
4,24.0,0.40000000000000013
4,24.0,0.41999999999999993
4,24.0,0.43999999999999995
4,24.0,0.45999999999999996
4,24.0,0.48
4,24.0,0.5
4,24.0,0.52
4,24.0,0.54
4,24.0,0.56
4,24.0,0.5800000000000001
4,24.0,0.6000000000000001
4,24.0,0.6200000000000001
4,24.0,0.6400000000000001
4,24.0,0.6600000000000001
4,24.0,0.6799999999999999
4,24.0,0.7
4,24.0,0.72
4,24.0,0.74
4,24.0,0.76
4,24.0,0.78
4,24.0,0.8
4,24.0,0.8200000000000001
4,24.0,0.8400000000000001
4,24.0,0.8600000000000001
4,24.0,0.8800000000000001
4,24.0,0.9000000000000001
4,24.0,0.9199999999999999
4,24.0,0.94
4,24.0,0.96
4,24.0,0.98
4,24.0,1.0
4,24.5,-1.0
4,24.5,-0.98
4,24.5,-0.96
4,24.5,-0.94
4,24.5,-0.92
4,24.5,-0.9
4,24.5,-0.88
4,24.5,-0.86
4,24.5,-0.84
4,24.5,-0.8200000000000001
4,24.5,-0.8
4,24.5,-0.78
4,24.5,-0.76
4,24.5,-0.74
4,24.5,-0.72
4,24.5,-0.7
4,24.5,-0.6799999999999999
4,24.5,-0.6599999999999999
4,24.5,-0.64
4,24.5,-0.62
4,24.5,-0.6
4,24.5,-0.5800000000000001
4,24.5,-0.56
4,24.5,-0.54
4,24.5,-0.52
4,24.5,-0.5
4,24.5,-0.48
4,24.5,-0.45999999999999996
4,24.5,-0.43999999999999995
4,24.5,-0.42000000000000004
4,24.5,-0.4
4,24.5,-0.38
4,24.5,-0.36
4,24.5,-0.33999999999999997
4,24.5,-0.31999999999999995
4,24.5,-0.29999999999999993
4,24.5,-0.28
4,24.5,-0.26
4,24.5,-0.24
4,24.5,-0.21999999999999997
4,24.5,-0.19999999999999996
4,24.5,-0.17999999999999994
4,24.5,-0.16000000000000003
4,24.5,-0.14
4,24.5,-0.12
4,24.5,-0.09999999999999998
4,24.5,-0.07999999999999996
4,24.5,-0.05999999999999994
4,24.5,-0.040000000000000036
4,24.5,-0.020000000000000018
4,24.5,0.0
4,24.5,0.020000000000000018
4,24.5,0.040000000000000036
4,24.5,0.06000000000000005
4,24.5,0.08000000000000007
4,24.5,0.10000000000000009
4,24.5,0.1200000000000001
4,24.5,0.14000000000000012
4,24.5,0.15999999999999992
4,24.5,0.17999999999999994
4,24.5,0.19999999999999996
4,24.5,0.21999999999999997
4,24.5,0.24
4,24.5,0.26
4,24.5,0.28
4,24.5,0.30000000000000004
4,24.5,0.32000000000000006
4,24.5,0.3400000000000001
4,24.5,0.3600000000000001
4,24.5,0.3800000000000001
4,24.5,0.40000000000000013
4,24.5,0.41999999999999993
4,24.5,0.43999999999999995
4,24.5,0.45999999999999996
4,24.5,0.48
4,24.5,0.5
4,24.5,0.52
4,24.5,0.54
4,24.5,0.56
4,24.5,0.5800000000000001
4,24.5,0.6000000000000001
4,24.5,0.6200000000000001
4,24.5,0.6400000000000001
4,24.5,0.6600000000000001
4,24.5,0.6799999999999999
4,24.5,0.7
4,24.5,0.72
4,24.5,0.74
4,24.5,0.76
4,24.5,0.78
4,24.5,0.8
4,24.5,0.8200000000000001
4,24.5,0.8400000000000001
4,24.5,0.8600000000000001
4,24.5,0.8800000000000001
4,24.5,0.9000000000000001
4,24.5,0.9199999999999999
4,24.5,0.94
4,24.5,0.96
4,24.5,0.98
4,24.5,1.0
4,25.0,-1.0
4,25.0,-0.98
4,25.0,-0.96
4,25.0,-0.94
4,25.0,-0.92
4,25.0,-0.9
4,25.0,-0.88
4,25.0,-0.86
4,25.0,-0.84
4,25.0,-0.8200000000000001
4,25.0,-0.8
4,25.0,-0.78
4,25.0,-0.76
4,25.0,-0.74
4,25.0,-0.72
4,25.0,-0.7
4,25.0,-0.6799999999999999
4,25.0,-0.6599999999999999
4,25.0,-0.64
4,25.0,-0.62
4,25.0,-0.6
4,25.0,-0.5800000000000001
4,25.0,-0.56
4,25.0,-0.54
4,25.0,-0.52
4,25.0,-0.5
4,25.0,-0.48
4,25.0,-0.45999999999999996
4,25.0,-0.43999999999999995
4,25.0,-0.42000000000000004
4,25.0,-0.4
4,25.0,-0.38
4,25.0,-0.36
4,25.0,-0.33999999999999997
4,25.0,-0.31999999999999995
4,25.0,-0.29999999999999993
4,25.0,-0.28
4,25.0,-0.26
4,25.0,-0.24
4,25.0,-0.21999999999999997
4,25.0,-0.19999999999999996
4,25.0,-0.17999999999999994
4,25.0,-0.16000000000000003
4,25.0,-0.14
4,25.0,-0.12
4,25.0,-0.09999999999999998
4,25.0,-0.07999999999999996
4,25.0,-0.05999999999999994
4,25.0,-0.040000000000000036
4,25.0,-0.020000000000000018
4,25.0,0.0
4,25.0,0.020000000000000018
4,25.0,0.040000000000000036
4,25.0,0.06000000000000005
4,25.0,0.08000000000000007
4,25.0,0.10000000000000009
4,25.0,0.1200000000000001
4,25.0,0.14000000000000012
4,25.0,0.15999999999999992
4,25.0,0.17999999999999994
4,25.0,0.19999999999999996
4,25.0,0.21999999999999997
4,25.0,0.24
4,25.0,0.26
4,25.0,0.28
4,25.0,0.30000000000000004
4,25.0,0.32000000000000006
4,25.0,0.3400000000000001
4,25.0,0.3600000000000001
4,25.0,0.3800000000000001
4,25.0,0.40000000000000013
4,25.0,0.41999999999999993
4,25.0,0.43999999999999995
4,25.0,0.45999999999999996
4,25.0,0.48
4,25.0,0.5
4,25.0,0.52
4,25.0,0.54
4,25.0,0.56
4,25.0,0.5800000000000001
4,25.0,0.6000000000000001
4,25.0,0.6200000000000001
4,25.0,0.6400000000000001
4,25.0,0.6600000000000001
4,25.0,0.6799999999999999
4,25.0,0.7
4,25.0,0.72
4,25.0,0.74
4,25.0,0.76
4,25.0,0.78
4,25.0,0.8
4,25.0,0.8200000000000001
4,25.0,0.8400000000000001
4,25.0,0.8600000000000001
4,25.0,0.8800000000000001
4,25.0,0.9000000000000001
4,25.0,0.9199999999999999
4,25.0,0.94
4,25.0,0.96
4,25.0,0.98
4,25.0,1.0
4,25.5,-1.0
4,25.5,-0.98
4,25.5,-0.96
4,25.5,-0.94
4,25.5,-0.92
4,25.5,-0.9
4,25.5,-0.88
4,25.5,-0.86
4,25.5,-0.84
4,25.5,-0.8200000000000001
4,25.5,-0.8
4,25.5,-0.78
4,25.5,-0.76
4,25.5,-0.74
4,25.5,-0.72
4,25.5,-0.7
4,25.5,-0.6799999999999999
4,25.5,-0.6599999999999999
4,25.5,-0.64
4,25.5,-0.62
4,25.5,-0.6
4,25.5,-0.5800000000000001
4,25.5,-0.56
4,25.5,-0.54
4,25.5,-0.52
4,25.5,-0.5
4,25.5,-0.48
4,25.5,-0.45999999999999996
4,25.5,-0.43999999999999995
4,25.5,-0.42000000000000004
4,25.5,-0.4
4,25.5,-0.38
4,25.5,-0.36
4,25.5,-0.33999999999999997
4,25.5,-0.31999999999999995
4,25.5,-0.29999999999999993
4,25.5,-0.28
4,25.5,-0.26
4,25.5,-0.24
4,25.5,-0.21999999999999997
4,25.5,-0.19999999999999996
4,25.5,-0.17999999999999994
4,25.5,-0.16000000000000003
4,25.5,-0.14
4,25.5,-0.12
4,25.5,-0.09999999999999998
4,25.5,-0.07999999999999996
4,25.5,-0.05999999999999994
4,25.5,-0.040000000000000036
4,25.5,-0.020000000000000018
4,25.5,0.0
4,25.5,0.020000000000000018
4,25.5,0.040000000000000036
4,25.5,0.06000000000000005
4,25.5,0.08000000000000007
4,25.5,0.10000000000000009
4,25.5,0.1200000000000001
4,25.5,0.14000000000000012
4,25.5,0.15999999999999992
4,25.5,0.17999999999999994
4,25.5,0.19999999999999996
4,25.5,0.21999999999999997
4,25.5,0.24
4,25.5,0.26
4,25.5,0.28
4,25.5,0.30000000000000004
4,25.5,0.32000000000000006
4,25.5,0.3400000000000001
4,25.5,0.3600000000000001
4,25.5,0.3800000000000001
4,25.5,0.40000000000000013
4,25.5,0.41999999999999993
4,25.5,0.43999999999999995
4,25.5,0.45999999999999996
4,25.5,0.48
4,25.5,0.5
4,25.5,0.52
4,25.5,0.54
4,25.5,0.56
4,25.5,0.5800000000000001
4,25.5,0.6000000000000001
4,25.5,0.6200000000000001
4,25.5,0.6400000000000001
4,25.5,0.6600000000000001
4,25.5,0.6799999999999999
4,25.5,0.7
4,25.5,0.72
4,25.5,0.74
4,25.5,0.76
4,25.5,0.78
4,25.5,0.8
4,25.5,0.8200000000000001
4,25.5,0.8400000000000001
4,25.5,0.8600000000000001
4,25.5,0.8800000000000001
4,25.5,0.9000000000000001
4,25.5,0.9199999999999999
4,25.5,0.94
4,25.5,0.96
4,25.5,0.98
4,25.5,1.0
4,26.0,-1.0
4,26.0,-0.98
4,26.0,-0.96
4,26.0,-0.94
4,26.0,-0.92
4,26.0,-0.9
4,26.0,-0.88
4,26.0,-0.86
4,26.0,-0.84
4,26.0,-0.8200000000000001
4,26.0,-0.8
4,26.0,-0.78
4,26.0,-0.76
4,26.0,-0.74
4,26.0,-0.72
4,26.0,-0.7
4,26.0,-0.6799999999999999
4,26.0,-0.6599999999999999
4,26.0,-0.64
4,26.0,-0.62
4,26.0,-0.6
4,26.0,-0.5800000000000001
4,26.0,-0.56
4,26.0,-0.54
4,26.0,-0.52
4,26.0,-0.5
4,26.0,-0.48
4,26.0,-0.45999999999999996
4,26.0,-0.43999999999999995
4,26.0,-0.42000000000000004
4,26.0,-0.4
4,26.0,-0.38
4,26.0,-0.36
4,26.0,-0.33999999999999997
4,26.0,-0.31999999999999995
4,26.0,-0.29999999999999993
4,26.0,-0.28
4,26.0,-0.26
4,26.0,-0.24
4,26.0,-0.21999999999999997
4,26.0,-0.19999999999999996
4,26.0,-0.17999999999999994
4,26.0,-0.16000000000000003
4,26.0,-0.14
4,26.0,-0.12
4,26.0,-0.09999999999999998
4,26.0,-0.07999999999999996
4,26.0,-0.05999999999999994
4,26.0,-0.040000000000000036
4,26.0,-0.020000000000000018
4,26.0,0.0
4,26.0,0.020000000000000018
4,26.0,0.040000000000000036
4,26.0,0.06000000000000005
4,26.0,0.08000000000000007
4,26.0,0.10000000000000009
4,26.0,0.1200000000000001
4,26.0,0.14000000000000012
4,26.0,0.15999999999999992
4,26.0,0.17999999999999994
4,26.0,0.19999999999999996
4,26.0,0.21999999999999997
4,26.0,0.24
4,26.0,0.26
4,26.0,0.28
4,26.0,0.30000000000000004
4,26.0,0.32000000000000006
4,26.0,0.3400000000000001
4,26.0,0.3600000000000001
4,26.0,0.3800000000000001
4,26.0,0.40000000000000013
4,26.0,0.41999999999999993
4,26.0,0.43999999999999995
4,26.0,0.45999999999999996
4,26.0,0.48
4,26.0,0.5
4,26.0,0.52
4,26.0,0.54
4,26.0,0.56
4,26.0,0.5800000000000001
4,26.0,0.6000000000000001
4,26.0,0.6200000000000001
4,26.0,0.6400000000000001
4,26.0,0.6600000000000001
4,26.0,0.6799999999999999
4,26.0,0.7
4,26.0,0.72
4,26.0,0.74
4,26.0,0.76
4,26.0,0.78
4,26.0,0.8
4,26.0,0.8200000000000001
4,26.0,0.8400000000000001
4,26.0,0.8600000000000001
4,26.0,0.8800000000000001
4,26.0,0.9000000000000001
4,26.0,0.9199999999999999
4,26.0,0.94
4,26.0,0.96
4,26.0,0.98
4,26.0,1.0
4,26.5,-1.0
4,26.5,-0.98
4,26.5,-0.96
4,26.5,-0.94
4,26.5,-0.92
4,26.5,-0.9
4,26.5,-0.88
4,26.5,-0.86
4,26.5,-0.84
4,26.5,-0.8200000000000001
4,26.5,-0.8
4,26.5,-0.78
4,26.5,-0.76
4,26.5,-0.74
4,26.5,-0.72
4,26.5,-0.7
4,26.5,-0.6799999999999999
4,26.5,-0.6599999999999999
4,26.5,-0.64
4,26.5,-0.62
4,26.5,-0.6
4,26.5,-0.5800000000000001
4,26.5,-0.56
4,26.5,-0.54
4,26.5,-0.52
4,26.5,-0.5
4,26.5,-0.48
4,26.5,-0.45999999999999996
4,26.5,-0.43999999999999995
4,26.5,-0.42000000000000004
4,26.5,-0.4
4,26.5,-0.38
4,26.5,-0.36
4,26.5,-0.33999999999999997
4,26.5,-0.31999999999999995
4,26.5,-0.29999999999999993
4,26.5,-0.28
4,26.5,-0.26
4,26.5,-0.24
4,26.5,-0.21999999999999997
4,26.5,-0.19999999999999996
4,26.5,-0.17999999999999994
4,26.5,-0.16000000000000003
4,26.5,-0.14
4,26.5,-0.12
4,26.5,-0.09999999999999998
4,26.5,-0.07999999999999996
4,26.5,-0.05999999999999994
4,26.5,-0.040000000000000036
4,26.5,-0.020000000000000018
4,26.5,0.0
4,26.5,0.020000000000000018
4,26.5,0.040000000000000036
4,26.5,0.06000000000000005
4,26.5,0.08000000000000007
4,26.5,0.10000000000000009
4,26.5,0.1200000000000001
4,26.5,0.14000000000000012
4,26.5,0.15999999999999992
4,26.5,0.17999999999999994
4,26.5,0.19999999999999996
4,26.5,0.21999999999999997
4,26.5,0.24
4,26.5,0.26
4,26.5,0.28
4,26.5,0.30000000000000004
4,26.5,0.32000000000000006
4,26.5,0.3400000000000001
4,26.5,0.3600000000000001
4,26.5,0.3800000000000001
4,26.5,0.40000000000000013
4,26.5,0.41999999999999993
4,26.5,0.43999999999999995
4,26.5,0.45999999999999996
4,26.5,0.48
4,26.5,0.5
4,26.5,0.52
4,26.5,0.54
4,26.5,0.56
4,26.5,0.5800000000000001
4,26.5,0.6000000000000001
4,26.5,0.6200000000000001
4,26.5,0.6400000000000001
4,26.5,0.6600000000000001
4,26.5,0.6799999999999999
4,26.5,0.7
4,26.5,0.72
4,26.5,0.74
4,26.5,0.76
4,26.5,0.78
4,26.5,0.8
4,26.5,0.8200000000000001
4,26.5,0.8400000000000001
4,26.5,0.8600000000000001
4,26.5,0.8800000000000001
4,26.5,0.9000000000000001
4,26.5,0.9199999999999999
4,26.5,0.94
4,26.5,0.96
4,26.5,0.98
4,26.5,1.0
4,27.0,-1.0
4,27.0,-0.98
4,27.0,-0.96
4,27.0,-0.94
4,27.0,-0.92
4,27.0,-0.9
4,27.0,-0.88
4,27.0,-0.86
4,27.0,-0.84
4,27.0,-0.8200000000000001
4,27.0,-0.8
4,27.0,-0.78
4,27.0,-0.76
4,27.0,-0.74
4,27.0,-0.72
4,27.0,-0.7
4,27.0,-0.6799999999999999
4,27.0,-0.6599999999999999
4,27.0,-0.64
4,27.0,-0.62
4,27.0,-0.6
4,27.0,-0.5800000000000001
4,27.0,-0.56
4,27.0,-0.54
4,27.0,-0.52
4,27.0,-0.5
4,27.0,-0.48
4,27.0,-0.45999999999999996
4,27.0,-0.43999999999999995
4,27.0,-0.42000000000000004
4,27.0,-0.4
4,27.0,-0.38
4,27.0,-0.36
4,27.0,-0.33999999999999997
4,27.0,-0.31999999999999995
4,27.0,-0.29999999999999993
4,27.0,-0.28
4,27.0,-0.26
4,27.0,-0.24
4,27.0,-0.21999999999999997
4,27.0,-0.19999999999999996
4,27.0,-0.17999999999999994
4,27.0,-0.16000000000000003
4,27.0,-0.14
4,27.0,-0.12
4,27.0,-0.09999999999999998
4,27.0,-0.07999999999999996
4,27.0,-0.05999999999999994
4,27.0,-0.040000000000000036
4,27.0,-0.020000000000000018
4,27.0,0.0
4,27.0,0.020000000000000018
4,27.0,0.040000000000000036
4,27.0,0.06000000000000005
4,27.0,0.08000000000000007
4,27.0,0.10000000000000009
4,27.0,0.1200000000000001
4,27.0,0.14000000000000012
4,27.0,0.15999999999999992
4,27.0,0.17999999999999994
4,27.0,0.19999999999999996
4,27.0,0.21999999999999997
4,27.0,0.24
4,27.0,0.26
4,27.0,0.28
4,27.0,0.30000000000000004
4,27.0,0.32000000000000006
4,27.0,0.3400000000000001
4,27.0,0.3600000000000001
4,27.0,0.3800000000000001
4,27.0,0.40000000000000013
4,27.0,0.41999999999999993
4,27.0,0.43999999999999995
4,27.0,0.45999999999999996
4,27.0,0.48
4,27.0,0.5
4,27.0,0.52
4,27.0,0.54
4,27.0,0.56
4,27.0,0.5800000000000001
4,27.0,0.6000000000000001
4,27.0,0.6200000000000001
4,27.0,0.6400000000000001
4,27.0,0.6600000000000001
4,27.0,0.6799999999999999
4,27.0,0.7
4,27.0,0.72
4,27.0,0.74
4,27.0,0.76
4,27.0,0.78
4,27.0,0.8
4,27.0,0.8200000000000001
4,27.0,0.8400000000000001
4,27.0,0.8600000000000001
4,27.0,0.8800000000000001
4,27.0,0.9000000000000001
4,27.0,0.9199999999999999
4,27.0,0.94
4,27.0,0.96
4,27.0,0.98
4,27.0,1.0
4,27.5,-1.0
4,27.5,-0.98
4,27.5,-0.96
4,27.5,-0.94
4,27.5,-0.92
4,27.5,-0.9
4,27.5,-0.88
4,27.5,-0.86
4,27.5,-0.84
4,27.5,-0.8200000000000001
4,27.5,-0.8
4,27.5,-0.78
4,27.5,-0.76
4,27.5,-0.74
4,27.5,-0.72
4,27.5,-0.7
4,27.5,-0.6799999999999999
4,27.5,-0.6599999999999999
4,27.5,-0.64
4,27.5,-0.62
4,27.5,-0.6
4,27.5,-0.5800000000000001
4,27.5,-0.56
4,27.5,-0.54
4,27.5,-0.52
4,27.5,-0.5
4,27.5,-0.48
4,27.5,-0.45999999999999996
4,27.5,-0.43999999999999995
4,27.5,-0.42000000000000004
4,27.5,-0.4
4,27.5,-0.38
4,27.5,-0.36
4,27.5,-0.33999999999999997
4,27.5,-0.31999999999999995
4,27.5,-0.29999999999999993
4,27.5,-0.28
4,27.5,-0.26
4,27.5,-0.24
4,27.5,-0.21999999999999997
4,27.5,-0.19999999999999996
4,27.5,-0.17999999999999994
4,27.5,-0.16000000000000003
4,27.5,-0.14
4,27.5,-0.12
4,27.5,-0.09999999999999998
4,27.5,-0.07999999999999996
4,27.5,-0.05999999999999994
4,27.5,-0.040000000000000036
4,27.5,-0.020000000000000018
4,27.5,0.0
4,27.5,0.020000000000000018
4,27.5,0.040000000000000036
4,27.5,0.06000000000000005
4,27.5,0.08000000000000007
4,27.5,0.10000000000000009
4,27.5,0.1200000000000001
4,27.5,0.14000000000000012
4,27.5,0.15999999999999992
4,27.5,0.17999999999999994
4,27.5,0.19999999999999996
4,27.5,0.21999999999999997
4,27.5,0.24
4,27.5,0.26
4,27.5,0.28
4,27.5,0.30000000000000004
4,27.5,0.32000000000000006
4,27.5,0.3400000000000001
4,27.5,0.3600000000000001
4,27.5,0.3800000000000001
4,27.5,0.40000000000000013
4,27.5,0.41999999999999993
4,27.5,0.43999999999999995
4,27.5,0.45999999999999996
4,27.5,0.48
4,27.5,0.5
4,27.5,0.52
4,27.5,0.54
4,27.5,0.56
4,27.5,0.5800000000000001
4,27.5,0.6000000000000001
4,27.5,0.6200000000000001
4,27.5,0.6400000000000001
4,27.5,0.6600000000000001
4,27.5,0.6799999999999999
4,27.5,0.7
4,27.5,0.72
4,27.5,0.74
4,27.5,0.76
4,27.5,0.78
4,27.5,0.8
4,27.5,0.8200000000000001
4,27.5,0.8400000000000001
4,27.5,0.8600000000000001
4,27.5,0.8800000000000001
4,27.5,0.9000000000000001
4,27.5,0.9199999999999999
4,27.5,0.94
4,27.5,0.96
4,27.5,0.98
4,27.5,1.0
4,28.0,-1.0
4,28.0,-0.98
4,28.0,-0.96
4,28.0,-0.94
4,28.0,-0.92
4,28.0,-0.9
4,28.0,-0.88
4,28.0,-0.86
4,28.0,-0.84
4,28.0,-0.8200000000000001
4,28.0,-0.8
4,28.0,-0.78
4,28.0,-0.76
4,28.0,-0.74
4,28.0,-0.72
4,28.0,-0.7
4,28.0,-0.6799999999999999
4,28.0,-0.6599999999999999
4,28.0,-0.64
4,28.0,-0.62
4,28.0,-0.6
4,28.0,-0.5800000000000001
4,28.0,-0.56
4,28.0,-0.54
4,28.0,-0.52
4,28.0,-0.5
4,28.0,-0.48
4,28.0,-0.45999999999999996
4,28.0,-0.43999999999999995
4,28.0,-0.42000000000000004
4,28.0,-0.4
4,28.0,-0.38
4,28.0,-0.36
4,28.0,-0.33999999999999997
4,28.0,-0.31999999999999995
4,28.0,-0.29999999999999993
4,28.0,-0.28
4,28.0,-0.26
4,28.0,-0.24
4,28.0,-0.21999999999999997
4,28.0,-0.19999999999999996
4,28.0,-0.17999999999999994
4,28.0,-0.16000000000000003
4,28.0,-0.14
4,28.0,-0.12
4,28.0,-0.09999999999999998
4,28.0,-0.07999999999999996
4,28.0,-0.05999999999999994
4,28.0,-0.040000000000000036
4,28.0,-0.020000000000000018
4,28.0,0.0
4,28.0,0.020000000000000018
4,28.0,0.040000000000000036
4,28.0,0.06000000000000005
4,28.0,0.08000000000000007
4,28.0,0.10000000000000009
4,28.0,0.1200000000000001
4,28.0,0.14000000000000012
4,28.0,0.15999999999999992
4,28.0,0.17999999999999994
4,28.0,0.19999999999999996
4,28.0,0.21999999999999997
4,28.0,0.24
4,28.0,0.26
4,28.0,0.28
4,28.0,0.30000000000000004
4,28.0,0.32000000000000006
4,28.0,0.3400000000000001
4,28.0,0.3600000000000001
4,28.0,0.3800000000000001
4,28.0,0.40000000000000013
4,28.0,0.41999999999999993
4,28.0,0.43999999999999995
4,28.0,0.45999999999999996
4,28.0,0.48
4,28.0,0.5
4,28.0,0.52
4,28.0,0.54
4,28.0,0.56
4,28.0,0.5800000000000001
4,28.0,0.6000000000000001
4,28.0,0.6200000000000001
4,28.0,0.6400000000000001
4,28.0,0.6600000000000001
4,28.0,0.6799999999999999
4,28.0,0.7
4,28.0,0.72
4,28.0,0.74
4,28.0,0.76
4,28.0,0.78
4,28.0,0.8
4,28.0,0.8200000000000001
4,28.0,0.8400000000000001
4,28.0,0.8600000000000001
4,28.0,0.8800000000000001
4,28.0,0.9000000000000001
4,28.0,0.9199999999999999
4,28.0,0.94
4,28.0,0.96
4,28.0,0.98
4,28.0,1.0
4,28.5,-1.0
4,28.5,-0.98
4,28.5,-0.96
4,28.5,-0.94
4,28.5,-0.92
4,28.5,-0.9
4,28.5,-0.88
4,28.5,-0.86
4,28.5,-0.84
4,28.5,-0.8200000000000001
4,28.5,-0.8
4,28.5,-0.78
4,28.5,-0.76
4,28.5,-0.74
4,28.5,-0.72
4,28.5,-0.7
4,28.5,-0.6799999999999999
4,28.5,-0.6599999999999999
4,28.5,-0.64
4,28.5,-0.62
4,28.5,-0.6
4,28.5,-0.5800000000000001
4,28.5,-0.56
4,28.5,-0.54
4,28.5,-0.52
4,28.5,-0.5
4,28.5,-0.48
4,28.5,-0.45999999999999996
4,28.5,-0.43999999999999995
4,28.5,-0.42000000000000004
4,28.5,-0.4
4,28.5,-0.38
4,28.5,-0.36
4,28.5,-0.33999999999999997
4,28.5,-0.31999999999999995
4,28.5,-0.29999999999999993
4,28.5,-0.28
4,28.5,-0.26
4,28.5,-0.24
4,28.5,-0.21999999999999997
4,28.5,-0.19999999999999996
4,28.5,-0.17999999999999994
4,28.5,-0.16000000000000003
4,28.5,-0.14
4,28.5,-0.12
4,28.5,-0.09999999999999998
4,28.5,-0.07999999999999996
4,28.5,-0.05999999999999994
4,28.5,-0.040000000000000036
4,28.5,-0.020000000000000018
4,28.5,0.0
4,28.5,0.020000000000000018
4,28.5,0.040000000000000036
4,28.5,0.06000000000000005
4,28.5,0.08000000000000007
4,28.5,0.10000000000000009
4,28.5,0.1200000000000001
4,28.5,0.14000000000000012
4,28.5,0.15999999999999992
4,28.5,0.17999999999999994
4,28.5,0.19999999999999996
4,28.5,0.21999999999999997
4,28.5,0.24
4,28.5,0.26
4,28.5,0.28
4,28.5,0.30000000000000004
4,28.5,0.32000000000000006
4,28.5,0.3400000000000001
4,28.5,0.3600000000000001
4,28.5,0.3800000000000001
4,28.5,0.40000000000000013
4,28.5,0.41999999999999993
4,28.5,0.43999999999999995
4,28.5,0.45999999999999996
4,28.5,0.48
4,28.5,0.5
4,28.5,0.52
4,28.5,0.54
4,28.5,0.56
4,28.5,0.5800000000000001
4,28.5,0.6000000000000001
4,28.5,0.6200000000000001
4,28.5,0.6400000000000001
4,28.5,0.6600000000000001
4,28.5,0.6799999999999999
4,28.5,0.7
4,28.5,0.72
4,28.5,0.74
4,28.5,0.76
4,28.5,0.78
4,28.5,0.8
4,28.5,0.8200000000000001
4,28.5,0.8400000000000001
4,28.5,0.8600000000000001
4,28.5,0.8800000000000001
4,28.5,0.9000000000000001
4,28.5,0.9199999999999999
4,28.5,0.94
4,28.5,0.96
4,28.5,0.98
4,28.5,1.0
4,29.0,-1.0
4,29.0,-0.98
4,29.0,-0.96
4,29.0,-0.94
4,29.0,-0.92
4,29.0,-0.9
4,29.0,-0.88
4,29.0,-0.86
4,29.0,-0.84
4,29.0,-0.8200000000000001
4,29.0,-0.8
4,29.0,-0.78
4,29.0,-0.76
4,29.0,-0.74
4,29.0,-0.72
4,29.0,-0.7
4,29.0,-0.6799999999999999
4,29.0,-0.6599999999999999
4,29.0,-0.64
4,29.0,-0.62
4,29.0,-0.6
4,29.0,-0.5800000000000001
4,29.0,-0.56
4,29.0,-0.54
4,29.0,-0.52
4,29.0,-0.5
4,29.0,-0.48
4,29.0,-0.45999999999999996
4,29.0,-0.43999999999999995
4,29.0,-0.42000000000000004
4,29.0,-0.4
4,29.0,-0.38
4,29.0,-0.36
4,29.0,-0.33999999999999997
4,29.0,-0.31999999999999995
4,29.0,-0.29999999999999993
4,29.0,-0.28
4,29.0,-0.26
4,29.0,-0.24
4,29.0,-0.21999999999999997
4,29.0,-0.19999999999999996
4,29.0,-0.17999999999999994
4,29.0,-0.16000000000000003
4,29.0,-0.14
4,29.0,-0.12
4,29.0,-0.09999999999999998
4,29.0,-0.07999999999999996
4,29.0,-0.05999999999999994
4,29.0,-0.040000000000000036
4,29.0,-0.020000000000000018
4,29.0,0.0
4,29.0,0.020000000000000018
4,29.0,0.040000000000000036
4,29.0,0.06000000000000005
4,29.0,0.08000000000000007
4,29.0,0.10000000000000009
4,29.0,0.1200000000000001
4,29.0,0.14000000000000012
4,29.0,0.15999999999999992
4,29.0,0.17999999999999994
4,29.0,0.19999999999999996
4,29.0,0.21999999999999997
4,29.0,0.24
4,29.0,0.26
4,29.0,0.28
4,29.0,0.30000000000000004
4,29.0,0.32000000000000006
4,29.0,0.3400000000000001
4,29.0,0.3600000000000001
4,29.0,0.3800000000000001
4,29.0,0.40000000000000013
4,29.0,0.41999999999999993
4,29.0,0.43999999999999995
4,29.0,0.45999999999999996
4,29.0,0.48
4,29.0,0.5
4,29.0,0.52
4,29.0,0.54
4,29.0,0.56
4,29.0,0.5800000000000001
4,29.0,0.6000000000000001
4,29.0,0.6200000000000001
4,29.0,0.6400000000000001
4,29.0,0.6600000000000001
4,29.0,0.6799999999999999
4,29.0,0.7
4,29.0,0.72
4,29.0,0.74
4,29.0,0.76
4,29.0,0.78
4,29.0,0.8
4,29.0,0.8200000000000001
4,29.0,0.8400000000000001
4,29.0,0.8600000000000001
4,29.0,0.8800000000000001
4,29.0,0.9000000000000001
4,29.0,0.9199999999999999
4,29.0,0.94
4,29.0,0.96
4,29.0,0.98
4,29.0,1.0
4,29.5,-1.0
4,29.5,-0.98
4,29.5,-0.96
4,29.5,-0.94
4,29.5,-0.92
4,29.5,-0.9
4,29.5,-0.88
4,29.5,-0.86
4,29.5,-0.84
4,29.5,-0.8200000000000001
4,29.5,-0.8
4,29.5,-0.78
4,29.5,-0.76
4,29.5,-0.74
4,29.5,-0.72
4,29.5,-0.7
4,29.5,-0.6799999999999999
4,29.5,-0.6599999999999999
4,29.5,-0.64
4,29.5,-0.62
4,29.5,-0.6
4,29.5,-0.5800000000000001
4,29.5,-0.56
4,29.5,-0.54
4,29.5,-0.52
4,29.5,-0.5
4,29.5,-0.48
4,29.5,-0.45999999999999996
4,29.5,-0.43999999999999995
4,29.5,-0.42000000000000004
4,29.5,-0.4
4,29.5,-0.38
4,29.5,-0.36
4,29.5,-0.33999999999999997
4,29.5,-0.31999999999999995
4,29.5,-0.29999999999999993
4,29.5,-0.28
4,29.5,-0.26
4,29.5,-0.24
4,29.5,-0.21999999999999997
4,29.5,-0.19999999999999996
4,29.5,-0.17999999999999994
4,29.5,-0.16000000000000003
4,29.5,-0.14
4,29.5,-0.12
4,29.5,-0.09999999999999998
4,29.5,-0.07999999999999996
4,29.5,-0.05999999999999994
4,29.5,-0.040000000000000036
4,29.5,-0.020000000000000018
4,29.5,0.0
4,29.5,0.020000000000000018
4,29.5,0.040000000000000036
4,29.5,0.06000000000000005
4,29.5,0.08000000000000007
4,29.5,0.10000000000000009
4,29.5,0.1200000000000001
4,29.5,0.14000000000000012
4,29.5,0.15999999999999992
4,29.5,0.17999999999999994
4,29.5,0.19999999999999996
4,29.5,0.21999999999999997
4,29.5,0.24
4,29.5,0.26
4,29.5,0.28
4,29.5,0.30000000000000004
4,29.5,0.32000000000000006
4,29.5,0.3400000000000001
4,29.5,0.3600000000000001
4,29.5,0.3800000000000001
4,29.5,0.40000000000000013
4,29.5,0.41999999999999993
4,29.5,0.43999999999999995
4,29.5,0.45999999999999996
4,29.5,0.48
4,29.5,0.5
4,29.5,0.52
4,29.5,0.54
4,29.5,0.56
4,29.5,0.5800000000000001
4,29.5,0.6000000000000001
4,29.5,0.6200000000000001
4,29.5,0.6400000000000001
4,29.5,0.6600000000000001
4,29.5,0.6799999999999999
4,29.5,0.7
4,29.5,0.72
4,29.5,0.74
4,29.5,0.76
4,29.5,0.78
4,29.5,0.8
4,29.5,0.8200000000000001
4,29.5,0.8400000000000001
4,29.5,0.8600000000000001
4,29.5,0.8800000000000001
4,29.5,0.9000000000000001
4,29.5,0.9199999999999999
4,29.5,0.94
4,29.5,0.96
4,29.5,0.98
4,29.5,1.0
4,30.0,-1.0
4,30.0,-0.98
4,30.0,-0.96
4,30.0,-0.94
4,30.0,-0.92
4,30.0,-0.9
4,30.0,-0.88
4,30.0,-0.86
4,30.0,-0.84
4,30.0,-0.8200000000000001
4,30.0,-0.8
4,30.0,-0.78
4,30.0,-0.76
4,30.0,-0.74
4,30.0,-0.72
4,30.0,-0.7
4,30.0,-0.6799999999999999
4,30.0,-0.6599999999999999
4,30.0,-0.64
4,30.0,-0.62
4,30.0,-0.6
4,30.0,-0.5800000000000001
4,30.0,-0.56
4,30.0,-0.54
4,30.0,-0.52
4,30.0,-0.5
4,30.0,-0.48
4,30.0,-0.45999999999999996
4,30.0,-0.43999999999999995
4,30.0,-0.42000000000000004
4,30.0,-0.4
4,30.0,-0.38
4,30.0,-0.36
4,30.0,-0.33999999999999997
4,30.0,-0.31999999999999995
4,30.0,-0.29999999999999993
4,30.0,-0.28
4,30.0,-0.26
4,30.0,-0.24
4,30.0,-0.21999999999999997
4,30.0,-0.19999999999999996
4,30.0,-0.17999999999999994
4,30.0,-0.16000000000000003
4,30.0,-0.14
4,30.0,-0.12
4,30.0,-0.09999999999999998
4,30.0,-0.07999999999999996
4,30.0,-0.05999999999999994
4,30.0,-0.040000000000000036
4,30.0,-0.020000000000000018
4,30.0,0.0
4,30.0,0.020000000000000018
4,30.0,0.040000000000000036
4,30.0,0.06000000000000005
4,30.0,0.08000000000000007
4,30.0,0.10000000000000009
4,30.0,0.1200000000000001
4,30.0,0.14000000000000012
4,30.0,0.15999999999999992
4,30.0,0.17999999999999994
4,30.0,0.19999999999999996
4,30.0,0.21999999999999997
4,30.0,0.24
4,30.0,0.26
4,30.0,0.28
4,30.0,0.30000000000000004
4,30.0,0.32000000000000006
4,30.0,0.3400000000000001
4,30.0,0.3600000000000001
4,30.0,0.3800000000000001
4,30.0,0.40000000000000013
4,30.0,0.41999999999999993
4,30.0,0.43999999999999995
4,30.0,0.45999999999999996
4,30.0,0.48
4,30.0,0.5
4,30.0,0.52
4,30.0,0.54
4,30.0,0.56
4,30.0,0.5800000000000001
4,30.0,0.6000000000000001
4,30.0,0.6200000000000001
4,30.0,0.6400000000000001
4,30.0,0.6600000000000001
4,30.0,0.6799999999999999
4,30.0,0.7
4,30.0,0.72
4,30.0,0.74
4,30.0,0.76
4,30.0,0.78
4,30.0,0.8
4,30.0,0.8200000000000001
4,30.0,0.8400000000000001
4,30.0,0.8600000000000001
4,30.0,0.8800000000000001
4,30.0,0.9000000000000001
4,30.0,0.9199999999999999
4,30.0,0.94
4,30.0,0.96
4,30.0,0.98
4,30.0,1.0
4,30.5,-1.0
4,30.5,-0.98
4,30.5,-0.96
4,30.5,-0.94
4,30.5,-0.92
4,30.5,-0.9
4,30.5,-0.88
4,30.5,-0.86
4,30.5,-0.84
4,30.5,-0.8200000000000001
4,30.5,-0.8
4,30.5,-0.78
4,30.5,-0.76
4,30.5,-0.74
4,30.5,-0.72
4,30.5,-0.7
4,30.5,-0.6799999999999999
4,30.5,-0.6599999999999999
4,30.5,-0.64
4,30.5,-0.62
4,30.5,-0.6
4,30.5,-0.5800000000000001
4,30.5,-0.56
4,30.5,-0.54
4,30.5,-0.52
4,30.5,-0.5
4,30.5,-0.48
4,30.5,-0.45999999999999996
4,30.5,-0.43999999999999995
4,30.5,-0.42000000000000004
4,30.5,-0.4
4,30.5,-0.38
4,30.5,-0.36
4,30.5,-0.33999999999999997
4,30.5,-0.31999999999999995
4,30.5,-0.29999999999999993
4,30.5,-0.28
4,30.5,-0.26
4,30.5,-0.24
4,30.5,-0.21999999999999997
4,30.5,-0.19999999999999996
4,30.5,-0.17999999999999994
4,30.5,-0.16000000000000003
4,30.5,-0.14
4,30.5,-0.12
4,30.5,-0.09999999999999998
4,30.5,-0.07999999999999996
4,30.5,-0.05999999999999994
4,30.5,-0.040000000000000036
4,30.5,-0.020000000000000018
4,30.5,0.0
4,30.5,0.020000000000000018
4,30.5,0.040000000000000036
4,30.5,0.06000000000000005
4,30.5,0.08000000000000007
4,30.5,0.10000000000000009
4,30.5,0.1200000000000001
4,30.5,0.14000000000000012
4,30.5,0.15999999999999992
4,30.5,0.17999999999999994
4,30.5,0.19999999999999996
4,30.5,0.21999999999999997
4,30.5,0.24
4,30.5,0.26
4,30.5,0.28
4,30.5,0.30000000000000004
4,30.5,0.32000000000000006
4,30.5,0.3400000000000001
4,30.5,0.3600000000000001
4,30.5,0.3800000000000001
4,30.5,0.40000000000000013
4,30.5,0.41999999999999993
4,30.5,0.43999999999999995
4,30.5,0.45999999999999996
4,30.5,0.48
4,30.5,0.5
4,30.5,0.52
4,30.5,0.54
4,30.5,0.56
4,30.5,0.5800000000000001
4,30.5,0.6000000000000001
4,30.5,0.6200000000000001
4,30.5,0.6400000000000001
4,30.5,0.6600000000000001
4,30.5,0.6799999999999999
4,30.5,0.7
4,30.5,0.72
4,30.5,0.74
4,30.5,0.76
4,30.5,0.78
4,30.5,0.8
4,30.5,0.8200000000000001
4,30.5,0.8400000000000001
4,30.5,0.8600000000000001
4,30.5,0.8800000000000001
4,30.5,0.9000000000000001
4,30.5,0.9199999999999999
4,30.5,0.94
4,30.5,0.96
4,30.5,0.98
4,30.5,1.0
4,31.0,-1.0
4,31.0,-0.98
4,31.0,-0.96
4,31.0,-0.94
4,31.0,-0.92
4,31.0,-0.9
4,31.0,-0.88
4,31.0,-0.86
4,31.0,-0.84
4,31.0,-0.8200000000000001
4,31.0,-0.8
4,31.0,-0.78
4,31.0,-0.76
4,31.0,-0.74
4,31.0,-0.72
4,31.0,-0.7
4,31.0,-0.6799999999999999
4,31.0,-0.6599999999999999
4,31.0,-0.64
4,31.0,-0.62
4,31.0,-0.6
4,31.0,-0.5800000000000001
4,31.0,-0.56
4,31.0,-0.54
4,31.0,-0.52
4,31.0,-0.5
4,31.0,-0.48
4,31.0,-0.45999999999999996
4,31.0,-0.43999999999999995
4,31.0,-0.42000000000000004
4,31.0,-0.4
4,31.0,-0.38
4,31.0,-0.36
4,31.0,-0.33999999999999997
4,31.0,-0.31999999999999995
4,31.0,-0.29999999999999993
4,31.0,-0.28
4,31.0,-0.26
4,31.0,-0.24
4,31.0,-0.21999999999999997
4,31.0,-0.19999999999999996
4,31.0,-0.17999999999999994
4,31.0,-0.16000000000000003
4,31.0,-0.14
4,31.0,-0.12
4,31.0,-0.09999999999999998
4,31.0,-0.07999999999999996
4,31.0,-0.05999999999999994
4,31.0,-0.040000000000000036
4,31.0,-0.020000000000000018
4,31.0,0.0
4,31.0,0.020000000000000018
4,31.0,0.040000000000000036
4,31.0,0.06000000000000005
4,31.0,0.08000000000000007
4,31.0,0.10000000000000009
4,31.0,0.1200000000000001
4,31.0,0.14000000000000012
4,31.0,0.15999999999999992
4,31.0,0.17999999999999994
4,31.0,0.19999999999999996
4,31.0,0.21999999999999997
4,31.0,0.24
4,31.0,0.26
4,31.0,0.28
4,31.0,0.30000000000000004
4,31.0,0.32000000000000006
4,31.0,0.3400000000000001
4,31.0,0.3600000000000001
4,31.0,0.3800000000000001
4,31.0,0.40000000000000013
4,31.0,0.41999999999999993
4,31.0,0.43999999999999995
4,31.0,0.45999999999999996
4,31.0,0.48
4,31.0,0.5
4,31.0,0.52
4,31.0,0.54
4,31.0,0.56
4,31.0,0.5800000000000001
4,31.0,0.6000000000000001
4,31.0,0.6200000000000001
4,31.0,0.6400000000000001
4,31.0,0.6600000000000001
4,31.0,0.6799999999999999
4,31.0,0.7
4,31.0,0.72
4,31.0,0.74
4,31.0,0.76
4,31.0,0.78
4,31.0,0.8
4,31.0,0.8200000000000001
4,31.0,0.8400000000000001
4,31.0,0.8600000000000001
4,31.0,0.8800000000000001
4,31.0,0.9000000000000001
4,31.0,0.9199999999999999
4,31.0,0.94
4,31.0,0.96
4,31.0,0.98
4,31.0,1.0
4,31.5,-1.0
4,31.5,-0.98
4,31.5,-0.96
4,31.5,-0.94
4,31.5,-0.92
4,31.5,-0.9
4,31.5,-0.88
4,31.5,-0.86
4,31.5,-0.84
4,31.5,-0.8200000000000001
4,31.5,-0.8
4,31.5,-0.78
4,31.5,-0.76
4,31.5,-0.74
4,31.5,-0.72
4,31.5,-0.7
4,31.5,-0.6799999999999999
4,31.5,-0.6599999999999999
4,31.5,-0.64
4,31.5,-0.62
4,31.5,-0.6
4,31.5,-0.5800000000000001
4,31.5,-0.56
4,31.5,-0.54
4,31.5,-0.52
4,31.5,-0.5
4,31.5,-0.48
4,31.5,-0.45999999999999996
4,31.5,-0.43999999999999995
4,31.5,-0.42000000000000004
4,31.5,-0.4
4,31.5,-0.38
4,31.5,-0.36
4,31.5,-0.33999999999999997
4,31.5,-0.31999999999999995
4,31.5,-0.29999999999999993
4,31.5,-0.28
4,31.5,-0.26
4,31.5,-0.24
4,31.5,-0.21999999999999997
4,31.5,-0.19999999999999996
4,31.5,-0.17999999999999994
4,31.5,-0.16000000000000003
4,31.5,-0.14
4,31.5,-0.12
4,31.5,-0.09999999999999998
4,31.5,-0.07999999999999996
4,31.5,-0.05999999999999994
4,31.5,-0.040000000000000036
4,31.5,-0.020000000000000018
4,31.5,0.0
4,31.5,0.020000000000000018
4,31.5,0.040000000000000036
4,31.5,0.06000000000000005
4,31.5,0.08000000000000007
4,31.5,0.10000000000000009
4,31.5,0.1200000000000001
4,31.5,0.14000000000000012
4,31.5,0.15999999999999992
4,31.5,0.17999999999999994
4,31.5,0.19999999999999996
4,31.5,0.21999999999999997
4,31.5,0.24
4,31.5,0.26
4,31.5,0.28
4,31.5,0.30000000000000004
4,31.5,0.32000000000000006
4,31.5,0.3400000000000001
4,31.5,0.3600000000000001
4,31.5,0.3800000000000001
4,31.5,0.40000000000000013
4,31.5,0.41999999999999993
4,31.5,0.43999999999999995
4,31.5,0.45999999999999996
4,31.5,0.48
4,31.5,0.5
4,31.5,0.52
4,31.5,0.54
4,31.5,0.56
4,31.5,0.5800000000000001
4,31.5,0.6000000000000001
4,31.5,0.6200000000000001
4,31.5,0.6400000000000001
4,31.5,0.6600000000000001
4,31.5,0.6799999999999999
4,31.5,0.7
4,31.5,0.72
4,31.5,0.74
4,31.5,0.76
4,31.5,0.78
4,31.5,0.8
4,31.5,0.8200000000000001
4,31.5,0.8400000000000001
4,31.5,0.8600000000000001
4,31.5,0.8800000000000001
4,31.5,0.9000000000000001
4,31.5,0.9199999999999999
4,31.5,0.94
4,31.5,0.96
4,31.5,0.98
4,31.5,1.0
4,32.0,-1.0
4,32.0,-0.98
4,32.0,-0.96
4,32.0,-0.94
4,32.0,-0.92
4,32.0,-0.9
4,32.0,-0.88
4,32.0,-0.86
4,32.0,-0.84
4,32.0,-0.8200000000000001
4,32.0,-0.8
4,32.0,-0.78
4,32.0,-0.76
4,32.0,-0.74
4,32.0,-0.72
4,32.0,-0.7
4,32.0,-0.6799999999999999
4,32.0,-0.6599999999999999
4,32.0,-0.64
4,32.0,-0.62
4,32.0,-0.6
4,32.0,-0.5800000000000001
4,32.0,-0.56
4,32.0,-0.54
4,32.0,-0.52
4,32.0,-0.5
4,32.0,-0.48
4,32.0,-0.45999999999999996
4,32.0,-0.43999999999999995
4,32.0,-0.42000000000000004
4,32.0,-0.4
4,32.0,-0.38
4,32.0,-0.36
4,32.0,-0.33999999999999997
4,32.0,-0.31999999999999995
4,32.0,-0.29999999999999993
4,32.0,-0.28
4,32.0,-0.26
4,32.0,-0.24
4,32.0,-0.21999999999999997
4,32.0,-0.19999999999999996
4,32.0,-0.17999999999999994
4,32.0,-0.16000000000000003
4,32.0,-0.14
4,32.0,-0.12
4,32.0,-0.09999999999999998
4,32.0,-0.07999999999999996
4,32.0,-0.05999999999999994
4,32.0,-0.040000000000000036
4,32.0,-0.020000000000000018
4,32.0,0.0
4,32.0,0.020000000000000018
4,32.0,0.040000000000000036
4,32.0,0.06000000000000005
4,32.0,0.08000000000000007
4,32.0,0.10000000000000009
4,32.0,0.1200000000000001
4,32.0,0.14000000000000012
4,32.0,0.15999999999999992
4,32.0,0.17999999999999994
4,32.0,0.19999999999999996
4,32.0,0.21999999999999997
4,32.0,0.24
4,32.0,0.26
4,32.0,0.28
4,32.0,0.30000000000000004
4,32.0,0.32000000000000006
4,32.0,0.3400000000000001
4,32.0,0.3600000000000001
4,32.0,0.3800000000000001
4,32.0,0.40000000000000013
4,32.0,0.41999999999999993
4,32.0,0.43999999999999995
4,32.0,0.45999999999999996
4,32.0,0.48
4,32.0,0.5
4,32.0,0.52
4,32.0,0.54
4,32.0,0.56
4,32.0,0.5800000000000001
4,32.0,0.6000000000000001
4,32.0,0.6200000000000001
4,32.0,0.6400000000000001
4,32.0,0.6600000000000001
4,32.0,0.6799999999999999
4,32.0,0.7
4,32.0,0.72
4,32.0,0.74
4,32.0,0.76
4,32.0,0.78
4,32.0,0.8
4,32.0,0.8200000000000001
4,32.0,0.8400000000000001
4,32.0,0.8600000000000001
4,32.0,0.8800000000000001
4,32.0,0.9000000000000001
4,32.0,0.9199999999999999
4,32.0,0.94
4,32.0,0.96
4,32.0,0.98
4,32.0,1.0
4,32.5,-1.0
4,32.5,-0.98
4,32.5,-0.96
4,32.5,-0.94
4,32.5,-0.92
4,32.5,-0.9
4,32.5,-0.88
4,32.5,-0.86
4,32.5,-0.84
4,32.5,-0.8200000000000001
4,32.5,-0.8
4,32.5,-0.78
4,32.5,-0.76
4,32.5,-0.74
4,32.5,-0.72
4,32.5,-0.7
4,32.5,-0.6799999999999999
4,32.5,-0.6599999999999999
4,32.5,-0.64
4,32.5,-0.62
4,32.5,-0.6
4,32.5,-0.5800000000000001
4,32.5,-0.56
4,32.5,-0.54
4,32.5,-0.52
4,32.5,-0.5
4,32.5,-0.48
4,32.5,-0.45999999999999996
4,32.5,-0.43999999999999995
4,32.5,-0.42000000000000004
4,32.5,-0.4
4,32.5,-0.38
4,32.5,-0.36
4,32.5,-0.33999999999999997
4,32.5,-0.31999999999999995
4,32.5,-0.29999999999999993
4,32.5,-0.28
4,32.5,-0.26
4,32.5,-0.24
4,32.5,-0.21999999999999997
4,32.5,-0.19999999999999996
4,32.5,-0.17999999999999994
4,32.5,-0.16000000000000003
4,32.5,-0.14
4,32.5,-0.12
4,32.5,-0.09999999999999998
4,32.5,-0.07999999999999996
4,32.5,-0.05999999999999994
4,32.5,-0.040000000000000036
4,32.5,-0.020000000000000018
4,32.5,0.0
4,32.5,0.020000000000000018
4,32.5,0.040000000000000036
4,32.5,0.06000000000000005
4,32.5,0.08000000000000007
4,32.5,0.10000000000000009
4,32.5,0.1200000000000001
4,32.5,0.14000000000000012
4,32.5,0.15999999999999992
4,32.5,0.17999999999999994
4,32.5,0.19999999999999996
4,32.5,0.21999999999999997
4,32.5,0.24
4,32.5,0.26
4,32.5,0.28
4,32.5,0.30000000000000004
4,32.5,0.32000000000000006
4,32.5,0.3400000000000001
4,32.5,0.3600000000000001
4,32.5,0.3800000000000001
4,32.5,0.40000000000000013
4,32.5,0.41999999999999993
4,32.5,0.43999999999999995
4,32.5,0.45999999999999996
4,32.5,0.48
4,32.5,0.5
4,32.5,0.52
4,32.5,0.54
4,32.5,0.56
4,32.5,0.5800000000000001
4,32.5,0.6000000000000001
4,32.5,0.6200000000000001
4,32.5,0.6400000000000001
4,32.5,0.6600000000000001
4,32.5,0.6799999999999999
4,32.5,0.7
4,32.5,0.72
4,32.5,0.74
4,32.5,0.76
4,32.5,0.78
4,32.5,0.8
4,32.5,0.8200000000000001
4,32.5,0.8400000000000001
4,32.5,0.8600000000000001
4,32.5,0.8800000000000001
4,32.5,0.9000000000000001
4,32.5,0.9199999999999999
4,32.5,0.94
4,32.5,0.96
4,32.5,0.98
4,32.5,1.0
4,33.0,-1.0
4,33.0,-0.98
4,33.0,-0.96
4,33.0,-0.94
4,33.0,-0.92
4,33.0,-0.9
4,33.0,-0.88
4,33.0,-0.86
4,33.0,-0.84
4,33.0,-0.8200000000000001
4,33.0,-0.8
4,33.0,-0.78
4,33.0,-0.76
4,33.0,-0.74
4,33.0,-0.72
4,33.0,-0.7
4,33.0,-0.6799999999999999
4,33.0,-0.6599999999999999
4,33.0,-0.64
4,33.0,-0.62
4,33.0,-0.6
4,33.0,-0.5800000000000001
4,33.0,-0.56
4,33.0,-0.54
4,33.0,-0.52
4,33.0,-0.5
4,33.0,-0.48
4,33.0,-0.45999999999999996
4,33.0,-0.43999999999999995
4,33.0,-0.42000000000000004
4,33.0,-0.4
4,33.0,-0.38
4,33.0,-0.36
4,33.0,-0.33999999999999997
4,33.0,-0.31999999999999995
4,33.0,-0.29999999999999993
4,33.0,-0.28
4,33.0,-0.26
4,33.0,-0.24
4,33.0,-0.21999999999999997
4,33.0,-0.19999999999999996
4,33.0,-0.17999999999999994
4,33.0,-0.16000000000000003
4,33.0,-0.14
4,33.0,-0.12
4,33.0,-0.09999999999999998
4,33.0,-0.07999999999999996
4,33.0,-0.05999999999999994
4,33.0,-0.040000000000000036
4,33.0,-0.020000000000000018
4,33.0,0.0
4,33.0,0.020000000000000018
4,33.0,0.040000000000000036
4,33.0,0.06000000000000005
4,33.0,0.08000000000000007
4,33.0,0.10000000000000009
4,33.0,0.1200000000000001
4,33.0,0.14000000000000012
4,33.0,0.15999999999999992
4,33.0,0.17999999999999994
4,33.0,0.19999999999999996
4,33.0,0.21999999999999997
4,33.0,0.24
4,33.0,0.26
4,33.0,0.28
4,33.0,0.30000000000000004
4,33.0,0.32000000000000006
4,33.0,0.3400000000000001
4,33.0,0.3600000000000001
4,33.0,0.3800000000000001
4,33.0,0.40000000000000013
4,33.0,0.41999999999999993
4,33.0,0.43999999999999995
4,33.0,0.45999999999999996
4,33.0,0.48
4,33.0,0.5
4,33.0,0.52
4,33.0,0.54
4,33.0,0.56
4,33.0,0.5800000000000001
4,33.0,0.6000000000000001
4,33.0,0.6200000000000001
4,33.0,0.6400000000000001
4,33.0,0.6600000000000001
4,33.0,0.6799999999999999
4,33.0,0.7
4,33.0,0.72
4,33.0,0.74
4,33.0,0.76
4,33.0,0.78
4,33.0,0.8
4,33.0,0.8200000000000001
4,33.0,0.8400000000000001
4,33.0,0.8600000000000001
4,33.0,0.8800000000000001
4,33.0,0.9000000000000001
4,33.0,0.9199999999999999
4,33.0,0.94
4,33.0,0.96
4,33.0,0.98
4,33.0,1.0
4,33.5,-1.0
4,33.5,-0.98
4,33.5,-0.96
4,33.5,-0.94
4,33.5,-0.92
4,33.5,-0.9
4,33.5,-0.88
4,33.5,-0.86
4,33.5,-0.84
4,33.5,-0.8200000000000001
4,33.5,-0.8
4,33.5,-0.78
4,33.5,-0.76
4,33.5,-0.74
4,33.5,-0.72
4,33.5,-0.7
4,33.5,-0.6799999999999999
4,33.5,-0.6599999999999999
4,33.5,-0.64
4,33.5,-0.62
4,33.5,-0.6
4,33.5,-0.5800000000000001
4,33.5,-0.56
4,33.5,-0.54
4,33.5,-0.52
4,33.5,-0.5
4,33.5,-0.48
4,33.5,-0.45999999999999996
4,33.5,-0.43999999999999995
4,33.5,-0.42000000000000004
4,33.5,-0.4
4,33.5,-0.38
4,33.5,-0.36
4,33.5,-0.33999999999999997
4,33.5,-0.31999999999999995
4,33.5,-0.29999999999999993
4,33.5,-0.28
4,33.5,-0.26
4,33.5,-0.24
4,33.5,-0.21999999999999997
4,33.5,-0.19999999999999996
4,33.5,-0.17999999999999994
4,33.5,-0.16000000000000003
4,33.5,-0.14
4,33.5,-0.12
4,33.5,-0.09999999999999998
4,33.5,-0.07999999999999996
4,33.5,-0.05999999999999994
4,33.5,-0.040000000000000036
4,33.5,-0.020000000000000018
4,33.5,0.0
4,33.5,0.020000000000000018
4,33.5,0.040000000000000036
4,33.5,0.06000000000000005
4,33.5,0.08000000000000007
4,33.5,0.10000000000000009
4,33.5,0.1200000000000001
4,33.5,0.14000000000000012
4,33.5,0.15999999999999992
4,33.5,0.17999999999999994
4,33.5,0.19999999999999996
4,33.5,0.21999999999999997
4,33.5,0.24
4,33.5,0.26
4,33.5,0.28
4,33.5,0.30000000000000004
4,33.5,0.32000000000000006
4,33.5,0.3400000000000001
4,33.5,0.3600000000000001
4,33.5,0.3800000000000001
4,33.5,0.40000000000000013
4,33.5,0.41999999999999993
4,33.5,0.43999999999999995
4,33.5,0.45999999999999996
4,33.5,0.48
4,33.5,0.5
4,33.5,0.52
4,33.5,0.54
4,33.5,0.56
4,33.5,0.5800000000000001
4,33.5,0.6000000000000001
4,33.5,0.6200000000000001
4,33.5,0.6400000000000001
4,33.5,0.6600000000000001
4,33.5,0.6799999999999999
4,33.5,0.7
4,33.5,0.72
4,33.5,0.74
4,33.5,0.76
4,33.5,0.78
4,33.5,0.8
4,33.5,0.8200000000000001
4,33.5,0.8400000000000001
4,33.5,0.8600000000000001
4,33.5,0.8800000000000001
4,33.5,0.9000000000000001
4,33.5,0.9199999999999999
4,33.5,0.94
4,33.5,0.96
4,33.5,0.98
4,33.5,1.0
4,34.0,-1.0
4,34.0,-0.98
4,34.0,-0.96
4,34.0,-0.94
4,34.0,-0.92
4,34.0,-0.9
4,34.0,-0.88
4,34.0,-0.86
4,34.0,-0.84
4,34.0,-0.8200000000000001
4,34.0,-0.8
4,34.0,-0.78
4,34.0,-0.76
4,34.0,-0.74
4,34.0,-0.72
4,34.0,-0.7
4,34.0,-0.6799999999999999
4,34.0,-0.6599999999999999
4,34.0,-0.64
4,34.0,-0.62
4,34.0,-0.6
4,34.0,-0.5800000000000001
4,34.0,-0.56
4,34.0,-0.54
4,34.0,-0.52
4,34.0,-0.5
4,34.0,-0.48
4,34.0,-0.45999999999999996
4,34.0,-0.43999999999999995
4,34.0,-0.42000000000000004
4,34.0,-0.4
4,34.0,-0.38
4,34.0,-0.36
4,34.0,-0.33999999999999997
4,34.0,-0.31999999999999995
4,34.0,-0.29999999999999993
4,34.0,-0.28
4,34.0,-0.26
4,34.0,-0.24
4,34.0,-0.21999999999999997
4,34.0,-0.19999999999999996
4,34.0,-0.17999999999999994
4,34.0,-0.16000000000000003
4,34.0,-0.14
4,34.0,-0.12
4,34.0,-0.09999999999999998
4,34.0,-0.07999999999999996
4,34.0,-0.05999999999999994
4,34.0,-0.040000000000000036
4,34.0,-0.020000000000000018
4,34.0,0.0
4,34.0,0.020000000000000018
4,34.0,0.040000000000000036
4,34.0,0.06000000000000005
4,34.0,0.08000000000000007
4,34.0,0.10000000000000009
4,34.0,0.1200000000000001
4,34.0,0.14000000000000012
4,34.0,0.15999999999999992
4,34.0,0.17999999999999994
4,34.0,0.19999999999999996
4,34.0,0.21999999999999997
4,34.0,0.24
4,34.0,0.26
4,34.0,0.28
4,34.0,0.30000000000000004
4,34.0,0.32000000000000006
4,34.0,0.3400000000000001
4,34.0,0.3600000000000001
4,34.0,0.3800000000000001
4,34.0,0.40000000000000013
4,34.0,0.41999999999999993
4,34.0,0.43999999999999995
4,34.0,0.45999999999999996
4,34.0,0.48
4,34.0,0.5
4,34.0,0.52
4,34.0,0.54
4,34.0,0.56
4,34.0,0.5800000000000001
4,34.0,0.6000000000000001
4,34.0,0.6200000000000001
4,34.0,0.6400000000000001
4,34.0,0.6600000000000001
4,34.0,0.6799999999999999
4,34.0,0.7
4,34.0,0.72
4,34.0,0.74
4,34.0,0.76
4,34.0,0.78
4,34.0,0.8
4,34.0,0.8200000000000001
4,34.0,0.8400000000000001
4,34.0,0.8600000000000001
4,34.0,0.8800000000000001
4,34.0,0.9000000000000001
4,34.0,0.9199999999999999
4,34.0,0.94
4,34.0,0.96
4,34.0,0.98
4,34.0,1.0
4,34.5,-1.0
4,34.5,-0.98
4,34.5,-0.96
4,34.5,-0.94
4,34.5,-0.92
4,34.5,-0.9
4,34.5,-0.88
4,34.5,-0.86
4,34.5,-0.84
4,34.5,-0.8200000000000001
4,34.5,-0.8
4,34.5,-0.78
4,34.5,-0.76
4,34.5,-0.74
4,34.5,-0.72
4,34.5,-0.7
4,34.5,-0.6799999999999999
4,34.5,-0.6599999999999999
4,34.5,-0.64
4,34.5,-0.62
4,34.5,-0.6
4,34.5,-0.5800000000000001
4,34.5,-0.56
4,34.5,-0.54
4,34.5,-0.52
4,34.5,-0.5
4,34.5,-0.48
4,34.5,-0.45999999999999996
4,34.5,-0.43999999999999995
4,34.5,-0.42000000000000004
4,34.5,-0.4
4,34.5,-0.38
4,34.5,-0.36
4,34.5,-0.33999999999999997
4,34.5,-0.31999999999999995
4,34.5,-0.29999999999999993
4,34.5,-0.28
4,34.5,-0.26
4,34.5,-0.24
4,34.5,-0.21999999999999997
4,34.5,-0.19999999999999996
4,34.5,-0.17999999999999994
4,34.5,-0.16000000000000003
4,34.5,-0.14
4,34.5,-0.12
4,34.5,-0.09999999999999998
4,34.5,-0.07999999999999996
4,34.5,-0.05999999999999994
4,34.5,-0.040000000000000036
4,34.5,-0.020000000000000018
4,34.5,0.0
4,34.5,0.020000000000000018
4,34.5,0.040000000000000036
4,34.5,0.06000000000000005
4,34.5,0.08000000000000007
4,34.5,0.10000000000000009
4,34.5,0.1200000000000001
4,34.5,0.14000000000000012
4,34.5,0.15999999999999992
4,34.5,0.17999999999999994
4,34.5,0.19999999999999996
4,34.5,0.21999999999999997
4,34.5,0.24
4,34.5,0.26
4,34.5,0.28
4,34.5,0.30000000000000004
4,34.5,0.32000000000000006
4,34.5,0.3400000000000001
4,34.5,0.3600000000000001
4,34.5,0.3800000000000001
4,34.5,0.40000000000000013
4,34.5,0.41999999999999993
4,34.5,0.43999999999999995
4,34.5,0.45999999999999996
4,34.5,0.48
4,34.5,0.5
4,34.5,0.52
4,34.5,0.54
4,34.5,0.56
4,34.5,0.5800000000000001
4,34.5,0.6000000000000001
4,34.5,0.6200000000000001
4,34.5,0.6400000000000001
4,34.5,0.6600000000000001
4,34.5,0.6799999999999999
4,34.5,0.7
4,34.5,0.72
4,34.5,0.74
4,34.5,0.76
4,34.5,0.78
4,34.5,0.8
4,34.5,0.8200000000000001
4,34.5,0.8400000000000001
4,34.5,0.8600000000000001
4,34.5,0.8800000000000001
4,34.5,0.9000000000000001
4,34.5,0.9199999999999999
4,34.5,0.94
4,34.5,0.96
4,34.5,0.98
4,34.5,1.0
4,35.0,-1.0
4,35.0,-0.98
4,35.0,-0.96
4,35.0,-0.94
4,35.0,-0.92
4,35.0,-0.9
4,35.0,-0.88
4,35.0,-0.86
4,35.0,-0.84
4,35.0,-0.8200000000000001
4,35.0,-0.8
4,35.0,-0.78
4,35.0,-0.76
4,35.0,-0.74
4,35.0,-0.72
4,35.0,-0.7
4,35.0,-0.6799999999999999
4,35.0,-0.6599999999999999
4,35.0,-0.64
4,35.0,-0.62
4,35.0,-0.6
4,35.0,-0.5800000000000001
4,35.0,-0.56
4,35.0,-0.54
4,35.0,-0.52
4,35.0,-0.5
4,35.0,-0.48
4,35.0,-0.45999999999999996
4,35.0,-0.43999999999999995
4,35.0,-0.42000000000000004
4,35.0,-0.4
4,35.0,-0.38
4,35.0,-0.36
4,35.0,-0.33999999999999997
4,35.0,-0.31999999999999995
4,35.0,-0.29999999999999993
4,35.0,-0.28
4,35.0,-0.26
4,35.0,-0.24
4,35.0,-0.21999999999999997
4,35.0,-0.19999999999999996
4,35.0,-0.17999999999999994
4,35.0,-0.16000000000000003
4,35.0,-0.14
4,35.0,-0.12
4,35.0,-0.09999999999999998
4,35.0,-0.07999999999999996
4,35.0,-0.05999999999999994
4,35.0,-0.040000000000000036
4,35.0,-0.020000000000000018
4,35.0,0.0
4,35.0,0.020000000000000018
4,35.0,0.040000000000000036
4,35.0,0.06000000000000005
4,35.0,0.08000000000000007
4,35.0,0.10000000000000009
4,35.0,0.1200000000000001
4,35.0,0.14000000000000012
4,35.0,0.15999999999999992
4,35.0,0.17999999999999994
4,35.0,0.19999999999999996
4,35.0,0.21999999999999997
4,35.0,0.24
4,35.0,0.26
4,35.0,0.28
4,35.0,0.30000000000000004
4,35.0,0.32000000000000006
4,35.0,0.3400000000000001
4,35.0,0.3600000000000001
4,35.0,0.3800000000000001
4,35.0,0.40000000000000013
4,35.0,0.41999999999999993
4,35.0,0.43999999999999995
4,35.0,0.45999999999999996
4,35.0,0.48
4,35.0,0.5
4,35.0,0.52
4,35.0,0.54
4,35.0,0.56
4,35.0,0.5800000000000001
4,35.0,0.6000000000000001
4,35.0,0.6200000000000001
4,35.0,0.6400000000000001
4,35.0,0.6600000000000001
4,35.0,0.6799999999999999
4,35.0,0.7
4,35.0,0.72
4,35.0,0.74
4,35.0,0.76
4,35.0,0.78
4,35.0,0.8
4,35.0,0.8200000000000001
4,35.0,0.8400000000000001
4,35.0,0.8600000000000001
4,35.0,0.8800000000000001
4,35.0,0.9000000000000001
4,35.0,0.9199999999999999
4,35.0,0.94
4,35.0,0.96
4,35.0,0.98
4,35.0,1.0
4,35.5,-1.0
4,35.5,-0.98
4,35.5,-0.96
4,35.5,-0.94
4,35.5,-0.92
4,35.5,-0.9
4,35.5,-0.88
4,35.5,-0.86
4,35.5,-0.84
4,35.5,-0.8200000000000001
4,35.5,-0.8
4,35.5,-0.78
4,35.5,-0.76
4,35.5,-0.74
4,35.5,-0.72
4,35.5,-0.7
4,35.5,-0.6799999999999999
4,35.5,-0.6599999999999999
4,35.5,-0.64
4,35.5,-0.62
4,35.5,-0.6
4,35.5,-0.5800000000000001
4,35.5,-0.56
4,35.5,-0.54
4,35.5,-0.52
4,35.5,-0.5
4,35.5,-0.48
4,35.5,-0.45999999999999996
4,35.5,-0.43999999999999995
4,35.5,-0.42000000000000004
4,35.5,-0.4
4,35.5,-0.38
4,35.5,-0.36
4,35.5,-0.33999999999999997
4,35.5,-0.31999999999999995
4,35.5,-0.29999999999999993
4,35.5,-0.28
4,35.5,-0.26
4,35.5,-0.24
4,35.5,-0.21999999999999997
4,35.5,-0.19999999999999996
4,35.5,-0.17999999999999994
4,35.5,-0.16000000000000003
4,35.5,-0.14
4,35.5,-0.12
4,35.5,-0.09999999999999998
4,35.5,-0.07999999999999996
4,35.5,-0.05999999999999994
4,35.5,-0.040000000000000036
4,35.5,-0.020000000000000018
4,35.5,0.0
4,35.5,0.020000000000000018
4,35.5,0.040000000000000036
4,35.5,0.06000000000000005
4,35.5,0.08000000000000007
4,35.5,0.10000000000000009
4,35.5,0.1200000000000001
4,35.5,0.14000000000000012
4,35.5,0.15999999999999992
4,35.5,0.17999999999999994
4,35.5,0.19999999999999996
4,35.5,0.21999999999999997
4,35.5,0.24
4,35.5,0.26
4,35.5,0.28
4,35.5,0.30000000000000004
4,35.5,0.32000000000000006
4,35.5,0.3400000000000001
4,35.5,0.3600000000000001
4,35.5,0.3800000000000001
4,35.5,0.40000000000000013
4,35.5,0.41999999999999993
4,35.5,0.43999999999999995
4,35.5,0.45999999999999996
4,35.5,0.48
4,35.5,0.5
4,35.5,0.52
4,35.5,0.54
4,35.5,0.56
4,35.5,0.5800000000000001
4,35.5,0.6000000000000001
4,35.5,0.6200000000000001
4,35.5,0.6400000000000001
4,35.5,0.6600000000000001
4,35.5,0.6799999999999999
4,35.5,0.7
4,35.5,0.72
4,35.5,0.74
4,35.5,0.76
4,35.5,0.78
4,35.5,0.8
4,35.5,0.8200000000000001
4,35.5,0.8400000000000001
4,35.5,0.8600000000000001
4,35.5,0.8800000000000001
4,35.5,0.9000000000000001
4,35.5,0.9199999999999999
4,35.5,0.94
4,35.5,0.96
4,35.5,0.98
4,35.5,1.0
4,36.0,-1.0
4,36.0,-0.98
4,36.0,-0.96
4,36.0,-0.94
4,36.0,-0.92
4,36.0,-0.9
4,36.0,-0.88
4,36.0,-0.86
4,36.0,-0.84
4,36.0,-0.8200000000000001
4,36.0,-0.8
4,36.0,-0.78
4,36.0,-0.76
4,36.0,-0.74
4,36.0,-0.72
4,36.0,-0.7
4,36.0,-0.6799999999999999
4,36.0,-0.6599999999999999
4,36.0,-0.64
4,36.0,-0.62
4,36.0,-0.6
4,36.0,-0.5800000000000001
4,36.0,-0.56
4,36.0,-0.54
4,36.0,-0.52
4,36.0,-0.5
4,36.0,-0.48
4,36.0,-0.45999999999999996
4,36.0,-0.43999999999999995
4,36.0,-0.42000000000000004
4,36.0,-0.4
4,36.0,-0.38
4,36.0,-0.36
4,36.0,-0.33999999999999997
4,36.0,-0.31999999999999995
4,36.0,-0.29999999999999993
4,36.0,-0.28
4,36.0,-0.26
4,36.0,-0.24
4,36.0,-0.21999999999999997
4,36.0,-0.19999999999999996
4,36.0,-0.17999999999999994
4,36.0,-0.16000000000000003
4,36.0,-0.14
4,36.0,-0.12
4,36.0,-0.09999999999999998
4,36.0,-0.07999999999999996
4,36.0,-0.05999999999999994
4,36.0,-0.040000000000000036
4,36.0,-0.020000000000000018
4,36.0,0.0
4,36.0,0.020000000000000018
4,36.0,0.040000000000000036
4,36.0,0.06000000000000005
4,36.0,0.08000000000000007
4,36.0,0.10000000000000009
4,36.0,0.1200000000000001
4,36.0,0.14000000000000012
4,36.0,0.15999999999999992
4,36.0,0.17999999999999994
4,36.0,0.19999999999999996
4,36.0,0.21999999999999997
4,36.0,0.24
4,36.0,0.26
4,36.0,0.28
4,36.0,0.30000000000000004
4,36.0,0.32000000000000006
4,36.0,0.3400000000000001
4,36.0,0.3600000000000001
4,36.0,0.3800000000000001
4,36.0,0.40000000000000013
4,36.0,0.41999999999999993
4,36.0,0.43999999999999995
4,36.0,0.45999999999999996
4,36.0,0.48
4,36.0,0.5
4,36.0,0.52
4,36.0,0.54
4,36.0,0.56
4,36.0,0.5800000000000001
4,36.0,0.6000000000000001
4,36.0,0.6200000000000001
4,36.0,0.6400000000000001
4,36.0,0.6600000000000001
4,36.0,0.6799999999999999
4,36.0,0.7
4,36.0,0.72
4,36.0,0.74
4,36.0,0.76
4,36.0,0.78
4,36.0,0.8
4,36.0,0.8200000000000001
4,36.0,0.8400000000000001
4,36.0,0.8600000000000001
4,36.0,0.8800000000000001
4,36.0,0.9000000000000001
4,36.0,0.9199999999999999
4,36.0,0.94
4,36.0,0.96
4,36.0,0.98
4,36.0,1.0
4,36.5,-1.0
4,36.5,-0.98
4,36.5,-0.96
4,36.5,-0.94
4,36.5,-0.92
4,36.5,-0.9
4,36.5,-0.88
4,36.5,-0.86
4,36.5,-0.84
4,36.5,-0.8200000000000001
4,36.5,-0.8
4,36.5,-0.78
4,36.5,-0.76
4,36.5,-0.74
4,36.5,-0.72
4,36.5,-0.7
4,36.5,-0.6799999999999999
4,36.5,-0.6599999999999999
4,36.5,-0.64
4,36.5,-0.62
4,36.5,-0.6
4,36.5,-0.5800000000000001
4,36.5,-0.56
4,36.5,-0.54
4,36.5,-0.52
4,36.5,-0.5
4,36.5,-0.48
4,36.5,-0.45999999999999996
4,36.5,-0.43999999999999995
4,36.5,-0.42000000000000004
4,36.5,-0.4
4,36.5,-0.38
4,36.5,-0.36
4,36.5,-0.33999999999999997
4,36.5,-0.31999999999999995
4,36.5,-0.29999999999999993
4,36.5,-0.28
4,36.5,-0.26
4,36.5,-0.24
4,36.5,-0.21999999999999997
4,36.5,-0.19999999999999996
4,36.5,-0.17999999999999994
4,36.5,-0.16000000000000003
4,36.5,-0.14
4,36.5,-0.12
4,36.5,-0.09999999999999998
4,36.5,-0.07999999999999996
4,36.5,-0.05999999999999994
4,36.5,-0.040000000000000036
4,36.5,-0.020000000000000018
4,36.5,0.0
4,36.5,0.020000000000000018
4,36.5,0.040000000000000036
4,36.5,0.06000000000000005
4,36.5,0.08000000000000007
4,36.5,0.10000000000000009
4,36.5,0.1200000000000001
4,36.5,0.14000000000000012
4,36.5,0.15999999999999992
4,36.5,0.17999999999999994
4,36.5,0.19999999999999996
4,36.5,0.21999999999999997
4,36.5,0.24
4,36.5,0.26
4,36.5,0.28
4,36.5,0.30000000000000004
4,36.5,0.32000000000000006
4,36.5,0.3400000000000001
4,36.5,0.3600000000000001
4,36.5,0.3800000000000001
4,36.5,0.40000000000000013
4,36.5,0.41999999999999993
4,36.5,0.43999999999999995
4,36.5,0.45999999999999996
4,36.5,0.48
4,36.5,0.5
4,36.5,0.52
4,36.5,0.54
4,36.5,0.56
4,36.5,0.5800000000000001
4,36.5,0.6000000000000001
4,36.5,0.6200000000000001
4,36.5,0.6400000000000001
4,36.5,0.6600000000000001
4,36.5,0.6799999999999999
4,36.5,0.7
4,36.5,0.72
4,36.5,0.74
4,36.5,0.76
4,36.5,0.78
4,36.5,0.8
4,36.5,0.8200000000000001
4,36.5,0.8400000000000001
4,36.5,0.8600000000000001
4,36.5,0.8800000000000001
4,36.5,0.9000000000000001
4,36.5,0.9199999999999999
4,36.5,0.94
4,36.5,0.96
4,36.5,0.98
4,36.5,1.0
4,37.0,-1.0
4,37.0,-0.98
4,37.0,-0.96
4,37.0,-0.94
4,37.0,-0.92
4,37.0,-0.9
4,37.0,-0.88
4,37.0,-0.86
4,37.0,-0.84
4,37.0,-0.8200000000000001
4,37.0,-0.8
4,37.0,-0.78
4,37.0,-0.76
4,37.0,-0.74
4,37.0,-0.72
4,37.0,-0.7
4,37.0,-0.6799999999999999
4,37.0,-0.6599999999999999
4,37.0,-0.64
4,37.0,-0.62
4,37.0,-0.6
4,37.0,-0.5800000000000001
4,37.0,-0.56
4,37.0,-0.54
4,37.0,-0.52
4,37.0,-0.5
4,37.0,-0.48
4,37.0,-0.45999999999999996
4,37.0,-0.43999999999999995
4,37.0,-0.42000000000000004
4,37.0,-0.4
4,37.0,-0.38
4,37.0,-0.36
4,37.0,-0.33999999999999997
4,37.0,-0.31999999999999995
4,37.0,-0.29999999999999993
4,37.0,-0.28
4,37.0,-0.26
4,37.0,-0.24
4,37.0,-0.21999999999999997
4,37.0,-0.19999999999999996
4,37.0,-0.17999999999999994
4,37.0,-0.16000000000000003
4,37.0,-0.14
4,37.0,-0.12
4,37.0,-0.09999999999999998
4,37.0,-0.07999999999999996
4,37.0,-0.05999999999999994
4,37.0,-0.040000000000000036
4,37.0,-0.020000000000000018
4,37.0,0.0
4,37.0,0.020000000000000018
4,37.0,0.040000000000000036
4,37.0,0.06000000000000005
4,37.0,0.08000000000000007
4,37.0,0.10000000000000009
4,37.0,0.1200000000000001
4,37.0,0.14000000000000012
4,37.0,0.15999999999999992
4,37.0,0.17999999999999994
4,37.0,0.19999999999999996
4,37.0,0.21999999999999997
4,37.0,0.24
4,37.0,0.26
4,37.0,0.28
4,37.0,0.30000000000000004
4,37.0,0.32000000000000006
4,37.0,0.3400000000000001
4,37.0,0.3600000000000001
4,37.0,0.3800000000000001
4,37.0,0.40000000000000013
4,37.0,0.41999999999999993
4,37.0,0.43999999999999995
4,37.0,0.45999999999999996
4,37.0,0.48
4,37.0,0.5
4,37.0,0.52
4,37.0,0.54
4,37.0,0.56
4,37.0,0.5800000000000001
4,37.0,0.6000000000000001
4,37.0,0.6200000000000001
4,37.0,0.6400000000000001
4,37.0,0.6600000000000001
4,37.0,0.6799999999999999
4,37.0,0.7
4,37.0,0.72
4,37.0,0.74
4,37.0,0.76
4,37.0,0.78
4,37.0,0.8
4,37.0,0.8200000000000001
4,37.0,0.8400000000000001
4,37.0,0.8600000000000001
4,37.0,0.8800000000000001
4,37.0,0.9000000000000001
4,37.0,0.9199999999999999
4,37.0,0.94
4,37.0,0.96
4,37.0,0.98
4,37.0,1.0
4,37.5,-1.0
4,37.5,-0.98
4,37.5,-0.96
4,37.5,-0.94
4,37.5,-0.92
4,37.5,-0.9
4,37.5,-0.88
4,37.5,-0.86
4,37.5,-0.84
4,37.5,-0.8200000000000001
4,37.5,-0.8
4,37.5,-0.78
4,37.5,-0.76
4,37.5,-0.74
4,37.5,-0.72
4,37.5,-0.7
4,37.5,-0.6799999999999999
4,37.5,-0.6599999999999999
4,37.5,-0.64
4,37.5,-0.62
4,37.5,-0.6
4,37.5,-0.5800000000000001
4,37.5,-0.56
4,37.5,-0.54
4,37.5,-0.52
4,37.5,-0.5
4,37.5,-0.48
4,37.5,-0.45999999999999996
4,37.5,-0.43999999999999995
4,37.5,-0.42000000000000004
4,37.5,-0.4
4,37.5,-0.38
4,37.5,-0.36
4,37.5,-0.33999999999999997
4,37.5,-0.31999999999999995
4,37.5,-0.29999999999999993
4,37.5,-0.28
4,37.5,-0.26
4,37.5,-0.24
4,37.5,-0.21999999999999997
4,37.5,-0.19999999999999996
4,37.5,-0.17999999999999994
4,37.5,-0.16000000000000003
4,37.5,-0.14
4,37.5,-0.12
4,37.5,-0.09999999999999998
4,37.5,-0.07999999999999996
4,37.5,-0.05999999999999994
4,37.5,-0.040000000000000036
4,37.5,-0.020000000000000018
4,37.5,0.0
4,37.5,0.020000000000000018
4,37.5,0.040000000000000036
4,37.5,0.06000000000000005
4,37.5,0.08000000000000007
4,37.5,0.10000000000000009
4,37.5,0.1200000000000001
4,37.5,0.14000000000000012
4,37.5,0.15999999999999992
4,37.5,0.17999999999999994
4,37.5,0.19999999999999996
4,37.5,0.21999999999999997
4,37.5,0.24
4,37.5,0.26
4,37.5,0.28
4,37.5,0.30000000000000004
4,37.5,0.32000000000000006
4,37.5,0.3400000000000001
4,37.5,0.3600000000000001
4,37.5,0.3800000000000001
4,37.5,0.40000000000000013
4,37.5,0.41999999999999993
4,37.5,0.43999999999999995
4,37.5,0.45999999999999996
4,37.5,0.48
4,37.5,0.5
4,37.5,0.52
4,37.5,0.54
4,37.5,0.56
4,37.5,0.5800000000000001
4,37.5,0.6000000000000001
4,37.5,0.6200000000000001
4,37.5,0.6400000000000001
4,37.5,0.6600000000000001
4,37.5,0.6799999999999999
4,37.5,0.7
4,37.5,0.72
4,37.5,0.74
4,37.5,0.76
4,37.5,0.78
4,37.5,0.8
4,37.5,0.8200000000000001
4,37.5,0.8400000000000001
4,37.5,0.8600000000000001
4,37.5,0.8800000000000001
4,37.5,0.9000000000000001
4,37.5,0.9199999999999999
4,37.5,0.94
4,37.5,0.96
4,37.5,0.98
4,37.5,1.0
4,38.0,-1.0
4,38.0,-0.98
4,38.0,-0.96
4,38.0,-0.94
4,38.0,-0.92
4,38.0,-0.9
4,38.0,-0.88
4,38.0,-0.86
4,38.0,-0.84
4,38.0,-0.8200000000000001
4,38.0,-0.8
4,38.0,-0.78
4,38.0,-0.76
4,38.0,-0.74
4,38.0,-0.72
4,38.0,-0.7
4,38.0,-0.6799999999999999
4,38.0,-0.6599999999999999
4,38.0,-0.64
4,38.0,-0.62
4,38.0,-0.6
4,38.0,-0.5800000000000001
4,38.0,-0.56
4,38.0,-0.54
4,38.0,-0.52
4,38.0,-0.5
4,38.0,-0.48
4,38.0,-0.45999999999999996
4,38.0,-0.43999999999999995
4,38.0,-0.42000000000000004
4,38.0,-0.4
4,38.0,-0.38
4,38.0,-0.36
4,38.0,-0.33999999999999997
4,38.0,-0.31999999999999995
4,38.0,-0.29999999999999993
4,38.0,-0.28
4,38.0,-0.26
4,38.0,-0.24
4,38.0,-0.21999999999999997
4,38.0,-0.19999999999999996
4,38.0,-0.17999999999999994
4,38.0,-0.16000000000000003
4,38.0,-0.14
4,38.0,-0.12
4,38.0,-0.09999999999999998
4,38.0,-0.07999999999999996
4,38.0,-0.05999999999999994
4,38.0,-0.040000000000000036
4,38.0,-0.020000000000000018
4,38.0,0.0
4,38.0,0.020000000000000018
4,38.0,0.040000000000000036
4,38.0,0.06000000000000005
4,38.0,0.08000000000000007
4,38.0,0.10000000000000009
4,38.0,0.1200000000000001
4,38.0,0.14000000000000012
4,38.0,0.15999999999999992
4,38.0,0.17999999999999994
4,38.0,0.19999999999999996
4,38.0,0.21999999999999997
4,38.0,0.24
4,38.0,0.26
4,38.0,0.28
4,38.0,0.30000000000000004
4,38.0,0.32000000000000006
4,38.0,0.3400000000000001
4,38.0,0.3600000000000001
4,38.0,0.3800000000000001
4,38.0,0.40000000000000013
4,38.0,0.41999999999999993
4,38.0,0.43999999999999995
4,38.0,0.45999999999999996
4,38.0,0.48
4,38.0,0.5
4,38.0,0.52
4,38.0,0.54
4,38.0,0.56
4,38.0,0.5800000000000001
4,38.0,0.6000000000000001
4,38.0,0.6200000000000001
4,38.0,0.6400000000000001
4,38.0,0.6600000000000001
4,38.0,0.6799999999999999
4,38.0,0.7
4,38.0,0.72
4,38.0,0.74
4,38.0,0.76
4,38.0,0.78
4,38.0,0.8
4,38.0,0.8200000000000001
4,38.0,0.8400000000000001
4,38.0,0.8600000000000001
4,38.0,0.8800000000000001
4,38.0,0.9000000000000001
4,38.0,0.9199999999999999
4,38.0,0.94
4,38.0,0.96
4,38.0,0.98
4,38.0,1.0
4,38.5,-1.0
4,38.5,-0.98
4,38.5,-0.96
4,38.5,-0.94
4,38.5,-0.92
4,38.5,-0.9
4,38.5,-0.88
4,38.5,-0.86
4,38.5,-0.84
4,38.5,-0.8200000000000001
4,38.5,-0.8
4,38.5,-0.78
4,38.5,-0.76
4,38.5,-0.74
4,38.5,-0.72
4,38.5,-0.7
4,38.5,-0.6799999999999999
4,38.5,-0.6599999999999999
4,38.5,-0.64
4,38.5,-0.62
4,38.5,-0.6
4,38.5,-0.5800000000000001
4,38.5,-0.56
4,38.5,-0.54
4,38.5,-0.52
4,38.5,-0.5
4,38.5,-0.48
4,38.5,-0.45999999999999996
4,38.5,-0.43999999999999995
4,38.5,-0.42000000000000004
4,38.5,-0.4
4,38.5,-0.38
4,38.5,-0.36
4,38.5,-0.33999999999999997
4,38.5,-0.31999999999999995
4,38.5,-0.29999999999999993
4,38.5,-0.28
4,38.5,-0.26
4,38.5,-0.24
4,38.5,-0.21999999999999997
4,38.5,-0.19999999999999996
4,38.5,-0.17999999999999994
4,38.5,-0.16000000000000003
4,38.5,-0.14
4,38.5,-0.12
4,38.5,-0.09999999999999998
4,38.5,-0.07999999999999996
4,38.5,-0.05999999999999994
4,38.5,-0.040000000000000036
4,38.5,-0.020000000000000018
4,38.5,0.0
4,38.5,0.020000000000000018
4,38.5,0.040000000000000036
4,38.5,0.06000000000000005
4,38.5,0.08000000000000007
4,38.5,0.10000000000000009
4,38.5,0.1200000000000001
4,38.5,0.14000000000000012
4,38.5,0.15999999999999992
4,38.5,0.17999999999999994
4,38.5,0.19999999999999996
4,38.5,0.21999999999999997
4,38.5,0.24
4,38.5,0.26
4,38.5,0.28
4,38.5,0.30000000000000004
4,38.5,0.32000000000000006
4,38.5,0.3400000000000001
4,38.5,0.3600000000000001
4,38.5,0.3800000000000001
4,38.5,0.40000000000000013
4,38.5,0.41999999999999993
4,38.5,0.43999999999999995
4,38.5,0.45999999999999996
4,38.5,0.48
4,38.5,0.5
4,38.5,0.52
4,38.5,0.54
4,38.5,0.56
4,38.5,0.5800000000000001
4,38.5,0.6000000000000001
4,38.5,0.6200000000000001
4,38.5,0.6400000000000001
4,38.5,0.6600000000000001
4,38.5,0.6799999999999999
4,38.5,0.7
4,38.5,0.72
4,38.5,0.74
4,38.5,0.76
4,38.5,0.78
4,38.5,0.8
4,38.5,0.8200000000000001
4,38.5,0.8400000000000001
4,38.5,0.8600000000000001
4,38.5,0.8800000000000001
4,38.5,0.9000000000000001
4,38.5,0.9199999999999999
4,38.5,0.94
4,38.5,0.96
4,38.5,0.98
4,38.5,1.0
4,39.0,-1.0
4,39.0,-0.98
4,39.0,-0.96
4,39.0,-0.94
4,39.0,-0.92
4,39.0,-0.9
4,39.0,-0.88
4,39.0,-0.86
4,39.0,-0.84
4,39.0,-0.8200000000000001
4,39.0,-0.8
4,39.0,-0.78
4,39.0,-0.76
4,39.0,-0.74
4,39.0,-0.72
4,39.0,-0.7
4,39.0,-0.6799999999999999
4,39.0,-0.6599999999999999
4,39.0,-0.64
4,39.0,-0.62
4,39.0,-0.6
4,39.0,-0.5800000000000001
4,39.0,-0.56
4,39.0,-0.54
4,39.0,-0.52
4,39.0,-0.5
4,39.0,-0.48
4,39.0,-0.45999999999999996
4,39.0,-0.43999999999999995
4,39.0,-0.42000000000000004
4,39.0,-0.4
4,39.0,-0.38
4,39.0,-0.36
4,39.0,-0.33999999999999997
4,39.0,-0.31999999999999995
4,39.0,-0.29999999999999993
4,39.0,-0.28
4,39.0,-0.26
4,39.0,-0.24
4,39.0,-0.21999999999999997
4,39.0,-0.19999999999999996
4,39.0,-0.17999999999999994
4,39.0,-0.16000000000000003
4,39.0,-0.14
4,39.0,-0.12
4,39.0,-0.09999999999999998
4,39.0,-0.07999999999999996
4,39.0,-0.05999999999999994
4,39.0,-0.040000000000000036
4,39.0,-0.020000000000000018
4,39.0,0.0
4,39.0,0.020000000000000018
4,39.0,0.040000000000000036
4,39.0,0.06000000000000005
4,39.0,0.08000000000000007
4,39.0,0.10000000000000009
4,39.0,0.1200000000000001
4,39.0,0.14000000000000012
4,39.0,0.15999999999999992
4,39.0,0.17999999999999994
4,39.0,0.19999999999999996
4,39.0,0.21999999999999997
4,39.0,0.24
4,39.0,0.26
4,39.0,0.28
4,39.0,0.30000000000000004
4,39.0,0.32000000000000006
4,39.0,0.3400000000000001
4,39.0,0.3600000000000001
4,39.0,0.3800000000000001
4,39.0,0.40000000000000013
4,39.0,0.41999999999999993
4,39.0,0.43999999999999995
4,39.0,0.45999999999999996
4,39.0,0.48
4,39.0,0.5
4,39.0,0.52
4,39.0,0.54
4,39.0,0.56
4,39.0,0.5800000000000001
4,39.0,0.6000000000000001
4,39.0,0.6200000000000001
4,39.0,0.6400000000000001
4,39.0,0.6600000000000001
4,39.0,0.6799999999999999
4,39.0,0.7
4,39.0,0.72
4,39.0,0.74
4,39.0,0.76
4,39.0,0.78
4,39.0,0.8
4,39.0,0.8200000000000001
4,39.0,0.8400000000000001
4,39.0,0.8600000000000001
4,39.0,0.8800000000000001
4,39.0,0.9000000000000001
4,39.0,0.9199999999999999
4,39.0,0.94
4,39.0,0.96
4,39.0,0.98
4,39.0,1.0
4,39.5,-1.0
4,39.5,-0.98
4,39.5,-0.96
4,39.5,-0.94
4,39.5,-0.92
4,39.5,-0.9
4,39.5,-0.88
4,39.5,-0.86
4,39.5,-0.84
4,39.5,-0.8200000000000001
4,39.5,-0.8
4,39.5,-0.78
4,39.5,-0.76
4,39.5,-0.74
4,39.5,-0.72
4,39.5,-0.7
4,39.5,-0.6799999999999999
4,39.5,-0.6599999999999999
4,39.5,-0.64
4,39.5,-0.62
4,39.5,-0.6
4,39.5,-0.5800000000000001
4,39.5,-0.56
4,39.5,-0.54
4,39.5,-0.52
4,39.5,-0.5
4,39.5,-0.48
4,39.5,-0.45999999999999996
4,39.5,-0.43999999999999995
4,39.5,-0.42000000000000004
4,39.5,-0.4
4,39.5,-0.38
4,39.5,-0.36
4,39.5,-0.33999999999999997
4,39.5,-0.31999999999999995
4,39.5,-0.29999999999999993
4,39.5,-0.28
4,39.5,-0.26
4,39.5,-0.24
4,39.5,-0.21999999999999997
4,39.5,-0.19999999999999996
4,39.5,-0.17999999999999994
4,39.5,-0.16000000000000003
4,39.5,-0.14
4,39.5,-0.12
4,39.5,-0.09999999999999998
4,39.5,-0.07999999999999996
4,39.5,-0.05999999999999994
4,39.5,-0.040000000000000036
4,39.5,-0.020000000000000018
4,39.5,0.0
4,39.5,0.020000000000000018
4,39.5,0.040000000000000036
4,39.5,0.06000000000000005
4,39.5,0.08000000000000007
4,39.5,0.10000000000000009
4,39.5,0.1200000000000001
4,39.5,0.14000000000000012
4,39.5,0.15999999999999992
4,39.5,0.17999999999999994
4,39.5,0.19999999999999996
4,39.5,0.21999999999999997
4,39.5,0.24
4,39.5,0.26
4,39.5,0.28
4,39.5,0.30000000000000004
4,39.5,0.32000000000000006
4,39.5,0.3400000000000001
4,39.5,0.3600000000000001
4,39.5,0.3800000000000001
4,39.5,0.40000000000000013
4,39.5,0.41999999999999993
4,39.5,0.43999999999999995
4,39.5,0.45999999999999996
4,39.5,0.48
4,39.5,0.5
4,39.5,0.52
4,39.5,0.54
4,39.5,0.56
4,39.5,0.5800000000000001
4,39.5,0.6000000000000001
4,39.5,0.6200000000000001
4,39.5,0.6400000000000001
4,39.5,0.6600000000000001
4,39.5,0.6799999999999999
4,39.5,0.7
4,39.5,0.72
4,39.5,0.74
4,39.5,0.76
4,39.5,0.78
4,39.5,0.8
4,39.5,0.8200000000000001
4,39.5,0.8400000000000001
4,39.5,0.8600000000000001
4,39.5,0.8800000000000001
4,39.5,0.9000000000000001
4,39.5,0.9199999999999999
4,39.5,0.94
4,39.5,0.96
4,39.5,0.98
4,39.5,1.0
4,40.0,-1.0
4,40.0,-0.98
4,40.0,-0.96
4,40.0,-0.94
4,40.0,-0.92
4,40.0,-0.9
4,40.0,-0.88
4,40.0,-0.86
4,40.0,-0.84
4,40.0,-0.8200000000000001
4,40.0,-0.8
4,40.0,-0.78
4,40.0,-0.76
4,40.0,-0.74
4,40.0,-0.72
4,40.0,-0.7
4,40.0,-0.6799999999999999
4,40.0,-0.6599999999999999
4,40.0,-0.64
4,40.0,-0.62
4,40.0,-0.6
4,40.0,-0.5800000000000001
4,40.0,-0.56
4,40.0,-0.54
4,40.0,-0.52
4,40.0,-0.5
4,40.0,-0.48
4,40.0,-0.45999999999999996
4,40.0,-0.43999999999999995
4,40.0,-0.42000000000000004
4,40.0,-0.4
4,40.0,-0.38
4,40.0,-0.36
4,40.0,-0.33999999999999997
4,40.0,-0.31999999999999995
4,40.0,-0.29999999999999993
4,40.0,-0.28
4,40.0,-0.26
4,40.0,-0.24
4,40.0,-0.21999999999999997
4,40.0,-0.19999999999999996
4,40.0,-0.17999999999999994
4,40.0,-0.16000000000000003
4,40.0,-0.14
4,40.0,-0.12
4,40.0,-0.09999999999999998
4,40.0,-0.07999999999999996
4,40.0,-0.05999999999999994
4,40.0,-0.040000000000000036
4,40.0,-0.020000000000000018
4,40.0,0.0
4,40.0,0.020000000000000018
4,40.0,0.040000000000000036
4,40.0,0.06000000000000005
4,40.0,0.08000000000000007
4,40.0,0.10000000000000009
4,40.0,0.1200000000000001
4,40.0,0.14000000000000012
4,40.0,0.15999999999999992
4,40.0,0.17999999999999994
4,40.0,0.19999999999999996
4,40.0,0.21999999999999997
4,40.0,0.24
4,40.0,0.26
4,40.0,0.28
4,40.0,0.30000000000000004
4,40.0,0.32000000000000006
4,40.0,0.3400000000000001
4,40.0,0.3600000000000001
4,40.0,0.3800000000000001
4,40.0,0.40000000000000013
4,40.0,0.41999999999999993
4,40.0,0.43999999999999995
4,40.0,0.45999999999999996
4,40.0,0.48
4,40.0,0.5
4,40.0,0.52
4,40.0,0.54
4,40.0,0.56
4,40.0,0.5800000000000001
4,40.0,0.6000000000000001
4,40.0,0.6200000000000001
4,40.0,0.6400000000000001
4,40.0,0.6600000000000001
4,40.0,0.6799999999999999
4,40.0,0.7
4,40.0,0.72
4,40.0,0.74
4,40.0,0.76
4,40.0,0.78
4,40.0,0.8
4,40.0,0.8200000000000001
4,40.0,0.8400000000000001
4,40.0,0.8600000000000001
4,40.0,0.8800000000000001
4,40.0,0.9000000000000001
4,40.0,0.9199999999999999
4,40.0,0.94
4,40.0,0.96
4,40.0,0.98
4,40.0,1.0
4,40.5,-1.0
4,40.5,-0.98
4,40.5,-0.96
4,40.5,-0.94
4,40.5,-0.92
4,40.5,-0.9
4,40.5,-0.88
4,40.5,-0.86
4,40.5,-0.84
4,40.5,-0.8200000000000001
4,40.5,-0.8
4,40.5,-0.78
4,40.5,-0.76
4,40.5,-0.74
4,40.5,-0.72
4,40.5,-0.7
4,40.5,-0.6799999999999999
4,40.5,-0.6599999999999999
4,40.5,-0.64
4,40.5,-0.62
4,40.5,-0.6
4,40.5,-0.5800000000000001
4,40.5,-0.56
4,40.5,-0.54
4,40.5,-0.52
4,40.5,-0.5
4,40.5,-0.48
4,40.5,-0.45999999999999996
4,40.5,-0.43999999999999995
4,40.5,-0.42000000000000004
4,40.5,-0.4
4,40.5,-0.38
4,40.5,-0.36
4,40.5,-0.33999999999999997
4,40.5,-0.31999999999999995
4,40.5,-0.29999999999999993
4,40.5,-0.28
4,40.5,-0.26
4,40.5,-0.24
4,40.5,-0.21999999999999997
4,40.5,-0.19999999999999996
4,40.5,-0.17999999999999994
4,40.5,-0.16000000000000003
4,40.5,-0.14
4,40.5,-0.12
4,40.5,-0.09999999999999998
4,40.5,-0.07999999999999996
4,40.5,-0.05999999999999994
4,40.5,-0.040000000000000036
4,40.5,-0.020000000000000018
4,40.5,0.0
4,40.5,0.020000000000000018
4,40.5,0.040000000000000036
4,40.5,0.06000000000000005
4,40.5,0.08000000000000007
4,40.5,0.10000000000000009
4,40.5,0.1200000000000001
4,40.5,0.14000000000000012
4,40.5,0.15999999999999992
4,40.5,0.17999999999999994
4,40.5,0.19999999999999996
4,40.5,0.21999999999999997
4,40.5,0.24
4,40.5,0.26
4,40.5,0.28
4,40.5,0.30000000000000004
4,40.5,0.32000000000000006
4,40.5,0.3400000000000001
4,40.5,0.3600000000000001
4,40.5,0.3800000000000001
4,40.5,0.40000000000000013
4,40.5,0.41999999999999993
4,40.5,0.43999999999999995
4,40.5,0.45999999999999996
4,40.5,0.48
4,40.5,0.5
4,40.5,0.52
4,40.5,0.54
4,40.5,0.56
4,40.5,0.5800000000000001
4,40.5,0.6000000000000001
4,40.5,0.6200000000000001
4,40.5,0.6400000000000001
4,40.5,0.6600000000000001
4,40.5,0.6799999999999999
4,40.5,0.7
4,40.5,0.72
4,40.5,0.74
4,40.5,0.76
4,40.5,0.78
4,40.5,0.8
4,40.5,0.8200000000000001
4,40.5,0.8400000000000001
4,40.5,0.8600000000000001
4,40.5,0.8800000000000001
4,40.5,0.9000000000000001
4,40.5,0.9199999999999999
4,40.5,0.94
4,40.5,0.96
4,40.5,0.98
4,40.5,1.0
4,41.0,-1.0
4,41.0,-0.98
4,41.0,-0.96
4,41.0,-0.94
4,41.0,-0.92
4,41.0,-0.9
4,41.0,-0.88
4,41.0,-0.86
4,41.0,-0.84
4,41.0,-0.8200000000000001
4,41.0,-0.8
4,41.0,-0.78
4,41.0,-0.76
4,41.0,-0.74
4,41.0,-0.72
4,41.0,-0.7
4,41.0,-0.6799999999999999
4,41.0,-0.6599999999999999
4,41.0,-0.64
4,41.0,-0.62
4,41.0,-0.6
4,41.0,-0.5800000000000001
4,41.0,-0.56
4,41.0,-0.54
4,41.0,-0.52
4,41.0,-0.5
4,41.0,-0.48
4,41.0,-0.45999999999999996
4,41.0,-0.43999999999999995
4,41.0,-0.42000000000000004
4,41.0,-0.4
4,41.0,-0.38
4,41.0,-0.36
4,41.0,-0.33999999999999997
4,41.0,-0.31999999999999995
4,41.0,-0.29999999999999993
4,41.0,-0.28
4,41.0,-0.26
4,41.0,-0.24
4,41.0,-0.21999999999999997
4,41.0,-0.19999999999999996
4,41.0,-0.17999999999999994
4,41.0,-0.16000000000000003
4,41.0,-0.14
4,41.0,-0.12
4,41.0,-0.09999999999999998
4,41.0,-0.07999999999999996
4,41.0,-0.05999999999999994
4,41.0,-0.040000000000000036
4,41.0,-0.020000000000000018
4,41.0,0.0
4,41.0,0.020000000000000018
4,41.0,0.040000000000000036
4,41.0,0.06000000000000005
4,41.0,0.08000000000000007
4,41.0,0.10000000000000009
4,41.0,0.1200000000000001
4,41.0,0.14000000000000012
4,41.0,0.15999999999999992
4,41.0,0.17999999999999994
4,41.0,0.19999999999999996
4,41.0,0.21999999999999997
4,41.0,0.24
4,41.0,0.26
4,41.0,0.28
4,41.0,0.30000000000000004
4,41.0,0.32000000000000006
4,41.0,0.3400000000000001
4,41.0,0.3600000000000001
4,41.0,0.3800000000000001
4,41.0,0.40000000000000013
4,41.0,0.41999999999999993
4,41.0,0.43999999999999995
4,41.0,0.45999999999999996
4,41.0,0.48
4,41.0,0.5
4,41.0,0.52
4,41.0,0.54
4,41.0,0.56
4,41.0,0.5800000000000001
4,41.0,0.6000000000000001
4,41.0,0.6200000000000001
4,41.0,0.6400000000000001
4,41.0,0.6600000000000001
4,41.0,0.6799999999999999
4,41.0,0.7
4,41.0,0.72
4,41.0,0.74
4,41.0,0.76
4,41.0,0.78
4,41.0,0.8
4,41.0,0.8200000000000001
4,41.0,0.8400000000000001
4,41.0,0.8600000000000001
4,41.0,0.8800000000000001
4,41.0,0.9000000000000001
4,41.0,0.9199999999999999
4,41.0,0.94
4,41.0,0.96
4,41.0,0.98
4,41.0,1.0
4,41.5,-1.0
4,41.5,-0.98
4,41.5,-0.96
4,41.5,-0.94
4,41.5,-0.92
4,41.5,-0.9
4,41.5,-0.88
4,41.5,-0.86
4,41.5,-0.84
4,41.5,-0.8200000000000001
4,41.5,-0.8
4,41.5,-0.78
4,41.5,-0.76
4,41.5,-0.74
4,41.5,-0.72
4,41.5,-0.7
4,41.5,-0.6799999999999999
4,41.5,-0.6599999999999999
4,41.5,-0.64
4,41.5,-0.62
4,41.5,-0.6
4,41.5,-0.5800000000000001
4,41.5,-0.56
4,41.5,-0.54
4,41.5,-0.52
4,41.5,-0.5
4,41.5,-0.48
4,41.5,-0.45999999999999996
4,41.5,-0.43999999999999995
4,41.5,-0.42000000000000004
4,41.5,-0.4
4,41.5,-0.38
4,41.5,-0.36
4,41.5,-0.33999999999999997
4,41.5,-0.31999999999999995
4,41.5,-0.29999999999999993
4,41.5,-0.28
4,41.5,-0.26
4,41.5,-0.24
4,41.5,-0.21999999999999997
4,41.5,-0.19999999999999996
4,41.5,-0.17999999999999994
4,41.5,-0.16000000000000003
4,41.5,-0.14
4,41.5,-0.12
4,41.5,-0.09999999999999998
4,41.5,-0.07999999999999996
4,41.5,-0.05999999999999994
4,41.5,-0.040000000000000036
4,41.5,-0.020000000000000018
4,41.5,0.0
4,41.5,0.020000000000000018
4,41.5,0.040000000000000036
4,41.5,0.06000000000000005
4,41.5,0.08000000000000007
4,41.5,0.10000000000000009
4,41.5,0.1200000000000001
4,41.5,0.14000000000000012
4,41.5,0.15999999999999992
4,41.5,0.17999999999999994
4,41.5,0.19999999999999996
4,41.5,0.21999999999999997
4,41.5,0.24
4,41.5,0.26
4,41.5,0.28
4,41.5,0.30000000000000004
4,41.5,0.32000000000000006
4,41.5,0.3400000000000001
4,41.5,0.3600000000000001
4,41.5,0.3800000000000001
4,41.5,0.40000000000000013
4,41.5,0.41999999999999993
4,41.5,0.43999999999999995
4,41.5,0.45999999999999996
4,41.5,0.48
4,41.5,0.5
4,41.5,0.52
4,41.5,0.54
4,41.5,0.56
4,41.5,0.5800000000000001
4,41.5,0.6000000000000001
4,41.5,0.6200000000000001
4,41.5,0.6400000000000001
4,41.5,0.6600000000000001
4,41.5,0.6799999999999999
4,41.5,0.7
4,41.5,0.72
4,41.5,0.74
4,41.5,0.76
4,41.5,0.78
4,41.5,0.8
4,41.5,0.8200000000000001
4,41.5,0.8400000000000001
4,41.5,0.8600000000000001
4,41.5,0.8800000000000001
4,41.5,0.9000000000000001
4,41.5,0.9199999999999999
4,41.5,0.94
4,41.5,0.96
4,41.5,0.98
4,41.5,1.0
4,42.0,-1.0
4,42.0,-0.98
4,42.0,-0.96
4,42.0,-0.94
4,42.0,-0.92
4,42.0,-0.9
4,42.0,-0.88
4,42.0,-0.86
4,42.0,-0.84
4,42.0,-0.8200000000000001
4,42.0,-0.8
4,42.0,-0.78
4,42.0,-0.76
4,42.0,-0.74
4,42.0,-0.72
4,42.0,-0.7
4,42.0,-0.6799999999999999
4,42.0,-0.6599999999999999
4,42.0,-0.64
4,42.0,-0.62
4,42.0,-0.6
4,42.0,-0.5800000000000001
4,42.0,-0.56
4,42.0,-0.54
4,42.0,-0.52
4,42.0,-0.5
4,42.0,-0.48
4,42.0,-0.45999999999999996
4,42.0,-0.43999999999999995
4,42.0,-0.42000000000000004
4,42.0,-0.4
4,42.0,-0.38
4,42.0,-0.36
4,42.0,-0.33999999999999997
4,42.0,-0.31999999999999995
4,42.0,-0.29999999999999993
4,42.0,-0.28
4,42.0,-0.26
4,42.0,-0.24
4,42.0,-0.21999999999999997
4,42.0,-0.19999999999999996
4,42.0,-0.17999999999999994
4,42.0,-0.16000000000000003
4,42.0,-0.14
4,42.0,-0.12
4,42.0,-0.09999999999999998
4,42.0,-0.07999999999999996
4,42.0,-0.05999999999999994
4,42.0,-0.040000000000000036
4,42.0,-0.020000000000000018
4,42.0,0.0
4,42.0,0.020000000000000018
4,42.0,0.040000000000000036
4,42.0,0.06000000000000005
4,42.0,0.08000000000000007
4,42.0,0.10000000000000009
4,42.0,0.1200000000000001
4,42.0,0.14000000000000012
4,42.0,0.15999999999999992
4,42.0,0.17999999999999994
4,42.0,0.19999999999999996
4,42.0,0.21999999999999997
4,42.0,0.24
4,42.0,0.26
4,42.0,0.28
4,42.0,0.30000000000000004
4,42.0,0.32000000000000006
4,42.0,0.3400000000000001
4,42.0,0.3600000000000001
4,42.0,0.3800000000000001
4,42.0,0.40000000000000013
4,42.0,0.41999999999999993
4,42.0,0.43999999999999995
4,42.0,0.45999999999999996
4,42.0,0.48
4,42.0,0.5
4,42.0,0.52
4,42.0,0.54
4,42.0,0.56
4,42.0,0.5800000000000001
4,42.0,0.6000000000000001
4,42.0,0.6200000000000001
4,42.0,0.6400000000000001
4,42.0,0.6600000000000001
4,42.0,0.6799999999999999
4,42.0,0.7
4,42.0,0.72
4,42.0,0.74
4,42.0,0.76
4,42.0,0.78
4,42.0,0.8
4,42.0,0.8200000000000001
4,42.0,0.8400000000000001
4,42.0,0.8600000000000001
4,42.0,0.8800000000000001
4,42.0,0.9000000000000001
4,42.0,0.9199999999999999
4,42.0,0.94
4,42.0,0.96
4,42.0,0.98
4,42.0,1.0
4,42.5,-1.0
4,42.5,-0.98
4,42.5,-0.96
4,42.5,-0.94
4,42.5,-0.92
4,42.5,-0.9
4,42.5,-0.88
4,42.5,-0.86
4,42.5,-0.84
4,42.5,-0.8200000000000001
4,42.5,-0.8
4,42.5,-0.78
4,42.5,-0.76
4,42.5,-0.74
4,42.5,-0.72
4,42.5,-0.7
4,42.5,-0.6799999999999999
4,42.5,-0.6599999999999999
4,42.5,-0.64
4,42.5,-0.62
4,42.5,-0.6
4,42.5,-0.5800000000000001
4,42.5,-0.56
4,42.5,-0.54
4,42.5,-0.52
4,42.5,-0.5
4,42.5,-0.48
4,42.5,-0.45999999999999996
4,42.5,-0.43999999999999995
4,42.5,-0.42000000000000004
4,42.5,-0.4
4,42.5,-0.38
4,42.5,-0.36
4,42.5,-0.33999999999999997
4,42.5,-0.31999999999999995
4,42.5,-0.29999999999999993
4,42.5,-0.28
4,42.5,-0.26
4,42.5,-0.24
4,42.5,-0.21999999999999997
4,42.5,-0.19999999999999996
4,42.5,-0.17999999999999994
4,42.5,-0.16000000000000003
4,42.5,-0.14
4,42.5,-0.12
4,42.5,-0.09999999999999998
4,42.5,-0.07999999999999996
4,42.5,-0.05999999999999994
4,42.5,-0.040000000000000036
4,42.5,-0.020000000000000018
4,42.5,0.0
4,42.5,0.020000000000000018
4,42.5,0.040000000000000036
4,42.5,0.06000000000000005
4,42.5,0.08000000000000007
4,42.5,0.10000000000000009
4,42.5,0.1200000000000001
4,42.5,0.14000000000000012
4,42.5,0.15999999999999992
4,42.5,0.17999999999999994
4,42.5,0.19999999999999996
4,42.5,0.21999999999999997
4,42.5,0.24
4,42.5,0.26
4,42.5,0.28
4,42.5,0.30000000000000004
4,42.5,0.32000000000000006
4,42.5,0.3400000000000001
4,42.5,0.3600000000000001
4,42.5,0.3800000000000001
4,42.5,0.40000000000000013
4,42.5,0.41999999999999993
4,42.5,0.43999999999999995
4,42.5,0.45999999999999996
4,42.5,0.48
4,42.5,0.5
4,42.5,0.52
4,42.5,0.54
4,42.5,0.56
4,42.5,0.5800000000000001
4,42.5,0.6000000000000001
4,42.5,0.6200000000000001
4,42.5,0.6400000000000001
4,42.5,0.6600000000000001
4,42.5,0.6799999999999999
4,42.5,0.7
4,42.5,0.72
4,42.5,0.74
4,42.5,0.76
4,42.5,0.78
4,42.5,0.8
4,42.5,0.8200000000000001
4,42.5,0.8400000000000001
4,42.5,0.8600000000000001
4,42.5,0.8800000000000001
4,42.5,0.9000000000000001
4,42.5,0.9199999999999999
4,42.5,0.94
4,42.5,0.96
4,42.5,0.98
4,42.5,1.0
4,43.0,-1.0
4,43.0,-0.98
4,43.0,-0.96
4,43.0,-0.94
4,43.0,-0.92
4,43.0,-0.9
4,43.0,-0.88
4,43.0,-0.86
4,43.0,-0.84
4,43.0,-0.8200000000000001
4,43.0,-0.8
4,43.0,-0.78
4,43.0,-0.76
4,43.0,-0.74
4,43.0,-0.72
4,43.0,-0.7
4,43.0,-0.6799999999999999
4,43.0,-0.6599999999999999
4,43.0,-0.64
4,43.0,-0.62
4,43.0,-0.6
4,43.0,-0.5800000000000001
4,43.0,-0.56
4,43.0,-0.54
4,43.0,-0.52
4,43.0,-0.5
4,43.0,-0.48
4,43.0,-0.45999999999999996
4,43.0,-0.43999999999999995
4,43.0,-0.42000000000000004
4,43.0,-0.4
4,43.0,-0.38
4,43.0,-0.36
4,43.0,-0.33999999999999997
4,43.0,-0.31999999999999995
4,43.0,-0.29999999999999993
4,43.0,-0.28
4,43.0,-0.26
4,43.0,-0.24
4,43.0,-0.21999999999999997
4,43.0,-0.19999999999999996
4,43.0,-0.17999999999999994
4,43.0,-0.16000000000000003
4,43.0,-0.14
4,43.0,-0.12
4,43.0,-0.09999999999999998
4,43.0,-0.07999999999999996
4,43.0,-0.05999999999999994
4,43.0,-0.040000000000000036
4,43.0,-0.020000000000000018
4,43.0,0.0
4,43.0,0.020000000000000018
4,43.0,0.040000000000000036
4,43.0,0.06000000000000005
4,43.0,0.08000000000000007
4,43.0,0.10000000000000009
4,43.0,0.1200000000000001
4,43.0,0.14000000000000012
4,43.0,0.15999999999999992
4,43.0,0.17999999999999994
4,43.0,0.19999999999999996
4,43.0,0.21999999999999997
4,43.0,0.24
4,43.0,0.26
4,43.0,0.28
4,43.0,0.30000000000000004
4,43.0,0.32000000000000006
4,43.0,0.3400000000000001
4,43.0,0.3600000000000001
4,43.0,0.3800000000000001
4,43.0,0.40000000000000013
4,43.0,0.41999999999999993
4,43.0,0.43999999999999995
4,43.0,0.45999999999999996
4,43.0,0.48
4,43.0,0.5
4,43.0,0.52
4,43.0,0.54
4,43.0,0.56
4,43.0,0.5800000000000001
4,43.0,0.6000000000000001
4,43.0,0.6200000000000001
4,43.0,0.6400000000000001
4,43.0,0.6600000000000001
4,43.0,0.6799999999999999
4,43.0,0.7
4,43.0,0.72
4,43.0,0.74
4,43.0,0.76
4,43.0,0.78
4,43.0,0.8
4,43.0,0.8200000000000001
4,43.0,0.8400000000000001
4,43.0,0.8600000000000001
4,43.0,0.8800000000000001
4,43.0,0.9000000000000001
4,43.0,0.9199999999999999
4,43.0,0.94
4,43.0,0.96
4,43.0,0.98
4,43.0,1.0
4,43.5,-1.0
4,43.5,-0.98
4,43.5,-0.96
4,43.5,-0.94
4,43.5,-0.92
4,43.5,-0.9
4,43.5,-0.88
4,43.5,-0.86
4,43.5,-0.84
4,43.5,-0.8200000000000001
4,43.5,-0.8
4,43.5,-0.78
4,43.5,-0.76
4,43.5,-0.74
4,43.5,-0.72
4,43.5,-0.7
4,43.5,-0.6799999999999999
4,43.5,-0.6599999999999999
4,43.5,-0.64
4,43.5,-0.62
4,43.5,-0.6
4,43.5,-0.5800000000000001
4,43.5,-0.56
4,43.5,-0.54
4,43.5,-0.52
4,43.5,-0.5
4,43.5,-0.48
4,43.5,-0.45999999999999996
4,43.5,-0.43999999999999995
4,43.5,-0.42000000000000004
4,43.5,-0.4
4,43.5,-0.38
4,43.5,-0.36
4,43.5,-0.33999999999999997
4,43.5,-0.31999999999999995
4,43.5,-0.29999999999999993
4,43.5,-0.28
4,43.5,-0.26
4,43.5,-0.24
4,43.5,-0.21999999999999997
4,43.5,-0.19999999999999996
4,43.5,-0.17999999999999994
4,43.5,-0.16000000000000003
4,43.5,-0.14
4,43.5,-0.12
4,43.5,-0.09999999999999998
4,43.5,-0.07999999999999996
4,43.5,-0.05999999999999994
4,43.5,-0.040000000000000036
4,43.5,-0.020000000000000018
4,43.5,0.0
4,43.5,0.020000000000000018
4,43.5,0.040000000000000036
4,43.5,0.06000000000000005
4,43.5,0.08000000000000007
4,43.5,0.10000000000000009
4,43.5,0.1200000000000001
4,43.5,0.14000000000000012
4,43.5,0.15999999999999992
4,43.5,0.17999999999999994
4,43.5,0.19999999999999996
4,43.5,0.21999999999999997
4,43.5,0.24
4,43.5,0.26
4,43.5,0.28
4,43.5,0.30000000000000004
4,43.5,0.32000000000000006
4,43.5,0.3400000000000001
4,43.5,0.3600000000000001
4,43.5,0.3800000000000001
4,43.5,0.40000000000000013
4,43.5,0.41999999999999993
4,43.5,0.43999999999999995
4,43.5,0.45999999999999996
4,43.5,0.48
4,43.5,0.5
4,43.5,0.52
4,43.5,0.54
4,43.5,0.56
4,43.5,0.5800000000000001
4,43.5,0.6000000000000001
4,43.5,0.6200000000000001
4,43.5,0.6400000000000001
4,43.5,0.6600000000000001
4,43.5,0.6799999999999999
4,43.5,0.7
4,43.5,0.72
4,43.5,0.74
4,43.5,0.76
4,43.5,0.78
4,43.5,0.8
4,43.5,0.8200000000000001
4,43.5,0.8400000000000001
4,43.5,0.8600000000000001
4,43.5,0.8800000000000001
4,43.5,0.9000000000000001
4,43.5,0.9199999999999999
4,43.5,0.94
4,43.5,0.96
4,43.5,0.98
4,43.5,1.0
4,44.0,-1.0
4,44.0,-0.98
4,44.0,-0.96
4,44.0,-0.94
4,44.0,-0.92
4,44.0,-0.9
4,44.0,-0.88
4,44.0,-0.86
4,44.0,-0.84
4,44.0,-0.8200000000000001
4,44.0,-0.8
4,44.0,-0.78
4,44.0,-0.76
4,44.0,-0.74
4,44.0,-0.72
4,44.0,-0.7
4,44.0,-0.6799999999999999
4,44.0,-0.6599999999999999
4,44.0,-0.64
4,44.0,-0.62
4,44.0,-0.6
4,44.0,-0.5800000000000001
4,44.0,-0.56
4,44.0,-0.54
4,44.0,-0.52
4,44.0,-0.5
4,44.0,-0.48
4,44.0,-0.45999999999999996
4,44.0,-0.43999999999999995
4,44.0,-0.42000000000000004
4,44.0,-0.4
4,44.0,-0.38
4,44.0,-0.36
4,44.0,-0.33999999999999997
4,44.0,-0.31999999999999995
4,44.0,-0.29999999999999993
4,44.0,-0.28
4,44.0,-0.26
4,44.0,-0.24
4,44.0,-0.21999999999999997
4,44.0,-0.19999999999999996
4,44.0,-0.17999999999999994
4,44.0,-0.16000000000000003
4,44.0,-0.14
4,44.0,-0.12
4,44.0,-0.09999999999999998
4,44.0,-0.07999999999999996
4,44.0,-0.05999999999999994
4,44.0,-0.040000000000000036
4,44.0,-0.020000000000000018
4,44.0,0.0
4,44.0,0.020000000000000018
4,44.0,0.040000000000000036
4,44.0,0.06000000000000005
4,44.0,0.08000000000000007
4,44.0,0.10000000000000009
4,44.0,0.1200000000000001
4,44.0,0.14000000000000012
4,44.0,0.15999999999999992
4,44.0,0.17999999999999994
4,44.0,0.19999999999999996
4,44.0,0.21999999999999997
4,44.0,0.24
4,44.0,0.26
4,44.0,0.28
4,44.0,0.30000000000000004
4,44.0,0.32000000000000006
4,44.0,0.3400000000000001
4,44.0,0.3600000000000001
4,44.0,0.3800000000000001
4,44.0,0.40000000000000013
4,44.0,0.41999999999999993
4,44.0,0.43999999999999995
4,44.0,0.45999999999999996
4,44.0,0.48
4,44.0,0.5
4,44.0,0.52
4,44.0,0.54
4,44.0,0.56
4,44.0,0.5800000000000001
4,44.0,0.6000000000000001
4,44.0,0.6200000000000001
4,44.0,0.6400000000000001
4,44.0,0.6600000000000001
4,44.0,0.6799999999999999
4,44.0,0.7
4,44.0,0.72
4,44.0,0.74
4,44.0,0.76
4,44.0,0.78
4,44.0,0.8
4,44.0,0.8200000000000001
4,44.0,0.8400000000000001
4,44.0,0.8600000000000001
4,44.0,0.8800000000000001
4,44.0,0.9000000000000001
4,44.0,0.9199999999999999
4,44.0,0.94
4,44.0,0.96
4,44.0,0.98
4,44.0,1.0
4,44.5,-1.0
4,44.5,-0.98
4,44.5,-0.96
4,44.5,-0.94
4,44.5,-0.92
4,44.5,-0.9
4,44.5,-0.88
4,44.5,-0.86
4,44.5,-0.84
4,44.5,-0.8200000000000001
4,44.5,-0.8
4,44.5,-0.78
4,44.5,-0.76
4,44.5,-0.74
4,44.5,-0.72
4,44.5,-0.7
4,44.5,-0.6799999999999999
4,44.5,-0.6599999999999999
4,44.5,-0.64
4,44.5,-0.62
4,44.5,-0.6
4,44.5,-0.5800000000000001
4,44.5,-0.56
4,44.5,-0.54
4,44.5,-0.52
4,44.5,-0.5
4,44.5,-0.48
4,44.5,-0.45999999999999996
4,44.5,-0.43999999999999995
4,44.5,-0.42000000000000004
4,44.5,-0.4
4,44.5,-0.38
4,44.5,-0.36
4,44.5,-0.33999999999999997
4,44.5,-0.31999999999999995
4,44.5,-0.29999999999999993
4,44.5,-0.28
4,44.5,-0.26
4,44.5,-0.24
4,44.5,-0.21999999999999997
4,44.5,-0.19999999999999996
4,44.5,-0.17999999999999994
4,44.5,-0.16000000000000003
4,44.5,-0.14
4,44.5,-0.12
4,44.5,-0.09999999999999998
4,44.5,-0.07999999999999996
4,44.5,-0.05999999999999994
4,44.5,-0.040000000000000036
4,44.5,-0.020000000000000018
4,44.5,0.0
4,44.5,0.020000000000000018
4,44.5,0.040000000000000036
4,44.5,0.06000000000000005
4,44.5,0.08000000000000007
4,44.5,0.10000000000000009
4,44.5,0.1200000000000001
4,44.5,0.14000000000000012
4,44.5,0.15999999999999992
4,44.5,0.17999999999999994
4,44.5,0.19999999999999996
4,44.5,0.21999999999999997
4,44.5,0.24
4,44.5,0.26
4,44.5,0.28
4,44.5,0.30000000000000004
4,44.5,0.32000000000000006
4,44.5,0.3400000000000001
4,44.5,0.3600000000000001
4,44.5,0.3800000000000001
4,44.5,0.40000000000000013
4,44.5,0.41999999999999993
4,44.5,0.43999999999999995
4,44.5,0.45999999999999996
4,44.5,0.48
4,44.5,0.5
4,44.5,0.52
4,44.5,0.54
4,44.5,0.56
4,44.5,0.5800000000000001
4,44.5,0.6000000000000001
4,44.5,0.6200000000000001
4,44.5,0.6400000000000001
4,44.5,0.6600000000000001
4,44.5,0.6799999999999999
4,44.5,0.7
4,44.5,0.72
4,44.5,0.74
4,44.5,0.76
4,44.5,0.78
4,44.5,0.8
4,44.5,0.8200000000000001
4,44.5,0.8400000000000001
4,44.5,0.8600000000000001
4,44.5,0.8800000000000001
4,44.5,0.9000000000000001
4,44.5,0.9199999999999999
4,44.5,0.94
4,44.5,0.96
4,44.5,0.98
4,44.5,1.0
4,45.0,-1.0
4,45.0,-0.98
4,45.0,-0.96
4,45.0,-0.94
4,45.0,-0.92
4,45.0,-0.9
4,45.0,-0.88
4,45.0,-0.86
4,45.0,-0.84
4,45.0,-0.8200000000000001
4,45.0,-0.8
4,45.0,-0.78
4,45.0,-0.76
4,45.0,-0.74
4,45.0,-0.72
4,45.0,-0.7
4,45.0,-0.6799999999999999
4,45.0,-0.6599999999999999
4,45.0,-0.64
4,45.0,-0.62
4,45.0,-0.6
4,45.0,-0.5800000000000001
4,45.0,-0.56
4,45.0,-0.54
4,45.0,-0.52
4,45.0,-0.5
4,45.0,-0.48
4,45.0,-0.45999999999999996
4,45.0,-0.43999999999999995
4,45.0,-0.42000000000000004
4,45.0,-0.4
4,45.0,-0.38
4,45.0,-0.36
4,45.0,-0.33999999999999997
4,45.0,-0.31999999999999995
4,45.0,-0.29999999999999993
4,45.0,-0.28
4,45.0,-0.26
4,45.0,-0.24
4,45.0,-0.21999999999999997
4,45.0,-0.19999999999999996
4,45.0,-0.17999999999999994
4,45.0,-0.16000000000000003
4,45.0,-0.14
4,45.0,-0.12
4,45.0,-0.09999999999999998
4,45.0,-0.07999999999999996
4,45.0,-0.05999999999999994
4,45.0,-0.040000000000000036
4,45.0,-0.020000000000000018
4,45.0,0.0
4,45.0,0.020000000000000018
4,45.0,0.040000000000000036
4,45.0,0.06000000000000005
4,45.0,0.08000000000000007
4,45.0,0.10000000000000009
4,45.0,0.1200000000000001
4,45.0,0.14000000000000012
4,45.0,0.15999999999999992
4,45.0,0.17999999999999994
4,45.0,0.19999999999999996
4,45.0,0.21999999999999997
4,45.0,0.24
4,45.0,0.26
4,45.0,0.28
4,45.0,0.30000000000000004
4,45.0,0.32000000000000006
4,45.0,0.3400000000000001
4,45.0,0.3600000000000001
4,45.0,0.3800000000000001
4,45.0,0.40000000000000013
4,45.0,0.41999999999999993
4,45.0,0.43999999999999995
4,45.0,0.45999999999999996
4,45.0,0.48
4,45.0,0.5
4,45.0,0.52
4,45.0,0.54
4,45.0,0.56
4,45.0,0.5800000000000001
4,45.0,0.6000000000000001
4,45.0,0.6200000000000001
4,45.0,0.6400000000000001
4,45.0,0.6600000000000001
4,45.0,0.6799999999999999
4,45.0,0.7
4,45.0,0.72
4,45.0,0.74
4,45.0,0.76
4,45.0,0.78
4,45.0,0.8
4,45.0,0.8200000000000001
4,45.0,0.8400000000000001
4,45.0,0.8600000000000001
4,45.0,0.8800000000000001
4,45.0,0.9000000000000001
4,45.0,0.9199999999999999
4,45.0,0.94
4,45.0,0.96
4,45.0,0.98
4,45.0,1.0
4,45.5,-1.0
4,45.5,-0.98
4,45.5,-0.96
4,45.5,-0.94
4,45.5,-0.92
4,45.5,-0.9
4,45.5,-0.88
4,45.5,-0.86
4,45.5,-0.84
4,45.5,-0.8200000000000001
4,45.5,-0.8
4,45.5,-0.78
4,45.5,-0.76
4,45.5,-0.74
4,45.5,-0.72
4,45.5,-0.7
4,45.5,-0.6799999999999999
4,45.5,-0.6599999999999999
4,45.5,-0.64
4,45.5,-0.62
4,45.5,-0.6
4,45.5,-0.5800000000000001
4,45.5,-0.56
4,45.5,-0.54
4,45.5,-0.52
4,45.5,-0.5
4,45.5,-0.48
4,45.5,-0.45999999999999996
4,45.5,-0.43999999999999995
4,45.5,-0.42000000000000004
4,45.5,-0.4
4,45.5,-0.38
4,45.5,-0.36
4,45.5,-0.33999999999999997
4,45.5,-0.31999999999999995
4,45.5,-0.29999999999999993
4,45.5,-0.28
4,45.5,-0.26
4,45.5,-0.24
4,45.5,-0.21999999999999997
4,45.5,-0.19999999999999996
4,45.5,-0.17999999999999994
4,45.5,-0.16000000000000003
4,45.5,-0.14
4,45.5,-0.12
4,45.5,-0.09999999999999998
4,45.5,-0.07999999999999996
4,45.5,-0.05999999999999994
4,45.5,-0.040000000000000036
4,45.5,-0.020000000000000018
4,45.5,0.0
4,45.5,0.020000000000000018
4,45.5,0.040000000000000036
4,45.5,0.06000000000000005
4,45.5,0.08000000000000007
4,45.5,0.10000000000000009
4,45.5,0.1200000000000001
4,45.5,0.14000000000000012
4,45.5,0.15999999999999992
4,45.5,0.17999999999999994
4,45.5,0.19999999999999996
4,45.5,0.21999999999999997
4,45.5,0.24
4,45.5,0.26
4,45.5,0.28
4,45.5,0.30000000000000004
4,45.5,0.32000000000000006
4,45.5,0.3400000000000001
4,45.5,0.3600000000000001
4,45.5,0.3800000000000001
4,45.5,0.40000000000000013
4,45.5,0.41999999999999993
4,45.5,0.43999999999999995
4,45.5,0.45999999999999996
4,45.5,0.48
4,45.5,0.5
4,45.5,0.52
4,45.5,0.54
4,45.5,0.56
4,45.5,0.5800000000000001
4,45.5,0.6000000000000001
4,45.5,0.6200000000000001
4,45.5,0.6400000000000001
4,45.5,0.6600000000000001
4,45.5,0.6799999999999999
4,45.5,0.7
4,45.5,0.72
4,45.5,0.74
4,45.5,0.76
4,45.5,0.78
4,45.5,0.8
4,45.5,0.8200000000000001
4,45.5,0.8400000000000001
4,45.5,0.8600000000000001
4,45.5,0.8800000000000001
4,45.5,0.9000000000000001
4,45.5,0.9199999999999999
4,45.5,0.94
4,45.5,0.96
4,45.5,0.98
4,45.5,1.0
4,46.0,-1.0
4,46.0,-0.98
4,46.0,-0.96
4,46.0,-0.94
4,46.0,-0.92
4,46.0,-0.9
4,46.0,-0.88
4,46.0,-0.86
4,46.0,-0.84
4,46.0,-0.8200000000000001
4,46.0,-0.8
4,46.0,-0.78
4,46.0,-0.76
4,46.0,-0.74
4,46.0,-0.72
4,46.0,-0.7
4,46.0,-0.6799999999999999
4,46.0,-0.6599999999999999
4,46.0,-0.64
4,46.0,-0.62
4,46.0,-0.6
4,46.0,-0.5800000000000001
4,46.0,-0.56
4,46.0,-0.54
4,46.0,-0.52
4,46.0,-0.5
4,46.0,-0.48
4,46.0,-0.45999999999999996
4,46.0,-0.43999999999999995
4,46.0,-0.42000000000000004
4,46.0,-0.4
4,46.0,-0.38
4,46.0,-0.36
4,46.0,-0.33999999999999997
4,46.0,-0.31999999999999995
4,46.0,-0.29999999999999993
4,46.0,-0.28
4,46.0,-0.26
4,46.0,-0.24
4,46.0,-0.21999999999999997
4,46.0,-0.19999999999999996
4,46.0,-0.17999999999999994
4,46.0,-0.16000000000000003
4,46.0,-0.14
4,46.0,-0.12
4,46.0,-0.09999999999999998
4,46.0,-0.07999999999999996
4,46.0,-0.05999999999999994
4,46.0,-0.040000000000000036
4,46.0,-0.020000000000000018
4,46.0,0.0
4,46.0,0.020000000000000018
4,46.0,0.040000000000000036
4,46.0,0.06000000000000005
4,46.0,0.08000000000000007
4,46.0,0.10000000000000009
4,46.0,0.1200000000000001
4,46.0,0.14000000000000012
4,46.0,0.15999999999999992
4,46.0,0.17999999999999994
4,46.0,0.19999999999999996
4,46.0,0.21999999999999997
4,46.0,0.24
4,46.0,0.26
4,46.0,0.28
4,46.0,0.30000000000000004
4,46.0,0.32000000000000006
4,46.0,0.3400000000000001
4,46.0,0.3600000000000001
4,46.0,0.3800000000000001
4,46.0,0.40000000000000013
4,46.0,0.41999999999999993
4,46.0,0.43999999999999995
4,46.0,0.45999999999999996
4,46.0,0.48
4,46.0,0.5
4,46.0,0.52
4,46.0,0.54
4,46.0,0.56
4,46.0,0.5800000000000001
4,46.0,0.6000000000000001
4,46.0,0.6200000000000001
4,46.0,0.6400000000000001
4,46.0,0.6600000000000001
4,46.0,0.6799999999999999
4,46.0,0.7
4,46.0,0.72
4,46.0,0.74
4,46.0,0.76
4,46.0,0.78
4,46.0,0.8
4,46.0,0.8200000000000001
4,46.0,0.8400000000000001
4,46.0,0.8600000000000001
4,46.0,0.8800000000000001
4,46.0,0.9000000000000001
4,46.0,0.9199999999999999
4,46.0,0.94
4,46.0,0.96
4,46.0,0.98
4,46.0,1.0
4,46.5,-1.0
4,46.5,-0.98
4,46.5,-0.96
4,46.5,-0.94
4,46.5,-0.92
4,46.5,-0.9
4,46.5,-0.88
4,46.5,-0.86
4,46.5,-0.84
4,46.5,-0.8200000000000001
4,46.5,-0.8
4,46.5,-0.78
4,46.5,-0.76
4,46.5,-0.74
4,46.5,-0.72
4,46.5,-0.7
4,46.5,-0.6799999999999999
4,46.5,-0.6599999999999999
4,46.5,-0.64
4,46.5,-0.62
4,46.5,-0.6
4,46.5,-0.5800000000000001
4,46.5,-0.56
4,46.5,-0.54
4,46.5,-0.52
4,46.5,-0.5
4,46.5,-0.48
4,46.5,-0.45999999999999996
4,46.5,-0.43999999999999995
4,46.5,-0.42000000000000004
4,46.5,-0.4
4,46.5,-0.38
4,46.5,-0.36
4,46.5,-0.33999999999999997
4,46.5,-0.31999999999999995
4,46.5,-0.29999999999999993
4,46.5,-0.28
4,46.5,-0.26
4,46.5,-0.24
4,46.5,-0.21999999999999997
4,46.5,-0.19999999999999996
4,46.5,-0.17999999999999994
4,46.5,-0.16000000000000003
4,46.5,-0.14
4,46.5,-0.12
4,46.5,-0.09999999999999998
4,46.5,-0.07999999999999996
4,46.5,-0.05999999999999994
4,46.5,-0.040000000000000036
4,46.5,-0.020000000000000018
4,46.5,0.0
4,46.5,0.020000000000000018
4,46.5,0.040000000000000036
4,46.5,0.06000000000000005
4,46.5,0.08000000000000007
4,46.5,0.10000000000000009
4,46.5,0.1200000000000001
4,46.5,0.14000000000000012
4,46.5,0.15999999999999992
4,46.5,0.17999999999999994
4,46.5,0.19999999999999996
4,46.5,0.21999999999999997
4,46.5,0.24
4,46.5,0.26
4,46.5,0.28
4,46.5,0.30000000000000004
4,46.5,0.32000000000000006
4,46.5,0.3400000000000001
4,46.5,0.3600000000000001
4,46.5,0.3800000000000001
4,46.5,0.40000000000000013
4,46.5,0.41999999999999993
4,46.5,0.43999999999999995
4,46.5,0.45999999999999996
4,46.5,0.48
4,46.5,0.5
4,46.5,0.52
4,46.5,0.54
4,46.5,0.56
4,46.5,0.5800000000000001
4,46.5,0.6000000000000001
4,46.5,0.6200000000000001
4,46.5,0.6400000000000001
4,46.5,0.6600000000000001
4,46.5,0.6799999999999999
4,46.5,0.7
4,46.5,0.72
4,46.5,0.74
4,46.5,0.76
4,46.5,0.78
4,46.5,0.8
4,46.5,0.8200000000000001
4,46.5,0.8400000000000001
4,46.5,0.8600000000000001
4,46.5,0.8800000000000001
4,46.5,0.9000000000000001
4,46.5,0.9199999999999999
4,46.5,0.94
4,46.5,0.96
4,46.5,0.98
4,46.5,1.0
4,47.0,-1.0
4,47.0,-0.98
4,47.0,-0.96
4,47.0,-0.94
4,47.0,-0.92
4,47.0,-0.9
4,47.0,-0.88
4,47.0,-0.86
4,47.0,-0.84
4,47.0,-0.8200000000000001
4,47.0,-0.8
4,47.0,-0.78
4,47.0,-0.76
4,47.0,-0.74
4,47.0,-0.72
4,47.0,-0.7
4,47.0,-0.6799999999999999
4,47.0,-0.6599999999999999
4,47.0,-0.64
4,47.0,-0.62
4,47.0,-0.6
4,47.0,-0.5800000000000001
4,47.0,-0.56
4,47.0,-0.54
4,47.0,-0.52
4,47.0,-0.5
4,47.0,-0.48
4,47.0,-0.45999999999999996
4,47.0,-0.43999999999999995
4,47.0,-0.42000000000000004
4,47.0,-0.4
4,47.0,-0.38
4,47.0,-0.36
4,47.0,-0.33999999999999997
4,47.0,-0.31999999999999995
4,47.0,-0.29999999999999993
4,47.0,-0.28
4,47.0,-0.26
4,47.0,-0.24
4,47.0,-0.21999999999999997
4,47.0,-0.19999999999999996
4,47.0,-0.17999999999999994
4,47.0,-0.16000000000000003
4,47.0,-0.14
4,47.0,-0.12
4,47.0,-0.09999999999999998
4,47.0,-0.07999999999999996
4,47.0,-0.05999999999999994
4,47.0,-0.040000000000000036
4,47.0,-0.020000000000000018
4,47.0,0.0
4,47.0,0.020000000000000018
4,47.0,0.040000000000000036
4,47.0,0.06000000000000005
4,47.0,0.08000000000000007
4,47.0,0.10000000000000009
4,47.0,0.1200000000000001
4,47.0,0.14000000000000012
4,47.0,0.15999999999999992
4,47.0,0.17999999999999994
4,47.0,0.19999999999999996
4,47.0,0.21999999999999997
4,47.0,0.24
4,47.0,0.26
4,47.0,0.28
4,47.0,0.30000000000000004
4,47.0,0.32000000000000006
4,47.0,0.3400000000000001
4,47.0,0.3600000000000001
4,47.0,0.3800000000000001
4,47.0,0.40000000000000013
4,47.0,0.41999999999999993
4,47.0,0.43999999999999995
4,47.0,0.45999999999999996
4,47.0,0.48
4,47.0,0.5
4,47.0,0.52
4,47.0,0.54
4,47.0,0.56
4,47.0,0.5800000000000001
4,47.0,0.6000000000000001
4,47.0,0.6200000000000001
4,47.0,0.6400000000000001
4,47.0,0.6600000000000001
4,47.0,0.6799999999999999
4,47.0,0.7
4,47.0,0.72
4,47.0,0.74
4,47.0,0.76
4,47.0,0.78
4,47.0,0.8
4,47.0,0.8200000000000001
4,47.0,0.8400000000000001
4,47.0,0.8600000000000001
4,47.0,0.8800000000000001
4,47.0,0.9000000000000001
4,47.0,0.9199999999999999
4,47.0,0.94
4,47.0,0.96
4,47.0,0.98
4,47.0,1.0
4,47.5,-1.0
4,47.5,-0.98
4,47.5,-0.96
4,47.5,-0.94
4,47.5,-0.92
4,47.5,-0.9
4,47.5,-0.88
4,47.5,-0.86
4,47.5,-0.84
4,47.5,-0.8200000000000001
4,47.5,-0.8
4,47.5,-0.78
4,47.5,-0.76
4,47.5,-0.74
4,47.5,-0.72
4,47.5,-0.7
4,47.5,-0.6799999999999999
4,47.5,-0.6599999999999999
4,47.5,-0.64
4,47.5,-0.62
4,47.5,-0.6
4,47.5,-0.5800000000000001
4,47.5,-0.56
4,47.5,-0.54
4,47.5,-0.52
4,47.5,-0.5
4,47.5,-0.48
4,47.5,-0.45999999999999996
4,47.5,-0.43999999999999995
4,47.5,-0.42000000000000004
4,47.5,-0.4
4,47.5,-0.38
4,47.5,-0.36
4,47.5,-0.33999999999999997
4,47.5,-0.31999999999999995
4,47.5,-0.29999999999999993
4,47.5,-0.28
4,47.5,-0.26
4,47.5,-0.24
4,47.5,-0.21999999999999997
4,47.5,-0.19999999999999996
4,47.5,-0.17999999999999994
4,47.5,-0.16000000000000003
4,47.5,-0.14
4,47.5,-0.12
4,47.5,-0.09999999999999998
4,47.5,-0.07999999999999996
4,47.5,-0.05999999999999994
4,47.5,-0.040000000000000036
4,47.5,-0.020000000000000018
4,47.5,0.0
4,47.5,0.020000000000000018
4,47.5,0.040000000000000036
4,47.5,0.06000000000000005
4,47.5,0.08000000000000007
4,47.5,0.10000000000000009
4,47.5,0.1200000000000001
4,47.5,0.14000000000000012
4,47.5,0.15999999999999992
4,47.5,0.17999999999999994
4,47.5,0.19999999999999996
4,47.5,0.21999999999999997
4,47.5,0.24
4,47.5,0.26
4,47.5,0.28
4,47.5,0.30000000000000004
4,47.5,0.32000000000000006
4,47.5,0.3400000000000001
4,47.5,0.3600000000000001
4,47.5,0.3800000000000001
4,47.5,0.40000000000000013
4,47.5,0.41999999999999993
4,47.5,0.43999999999999995
4,47.5,0.45999999999999996
4,47.5,0.48
4,47.5,0.5
4,47.5,0.52
4,47.5,0.54
4,47.5,0.56
4,47.5,0.5800000000000001
4,47.5,0.6000000000000001
4,47.5,0.6200000000000001
4,47.5,0.6400000000000001
4,47.5,0.6600000000000001
4,47.5,0.6799999999999999
4,47.5,0.7
4,47.5,0.72
4,47.5,0.74
4,47.5,0.76
4,47.5,0.78
4,47.5,0.8
4,47.5,0.8200000000000001
4,47.5,0.8400000000000001
4,47.5,0.8600000000000001
4,47.5,0.8800000000000001
4,47.5,0.9000000000000001
4,47.5,0.9199999999999999
4,47.5,0.94
4,47.5,0.96
4,47.5,0.98
4,47.5,1.0
4,48.0,-1.0
4,48.0,-0.98
4,48.0,-0.96
4,48.0,-0.94
4,48.0,-0.92
4,48.0,-0.9
4,48.0,-0.88
4,48.0,-0.86
4,48.0,-0.84
4,48.0,-0.8200000000000001
4,48.0,-0.8
4,48.0,-0.78
4,48.0,-0.76
4,48.0,-0.74
4,48.0,-0.72
4,48.0,-0.7
4,48.0,-0.6799999999999999
4,48.0,-0.6599999999999999
4,48.0,-0.64
4,48.0,-0.62
4,48.0,-0.6
4,48.0,-0.5800000000000001
4,48.0,-0.56
4,48.0,-0.54
4,48.0,-0.52
4,48.0,-0.5
4,48.0,-0.48
4,48.0,-0.45999999999999996
4,48.0,-0.43999999999999995
4,48.0,-0.42000000000000004
4,48.0,-0.4
4,48.0,-0.38
4,48.0,-0.36
4,48.0,-0.33999999999999997
4,48.0,-0.31999999999999995
4,48.0,-0.29999999999999993
4,48.0,-0.28
4,48.0,-0.26
4,48.0,-0.24
4,48.0,-0.21999999999999997
4,48.0,-0.19999999999999996
4,48.0,-0.17999999999999994
4,48.0,-0.16000000000000003
4,48.0,-0.14
4,48.0,-0.12
4,48.0,-0.09999999999999998
4,48.0,-0.07999999999999996
4,48.0,-0.05999999999999994
4,48.0,-0.040000000000000036
4,48.0,-0.020000000000000018
4,48.0,0.0
4,48.0,0.020000000000000018
4,48.0,0.040000000000000036
4,48.0,0.06000000000000005
4,48.0,0.08000000000000007
4,48.0,0.10000000000000009
4,48.0,0.1200000000000001
4,48.0,0.14000000000000012
4,48.0,0.15999999999999992
4,48.0,0.17999999999999994
4,48.0,0.19999999999999996
4,48.0,0.21999999999999997
4,48.0,0.24
4,48.0,0.26
4,48.0,0.28
4,48.0,0.30000000000000004
4,48.0,0.32000000000000006
4,48.0,0.3400000000000001
4,48.0,0.3600000000000001
4,48.0,0.3800000000000001
4,48.0,0.40000000000000013
4,48.0,0.41999999999999993
4,48.0,0.43999999999999995
4,48.0,0.45999999999999996
4,48.0,0.48
4,48.0,0.5
4,48.0,0.52
4,48.0,0.54
4,48.0,0.56
4,48.0,0.5800000000000001
4,48.0,0.6000000000000001
4,48.0,0.6200000000000001
4,48.0,0.6400000000000001
4,48.0,0.6600000000000001
4,48.0,0.6799999999999999
4,48.0,0.7
4,48.0,0.72
4,48.0,0.74
4,48.0,0.76
4,48.0,0.78
4,48.0,0.8
4,48.0,0.8200000000000001
4,48.0,0.8400000000000001
4,48.0,0.8600000000000001
4,48.0,0.8800000000000001
4,48.0,0.9000000000000001
4,48.0,0.9199999999999999
4,48.0,0.94
4,48.0,0.96
4,48.0,0.98
4,48.0,1.0
4,48.5,-1.0
4,48.5,-0.98
4,48.5,-0.96
4,48.5,-0.94
4,48.5,-0.92
4,48.5,-0.9
4,48.5,-0.88
4,48.5,-0.86
4,48.5,-0.84
4,48.5,-0.8200000000000001
4,48.5,-0.8
4,48.5,-0.78
4,48.5,-0.76
4,48.5,-0.74
4,48.5,-0.72
4,48.5,-0.7
4,48.5,-0.6799999999999999
4,48.5,-0.6599999999999999
4,48.5,-0.64
4,48.5,-0.62
4,48.5,-0.6
4,48.5,-0.5800000000000001
4,48.5,-0.56
4,48.5,-0.54
4,48.5,-0.52
4,48.5,-0.5
4,48.5,-0.48
4,48.5,-0.45999999999999996
4,48.5,-0.43999999999999995
4,48.5,-0.42000000000000004
4,48.5,-0.4
4,48.5,-0.38
4,48.5,-0.36
4,48.5,-0.33999999999999997
4,48.5,-0.31999999999999995
4,48.5,-0.29999999999999993
4,48.5,-0.28
4,48.5,-0.26
4,48.5,-0.24
4,48.5,-0.21999999999999997
4,48.5,-0.19999999999999996
4,48.5,-0.17999999999999994
4,48.5,-0.16000000000000003
4,48.5,-0.14
4,48.5,-0.12
4,48.5,-0.09999999999999998
4,48.5,-0.07999999999999996
4,48.5,-0.05999999999999994
4,48.5,-0.040000000000000036
4,48.5,-0.020000000000000018
4,48.5,0.0
4,48.5,0.020000000000000018
4,48.5,0.040000000000000036
4,48.5,0.06000000000000005
4,48.5,0.08000000000000007
4,48.5,0.10000000000000009
4,48.5,0.1200000000000001
4,48.5,0.14000000000000012
4,48.5,0.15999999999999992
4,48.5,0.17999999999999994
4,48.5,0.19999999999999996
4,48.5,0.21999999999999997
4,48.5,0.24
4,48.5,0.26
4,48.5,0.28
4,48.5,0.30000000000000004
4,48.5,0.32000000000000006
4,48.5,0.3400000000000001
4,48.5,0.3600000000000001
4,48.5,0.3800000000000001
4,48.5,0.40000000000000013
4,48.5,0.41999999999999993
4,48.5,0.43999999999999995
4,48.5,0.45999999999999996
4,48.5,0.48
4,48.5,0.5
4,48.5,0.52
4,48.5,0.54
4,48.5,0.56
4,48.5,0.5800000000000001
4,48.5,0.6000000000000001
4,48.5,0.6200000000000001
4,48.5,0.6400000000000001
4,48.5,0.6600000000000001
4,48.5,0.6799999999999999
4,48.5,0.7
4,48.5,0.72
4,48.5,0.74
4,48.5,0.76
4,48.5,0.78
4,48.5,0.8
4,48.5,0.8200000000000001
4,48.5,0.8400000000000001
4,48.5,0.8600000000000001
4,48.5,0.8800000000000001
4,48.5,0.9000000000000001
4,48.5,0.9199999999999999
4,48.5,0.94
4,48.5,0.96
4,48.5,0.98
4,48.5,1.0
4,49.0,-1.0
4,49.0,-0.98
4,49.0,-0.96
4,49.0,-0.94
4,49.0,-0.92
4,49.0,-0.9
4,49.0,-0.88
4,49.0,-0.86
4,49.0,-0.84
4,49.0,-0.8200000000000001
4,49.0,-0.8
4,49.0,-0.78
4,49.0,-0.76
4,49.0,-0.74
4,49.0,-0.72
4,49.0,-0.7
4,49.0,-0.6799999999999999
4,49.0,-0.6599999999999999
4,49.0,-0.64
4,49.0,-0.62
4,49.0,-0.6
4,49.0,-0.5800000000000001
4,49.0,-0.56
4,49.0,-0.54
4,49.0,-0.52
4,49.0,-0.5
4,49.0,-0.48
4,49.0,-0.45999999999999996
4,49.0,-0.43999999999999995
4,49.0,-0.42000000000000004
4,49.0,-0.4
4,49.0,-0.38
4,49.0,-0.36
4,49.0,-0.33999999999999997
4,49.0,-0.31999999999999995
4,49.0,-0.29999999999999993
4,49.0,-0.28
4,49.0,-0.26
4,49.0,-0.24
4,49.0,-0.21999999999999997
4,49.0,-0.19999999999999996
4,49.0,-0.17999999999999994
4,49.0,-0.16000000000000003
4,49.0,-0.14
4,49.0,-0.12
4,49.0,-0.09999999999999998
4,49.0,-0.07999999999999996
4,49.0,-0.05999999999999994
4,49.0,-0.040000000000000036
4,49.0,-0.020000000000000018
4,49.0,0.0
4,49.0,0.020000000000000018
4,49.0,0.040000000000000036
4,49.0,0.06000000000000005
4,49.0,0.08000000000000007
4,49.0,0.10000000000000009
4,49.0,0.1200000000000001
4,49.0,0.14000000000000012
4,49.0,0.15999999999999992
4,49.0,0.17999999999999994
4,49.0,0.19999999999999996
4,49.0,0.21999999999999997
4,49.0,0.24
4,49.0,0.26
4,49.0,0.28
4,49.0,0.30000000000000004
4,49.0,0.32000000000000006
4,49.0,0.3400000000000001
4,49.0,0.3600000000000001
4,49.0,0.3800000000000001
4,49.0,0.40000000000000013
4,49.0,0.41999999999999993
4,49.0,0.43999999999999995
4,49.0,0.45999999999999996
4,49.0,0.48
4,49.0,0.5
4,49.0,0.52
4,49.0,0.54
4,49.0,0.56
4,49.0,0.5800000000000001
4,49.0,0.6000000000000001
4,49.0,0.6200000000000001
4,49.0,0.6400000000000001
4,49.0,0.6600000000000001
4,49.0,0.6799999999999999
4,49.0,0.7
4,49.0,0.72
4,49.0,0.74
4,49.0,0.76
4,49.0,0.78
4,49.0,0.8
4,49.0,0.8200000000000001
4,49.0,0.8400000000000001
4,49.0,0.8600000000000001
4,49.0,0.8800000000000001
4,49.0,0.9000000000000001
4,49.0,0.9199999999999999
4,49.0,0.94
4,49.0,0.96
4,49.0,0.98
4,49.0,1.0
4,49.5,-1.0
4,49.5,-0.98
4,49.5,-0.96
4,49.5,-0.94
4,49.5,-0.92
4,49.5,-0.9
4,49.5,-0.88
4,49.5,-0.86
4,49.5,-0.84
4,49.5,-0.8200000000000001
4,49.5,-0.8
4,49.5,-0.78
4,49.5,-0.76
4,49.5,-0.74
4,49.5,-0.72
4,49.5,-0.7
4,49.5,-0.6799999999999999
4,49.5,-0.6599999999999999
4,49.5,-0.64
4,49.5,-0.62
4,49.5,-0.6
4,49.5,-0.5800000000000001
4,49.5,-0.56
4,49.5,-0.54
4,49.5,-0.52
4,49.5,-0.5
4,49.5,-0.48
4,49.5,-0.45999999999999996
4,49.5,-0.43999999999999995
4,49.5,-0.42000000000000004
4,49.5,-0.4
4,49.5,-0.38
4,49.5,-0.36
4,49.5,-0.33999999999999997
4,49.5,-0.31999999999999995
4,49.5,-0.29999999999999993
4,49.5,-0.28
4,49.5,-0.26
4,49.5,-0.24
4,49.5,-0.21999999999999997
4,49.5,-0.19999999999999996
4,49.5,-0.17999999999999994
4,49.5,-0.16000000000000003
4,49.5,-0.14
4,49.5,-0.12
4,49.5,-0.09999999999999998
4,49.5,-0.07999999999999996
4,49.5,-0.05999999999999994
4,49.5,-0.040000000000000036
4,49.5,-0.020000000000000018
4,49.5,0.0
4,49.5,0.020000000000000018
4,49.5,0.040000000000000036
4,49.5,0.06000000000000005
4,49.5,0.08000000000000007
4,49.5,0.10000000000000009
4,49.5,0.1200000000000001
4,49.5,0.14000000000000012
4,49.5,0.15999999999999992
4,49.5,0.17999999999999994
4,49.5,0.19999999999999996
4,49.5,0.21999999999999997
4,49.5,0.24
4,49.5,0.26
4,49.5,0.28
4,49.5,0.30000000000000004
4,49.5,0.32000000000000006
4,49.5,0.3400000000000001
4,49.5,0.3600000000000001
4,49.5,0.3800000000000001
4,49.5,0.40000000000000013
4,49.5,0.41999999999999993
4,49.5,0.43999999999999995
4,49.5,0.45999999999999996
4,49.5,0.48
4,49.5,0.5
4,49.5,0.52
4,49.5,0.54
4,49.5,0.56
4,49.5,0.5800000000000001
4,49.5,0.6000000000000001
4,49.5,0.6200000000000001
4,49.5,0.6400000000000001
4,49.5,0.6600000000000001
4,49.5,0.6799999999999999
4,49.5,0.7
4,49.5,0.72
4,49.5,0.74
4,49.5,0.76
4,49.5,0.78
4,49.5,0.8
4,49.5,0.8200000000000001
4,49.5,0.8400000000000001
4,49.5,0.8600000000000001
4,49.5,0.8800000000000001
4,49.5,0.9000000000000001
4,49.5,0.9199999999999999
4,49.5,0.94
4,49.5,0.96
4,49.5,0.98
4,49.5,1.0
4,50.0,-1.0
4,50.0,-0.98
4,50.0,-0.96
4,50.0,-0.94
4,50.0,-0.92
4,50.0,-0.9
4,50.0,-0.88
4,50.0,-0.86
4,50.0,-0.84
4,50.0,-0.8200000000000001
4,50.0,-0.8
4,50.0,-0.78
4,50.0,-0.76
4,50.0,-0.74
4,50.0,-0.72
4,50.0,-0.7
4,50.0,-0.6799999999999999
4,50.0,-0.6599999999999999
4,50.0,-0.64
4,50.0,-0.62
4,50.0,-0.6
4,50.0,-0.5800000000000001
4,50.0,-0.56
4,50.0,-0.54
4,50.0,-0.52
4,50.0,-0.5
4,50.0,-0.48
4,50.0,-0.45999999999999996
4,50.0,-0.43999999999999995
4,50.0,-0.42000000000000004
4,50.0,-0.4
4,50.0,-0.38
4,50.0,-0.36
4,50.0,-0.33999999999999997
4,50.0,-0.31999999999999995
4,50.0,-0.29999999999999993
4,50.0,-0.28
4,50.0,-0.26
4,50.0,-0.24
4,50.0,-0.21999999999999997
4,50.0,-0.19999999999999996
4,50.0,-0.17999999999999994
4,50.0,-0.16000000000000003
4,50.0,-0.14
4,50.0,-0.12
4,50.0,-0.09999999999999998
4,50.0,-0.07999999999999996
4,50.0,-0.05999999999999994
4,50.0,-0.040000000000000036
4,50.0,-0.020000000000000018
4,50.0,0.0
4,50.0,0.020000000000000018
4,50.0,0.040000000000000036
4,50.0,0.06000000000000005
4,50.0,0.08000000000000007
4,50.0,0.10000000000000009
4,50.0,0.1200000000000001
4,50.0,0.14000000000000012
4,50.0,0.15999999999999992
4,50.0,0.17999999999999994
4,50.0,0.19999999999999996
4,50.0,0.21999999999999997
4,50.0,0.24
4,50.0,0.26
4,50.0,0.28
4,50.0,0.30000000000000004
4,50.0,0.32000000000000006
4,50.0,0.3400000000000001
4,50.0,0.3600000000000001
4,50.0,0.3800000000000001
4,50.0,0.40000000000000013
4,50.0,0.41999999999999993
4,50.0,0.43999999999999995
4,50.0,0.45999999999999996
4,50.0,0.48
4,50.0,0.5
4,50.0,0.52
4,50.0,0.54
4,50.0,0.56
4,50.0,0.5800000000000001
4,50.0,0.6000000000000001
4,50.0,0.6200000000000001
4,50.0,0.6400000000000001
4,50.0,0.6600000000000001
4,50.0,0.6799999999999999
4,50.0,0.7
4,50.0,0.72
4,50.0,0.74
4,50.0,0.76
4,50.0,0.78
4,50.0,0.8
4,50.0,0.8200000000000001
4,50.0,0.8400000000000001
4,50.0,0.8600000000000001
4,50.0,0.8800000000000001
4,50.0,0.9000000000000001
4,50.0,0.9199999999999999
4,50.0,0.94
4,50.0,0.96
4,50.0,0.98
4,50.0,1.0
4,50.5,-1.0
4,50.5,-0.98
4,50.5,-0.96
4,50.5,-0.94
4,50.5,-0.92
4,50.5,-0.9
4,50.5,-0.88
4,50.5,-0.86
4,50.5,-0.84
4,50.5,-0.8200000000000001
4,50.5,-0.8
4,50.5,-0.78
4,50.5,-0.76
4,50.5,-0.74
4,50.5,-0.72
4,50.5,-0.7
4,50.5,-0.6799999999999999
4,50.5,-0.6599999999999999
4,50.5,-0.64
4,50.5,-0.62
4,50.5,-0.6
4,50.5,-0.5800000000000001
4,50.5,-0.56
4,50.5,-0.54
4,50.5,-0.52
4,50.5,-0.5
4,50.5,-0.48
4,50.5,-0.45999999999999996
4,50.5,-0.43999999999999995
4,50.5,-0.42000000000000004
4,50.5,-0.4
4,50.5,-0.38
4,50.5,-0.36
4,50.5,-0.33999999999999997
4,50.5,-0.31999999999999995
4,50.5,-0.29999999999999993
4,50.5,-0.28
4,50.5,-0.26
4,50.5,-0.24
4,50.5,-0.21999999999999997
4,50.5,-0.19999999999999996
4,50.5,-0.17999999999999994
4,50.5,-0.16000000000000003
4,50.5,-0.14
4,50.5,-0.12
4,50.5,-0.09999999999999998
4,50.5,-0.07999999999999996
4,50.5,-0.05999999999999994
4,50.5,-0.040000000000000036
4,50.5,-0.020000000000000018
4,50.5,0.0
4,50.5,0.020000000000000018
4,50.5,0.040000000000000036
4,50.5,0.06000000000000005
4,50.5,0.08000000000000007
4,50.5,0.10000000000000009
4,50.5,0.1200000000000001
4,50.5,0.14000000000000012
4,50.5,0.15999999999999992
4,50.5,0.17999999999999994
4,50.5,0.19999999999999996
4,50.5,0.21999999999999997
4,50.5,0.24
4,50.5,0.26
4,50.5,0.28
4,50.5,0.30000000000000004
4,50.5,0.32000000000000006
4,50.5,0.3400000000000001
4,50.5,0.3600000000000001
4,50.5,0.3800000000000001
4,50.5,0.40000000000000013
4,50.5,0.41999999999999993
4,50.5,0.43999999999999995
4,50.5,0.45999999999999996
4,50.5,0.48
4,50.5,0.5
4,50.5,0.52
4,50.5,0.54
4,50.5,0.56
4,50.5,0.5800000000000001
4,50.5,0.6000000000000001
4,50.5,0.6200000000000001
4,50.5,0.6400000000000001
4,50.5,0.6600000000000001
4,50.5,0.6799999999999999
4,50.5,0.7
4,50.5,0.72
4,50.5,0.74
4,50.5,0.76
4,50.5,0.78
4,50.5,0.8
4,50.5,0.8200000000000001
4,50.5,0.8400000000000001
4,50.5,0.8600000000000001
4,50.5,0.8800000000000001
4,50.5,0.9000000000000001
4,50.5,0.9199999999999999
4,50.5,0.94
4,50.5,0.96
4,50.5,0.98
4,50.5,1.0
4,51.0,-1.0
4,51.0,-0.98
4,51.0,-0.96
4,51.0,-0.94
4,51.0,-0.92
4,51.0,-0.9
4,51.0,-0.88
4,51.0,-0.86
4,51.0,-0.84
4,51.0,-0.8200000000000001
4,51.0,-0.8
4,51.0,-0.78
4,51.0,-0.76
4,51.0,-0.74
4,51.0,-0.72
4,51.0,-0.7
4,51.0,-0.6799999999999999
4,51.0,-0.6599999999999999
4,51.0,-0.64
4,51.0,-0.62
4,51.0,-0.6
4,51.0,-0.5800000000000001
4,51.0,-0.56
4,51.0,-0.54
4,51.0,-0.52
4,51.0,-0.5
4,51.0,-0.48
4,51.0,-0.45999999999999996
4,51.0,-0.43999999999999995
4,51.0,-0.42000000000000004
4,51.0,-0.4
4,51.0,-0.38
4,51.0,-0.36
4,51.0,-0.33999999999999997
4,51.0,-0.31999999999999995
4,51.0,-0.29999999999999993
4,51.0,-0.28
4,51.0,-0.26
4,51.0,-0.24
4,51.0,-0.21999999999999997
4,51.0,-0.19999999999999996
4,51.0,-0.17999999999999994
4,51.0,-0.16000000000000003
4,51.0,-0.14
4,51.0,-0.12
4,51.0,-0.09999999999999998
4,51.0,-0.07999999999999996
4,51.0,-0.05999999999999994
4,51.0,-0.040000000000000036
4,51.0,-0.020000000000000018
4,51.0,0.0
4,51.0,0.020000000000000018
4,51.0,0.040000000000000036
4,51.0,0.06000000000000005
4,51.0,0.08000000000000007
4,51.0,0.10000000000000009
4,51.0,0.1200000000000001
4,51.0,0.14000000000000012
4,51.0,0.15999999999999992
4,51.0,0.17999999999999994
4,51.0,0.19999999999999996
4,51.0,0.21999999999999997
4,51.0,0.24
4,51.0,0.26
4,51.0,0.28
4,51.0,0.30000000000000004
4,51.0,0.32000000000000006
4,51.0,0.3400000000000001
4,51.0,0.3600000000000001
4,51.0,0.3800000000000001
4,51.0,0.40000000000000013
4,51.0,0.41999999999999993
4,51.0,0.43999999999999995
4,51.0,0.45999999999999996
4,51.0,0.48
4,51.0,0.5
4,51.0,0.52
4,51.0,0.54
4,51.0,0.56
4,51.0,0.5800000000000001
4,51.0,0.6000000000000001
4,51.0,0.6200000000000001
4,51.0,0.6400000000000001
4,51.0,0.6600000000000001
4,51.0,0.6799999999999999
4,51.0,0.7
4,51.0,0.72
4,51.0,0.74
4,51.0,0.76
4,51.0,0.78
4,51.0,0.8
4,51.0,0.8200000000000001
4,51.0,0.8400000000000001
4,51.0,0.8600000000000001
4,51.0,0.8800000000000001
4,51.0,0.9000000000000001
4,51.0,0.9199999999999999
4,51.0,0.94
4,51.0,0.96
4,51.0,0.98
4,51.0,1.0
4,51.5,-1.0
4,51.5,-0.98
4,51.5,-0.96
4,51.5,-0.94
4,51.5,-0.92
4,51.5,-0.9
4,51.5,-0.88
4,51.5,-0.86
4,51.5,-0.84
4,51.5,-0.8200000000000001
4,51.5,-0.8
4,51.5,-0.78
4,51.5,-0.76
4,51.5,-0.74
4,51.5,-0.72
4,51.5,-0.7
4,51.5,-0.6799999999999999
4,51.5,-0.6599999999999999
4,51.5,-0.64
4,51.5,-0.62
4,51.5,-0.6
4,51.5,-0.5800000000000001
4,51.5,-0.56
4,51.5,-0.54
4,51.5,-0.52
4,51.5,-0.5
4,51.5,-0.48
4,51.5,-0.45999999999999996
4,51.5,-0.43999999999999995
4,51.5,-0.42000000000000004
4,51.5,-0.4
4,51.5,-0.38
4,51.5,-0.36
4,51.5,-0.33999999999999997
4,51.5,-0.31999999999999995
4,51.5,-0.29999999999999993
4,51.5,-0.28
4,51.5,-0.26
4,51.5,-0.24
4,51.5,-0.21999999999999997
4,51.5,-0.19999999999999996
4,51.5,-0.17999999999999994
4,51.5,-0.16000000000000003
4,51.5,-0.14
4,51.5,-0.12
4,51.5,-0.09999999999999998
4,51.5,-0.07999999999999996
4,51.5,-0.05999999999999994
4,51.5,-0.040000000000000036
4,51.5,-0.020000000000000018
4,51.5,0.0
4,51.5,0.020000000000000018
4,51.5,0.040000000000000036
4,51.5,0.06000000000000005
4,51.5,0.08000000000000007
4,51.5,0.10000000000000009
4,51.5,0.1200000000000001
4,51.5,0.14000000000000012
4,51.5,0.15999999999999992
4,51.5,0.17999999999999994
4,51.5,0.19999999999999996
4,51.5,0.21999999999999997
4,51.5,0.24
4,51.5,0.26
4,51.5,0.28
4,51.5,0.30000000000000004
4,51.5,0.32000000000000006
4,51.5,0.3400000000000001
4,51.5,0.3600000000000001
4,51.5,0.3800000000000001
4,51.5,0.40000000000000013
4,51.5,0.41999999999999993
4,51.5,0.43999999999999995
4,51.5,0.45999999999999996
4,51.5,0.48
4,51.5,0.5
4,51.5,0.52
4,51.5,0.54
4,51.5,0.56
4,51.5,0.5800000000000001
4,51.5,0.6000000000000001
4,51.5,0.6200000000000001
4,51.5,0.6400000000000001
4,51.5,0.6600000000000001
4,51.5,0.6799999999999999
4,51.5,0.7
4,51.5,0.72
4,51.5,0.74
4,51.5,0.76
4,51.5,0.78
4,51.5,0.8
4,51.5,0.8200000000000001
4,51.5,0.8400000000000001
4,51.5,0.8600000000000001
4,51.5,0.8800000000000001
4,51.5,0.9000000000000001
4,51.5,0.9199999999999999
4,51.5,0.94
4,51.5,0.96
4,51.5,0.98
4,51.5,1.0
4,52.0,-1.0
4,52.0,-0.98
4,52.0,-0.96
4,52.0,-0.94
4,52.0,-0.92
4,52.0,-0.9
4,52.0,-0.88
4,52.0,-0.86
4,52.0,-0.84
4,52.0,-0.8200000000000001
4,52.0,-0.8
4,52.0,-0.78
4,52.0,-0.76
4,52.0,-0.74
4,52.0,-0.72
4,52.0,-0.7
4,52.0,-0.6799999999999999
4,52.0,-0.6599999999999999
4,52.0,-0.64
4,52.0,-0.62
4,52.0,-0.6
4,52.0,-0.5800000000000001
4,52.0,-0.56
4,52.0,-0.54
4,52.0,-0.52
4,52.0,-0.5
4,52.0,-0.48
4,52.0,-0.45999999999999996
4,52.0,-0.43999999999999995
4,52.0,-0.42000000000000004
4,52.0,-0.4
4,52.0,-0.38
4,52.0,-0.36
4,52.0,-0.33999999999999997
4,52.0,-0.31999999999999995
4,52.0,-0.29999999999999993
4,52.0,-0.28
4,52.0,-0.26
4,52.0,-0.24
4,52.0,-0.21999999999999997
4,52.0,-0.19999999999999996
4,52.0,-0.17999999999999994
4,52.0,-0.16000000000000003
4,52.0,-0.14
4,52.0,-0.12
4,52.0,-0.09999999999999998
4,52.0,-0.07999999999999996
4,52.0,-0.05999999999999994
4,52.0,-0.040000000000000036
4,52.0,-0.020000000000000018
4,52.0,0.0
4,52.0,0.020000000000000018
4,52.0,0.040000000000000036
4,52.0,0.06000000000000005
4,52.0,0.08000000000000007
4,52.0,0.10000000000000009
4,52.0,0.1200000000000001
4,52.0,0.14000000000000012
4,52.0,0.15999999999999992
4,52.0,0.17999999999999994
4,52.0,0.19999999999999996
4,52.0,0.21999999999999997
4,52.0,0.24
4,52.0,0.26
4,52.0,0.28
4,52.0,0.30000000000000004
4,52.0,0.32000000000000006
4,52.0,0.3400000000000001
4,52.0,0.3600000000000001
4,52.0,0.3800000000000001
4,52.0,0.40000000000000013
4,52.0,0.41999999999999993
4,52.0,0.43999999999999995
4,52.0,0.45999999999999996
4,52.0,0.48
4,52.0,0.5
4,52.0,0.52
4,52.0,0.54
4,52.0,0.56
4,52.0,0.5800000000000001
4,52.0,0.6000000000000001
4,52.0,0.6200000000000001
4,52.0,0.6400000000000001
4,52.0,0.6600000000000001
4,52.0,0.6799999999999999
4,52.0,0.7
4,52.0,0.72
4,52.0,0.74
4,52.0,0.76
4,52.0,0.78
4,52.0,0.8
4,52.0,0.8200000000000001
4,52.0,0.8400000000000001
4,52.0,0.8600000000000001
4,52.0,0.8800000000000001
4,52.0,0.9000000000000001
4,52.0,0.9199999999999999
4,52.0,0.94
4,52.0,0.96
4,52.0,0.98
4,52.0,1.0
4,52.5,-1.0
4,52.5,-0.98
4,52.5,-0.96
4,52.5,-0.94
4,52.5,-0.92
4,52.5,-0.9
4,52.5,-0.88
4,52.5,-0.86
4,52.5,-0.84
4,52.5,-0.8200000000000001
4,52.5,-0.8
4,52.5,-0.78
4,52.5,-0.76
4,52.5,-0.74
4,52.5,-0.72
4,52.5,-0.7
4,52.5,-0.6799999999999999
4,52.5,-0.6599999999999999
4,52.5,-0.64
4,52.5,-0.62
4,52.5,-0.6
4,52.5,-0.5800000000000001
4,52.5,-0.56
4,52.5,-0.54
4,52.5,-0.52
4,52.5,-0.5
4,52.5,-0.48
4,52.5,-0.45999999999999996
4,52.5,-0.43999999999999995
4,52.5,-0.42000000000000004
4,52.5,-0.4
4,52.5,-0.38
4,52.5,-0.36
4,52.5,-0.33999999999999997
4,52.5,-0.31999999999999995
4,52.5,-0.29999999999999993
4,52.5,-0.28
4,52.5,-0.26
4,52.5,-0.24
4,52.5,-0.21999999999999997
4,52.5,-0.19999999999999996
4,52.5,-0.17999999999999994
4,52.5,-0.16000000000000003
4,52.5,-0.14
4,52.5,-0.12
4,52.5,-0.09999999999999998
4,52.5,-0.07999999999999996
4,52.5,-0.05999999999999994
4,52.5,-0.040000000000000036
4,52.5,-0.020000000000000018
4,52.5,0.0
4,52.5,0.020000000000000018
4,52.5,0.040000000000000036
4,52.5,0.06000000000000005
4,52.5,0.08000000000000007
4,52.5,0.10000000000000009
4,52.5,0.1200000000000001
4,52.5,0.14000000000000012
4,52.5,0.15999999999999992
4,52.5,0.17999999999999994
4,52.5,0.19999999999999996
4,52.5,0.21999999999999997
4,52.5,0.24
4,52.5,0.26
4,52.5,0.28
4,52.5,0.30000000000000004
4,52.5,0.32000000000000006
4,52.5,0.3400000000000001
4,52.5,0.3600000000000001
4,52.5,0.3800000000000001
4,52.5,0.40000000000000013
4,52.5,0.41999999999999993
4,52.5,0.43999999999999995
4,52.5,0.45999999999999996
4,52.5,0.48
4,52.5,0.5
4,52.5,0.52
4,52.5,0.54
4,52.5,0.56
4,52.5,0.5800000000000001
4,52.5,0.6000000000000001
4,52.5,0.6200000000000001
4,52.5,0.6400000000000001
4,52.5,0.6600000000000001
4,52.5,0.6799999999999999
4,52.5,0.7
4,52.5,0.72
4,52.5,0.74
4,52.5,0.76
4,52.5,0.78
4,52.5,0.8
4,52.5,0.8200000000000001
4,52.5,0.8400000000000001
4,52.5,0.8600000000000001
4,52.5,0.8800000000000001
4,52.5,0.9000000000000001
4,52.5,0.9199999999999999
4,52.5,0.94
4,52.5,0.96
4,52.5,0.98
4,52.5,1.0
4,53.0,-1.0
4,53.0,-0.98
4,53.0,-0.96
4,53.0,-0.94
4,53.0,-0.92
4,53.0,-0.9
4,53.0,-0.88
4,53.0,-0.86
4,53.0,-0.84
4,53.0,-0.8200000000000001
4,53.0,-0.8
4,53.0,-0.78
4,53.0,-0.76
4,53.0,-0.74
4,53.0,-0.72
4,53.0,-0.7
4,53.0,-0.6799999999999999
4,53.0,-0.6599999999999999
4,53.0,-0.64
4,53.0,-0.62
4,53.0,-0.6
4,53.0,-0.5800000000000001
4,53.0,-0.56
4,53.0,-0.54
4,53.0,-0.52
4,53.0,-0.5
4,53.0,-0.48
4,53.0,-0.45999999999999996
4,53.0,-0.43999999999999995
4,53.0,-0.42000000000000004
4,53.0,-0.4
4,53.0,-0.38
4,53.0,-0.36
4,53.0,-0.33999999999999997
4,53.0,-0.31999999999999995
4,53.0,-0.29999999999999993
4,53.0,-0.28
4,53.0,-0.26
4,53.0,-0.24
4,53.0,-0.21999999999999997
4,53.0,-0.19999999999999996
4,53.0,-0.17999999999999994
4,53.0,-0.16000000000000003
4,53.0,-0.14
4,53.0,-0.12
4,53.0,-0.09999999999999998
4,53.0,-0.07999999999999996
4,53.0,-0.05999999999999994
4,53.0,-0.040000000000000036
4,53.0,-0.020000000000000018
4,53.0,0.0
4,53.0,0.020000000000000018
4,53.0,0.040000000000000036
4,53.0,0.06000000000000005
4,53.0,0.08000000000000007
4,53.0,0.10000000000000009
4,53.0,0.1200000000000001
4,53.0,0.14000000000000012
4,53.0,0.15999999999999992
4,53.0,0.17999999999999994
4,53.0,0.19999999999999996
4,53.0,0.21999999999999997
4,53.0,0.24
4,53.0,0.26
4,53.0,0.28
4,53.0,0.30000000000000004
4,53.0,0.32000000000000006
4,53.0,0.3400000000000001
4,53.0,0.3600000000000001
4,53.0,0.3800000000000001
4,53.0,0.40000000000000013
4,53.0,0.41999999999999993
4,53.0,0.43999999999999995
4,53.0,0.45999999999999996
4,53.0,0.48
4,53.0,0.5
4,53.0,0.52
4,53.0,0.54
4,53.0,0.56
4,53.0,0.5800000000000001
4,53.0,0.6000000000000001
4,53.0,0.6200000000000001
4,53.0,0.6400000000000001
4,53.0,0.6600000000000001
4,53.0,0.6799999999999999
4,53.0,0.7
4,53.0,0.72
4,53.0,0.74
4,53.0,0.76
4,53.0,0.78
4,53.0,0.8
4,53.0,0.8200000000000001
4,53.0,0.8400000000000001
4,53.0,0.8600000000000001
4,53.0,0.8800000000000001
4,53.0,0.9000000000000001
4,53.0,0.9199999999999999
4,53.0,0.94
4,53.0,0.96
4,53.0,0.98
4,53.0,1.0
4,53.5,-1.0
4,53.5,-0.98
4,53.5,-0.96
4,53.5,-0.94
4,53.5,-0.92
4,53.5,-0.9
4,53.5,-0.88
4,53.5,-0.86
4,53.5,-0.84
4,53.5,-0.8200000000000001
4,53.5,-0.8
4,53.5,-0.78
4,53.5,-0.76
4,53.5,-0.74
4,53.5,-0.72
4,53.5,-0.7
4,53.5,-0.6799999999999999
4,53.5,-0.6599999999999999
4,53.5,-0.64
4,53.5,-0.62
4,53.5,-0.6
4,53.5,-0.5800000000000001
4,53.5,-0.56
4,53.5,-0.54
4,53.5,-0.52
4,53.5,-0.5
4,53.5,-0.48
4,53.5,-0.45999999999999996
4,53.5,-0.43999999999999995
4,53.5,-0.42000000000000004
4,53.5,-0.4
4,53.5,-0.38
4,53.5,-0.36
4,53.5,-0.33999999999999997
4,53.5,-0.31999999999999995
4,53.5,-0.29999999999999993
4,53.5,-0.28
4,53.5,-0.26
4,53.5,-0.24
4,53.5,-0.21999999999999997
4,53.5,-0.19999999999999996
4,53.5,-0.17999999999999994
4,53.5,-0.16000000000000003
4,53.5,-0.14
4,53.5,-0.12
4,53.5,-0.09999999999999998
4,53.5,-0.07999999999999996
4,53.5,-0.05999999999999994
4,53.5,-0.040000000000000036
4,53.5,-0.020000000000000018
4,53.5,0.0
4,53.5,0.020000000000000018
4,53.5,0.040000000000000036
4,53.5,0.06000000000000005
4,53.5,0.08000000000000007
4,53.5,0.10000000000000009
4,53.5,0.1200000000000001
4,53.5,0.14000000000000012
4,53.5,0.15999999999999992
4,53.5,0.17999999999999994
4,53.5,0.19999999999999996
4,53.5,0.21999999999999997
4,53.5,0.24
4,53.5,0.26
4,53.5,0.28
4,53.5,0.30000000000000004
4,53.5,0.32000000000000006
4,53.5,0.3400000000000001
4,53.5,0.3600000000000001
4,53.5,0.3800000000000001
4,53.5,0.40000000000000013
4,53.5,0.41999999999999993
4,53.5,0.43999999999999995
4,53.5,0.45999999999999996
4,53.5,0.48
4,53.5,0.5
4,53.5,0.52
4,53.5,0.54
4,53.5,0.56
4,53.5,0.5800000000000001
4,53.5,0.6000000000000001
4,53.5,0.6200000000000001
4,53.5,0.6400000000000001
4,53.5,0.6600000000000001
4,53.5,0.6799999999999999
4,53.5,0.7
4,53.5,0.72
4,53.5,0.74
4,53.5,0.76
4,53.5,0.78
4,53.5,0.8
4,53.5,0.8200000000000001
4,53.5,0.8400000000000001
4,53.5,0.8600000000000001
4,53.5,0.8800000000000001
4,53.5,0.9000000000000001
4,53.5,0.9199999999999999
4,53.5,0.94
4,53.5,0.96
4,53.5,0.98
4,53.5,1.0
4,54.0,-1.0
4,54.0,-0.98
4,54.0,-0.96
4,54.0,-0.94
4,54.0,-0.92
4,54.0,-0.9
4,54.0,-0.88
4,54.0,-0.86
4,54.0,-0.84
4,54.0,-0.8200000000000001
4,54.0,-0.8
4,54.0,-0.78
4,54.0,-0.76
4,54.0,-0.74
4,54.0,-0.72
4,54.0,-0.7
4,54.0,-0.6799999999999999
4,54.0,-0.6599999999999999
4,54.0,-0.64
4,54.0,-0.62
4,54.0,-0.6
4,54.0,-0.5800000000000001
4,54.0,-0.56
4,54.0,-0.54
4,54.0,-0.52
4,54.0,-0.5
4,54.0,-0.48
4,54.0,-0.45999999999999996
4,54.0,-0.43999999999999995
4,54.0,-0.42000000000000004
4,54.0,-0.4
4,54.0,-0.38
4,54.0,-0.36
4,54.0,-0.33999999999999997
4,54.0,-0.31999999999999995
4,54.0,-0.29999999999999993
4,54.0,-0.28
4,54.0,-0.26
4,54.0,-0.24
4,54.0,-0.21999999999999997
4,54.0,-0.19999999999999996
4,54.0,-0.17999999999999994
4,54.0,-0.16000000000000003
4,54.0,-0.14
4,54.0,-0.12
4,54.0,-0.09999999999999998
4,54.0,-0.07999999999999996
4,54.0,-0.05999999999999994
4,54.0,-0.040000000000000036
4,54.0,-0.020000000000000018
4,54.0,0.0
4,54.0,0.020000000000000018
4,54.0,0.040000000000000036
4,54.0,0.06000000000000005
4,54.0,0.08000000000000007
4,54.0,0.10000000000000009
4,54.0,0.1200000000000001
4,54.0,0.14000000000000012
4,54.0,0.15999999999999992
4,54.0,0.17999999999999994
4,54.0,0.19999999999999996
4,54.0,0.21999999999999997
4,54.0,0.24
4,54.0,0.26
4,54.0,0.28
4,54.0,0.30000000000000004
4,54.0,0.32000000000000006
4,54.0,0.3400000000000001
4,54.0,0.3600000000000001
4,54.0,0.3800000000000001
4,54.0,0.40000000000000013
4,54.0,0.41999999999999993
4,54.0,0.43999999999999995
4,54.0,0.45999999999999996
4,54.0,0.48
4,54.0,0.5
4,54.0,0.52
4,54.0,0.54
4,54.0,0.56
4,54.0,0.5800000000000001
4,54.0,0.6000000000000001
4,54.0,0.6200000000000001
4,54.0,0.6400000000000001
4,54.0,0.6600000000000001
4,54.0,0.6799999999999999
4,54.0,0.7
4,54.0,0.72
4,54.0,0.74
4,54.0,0.76
4,54.0,0.78
4,54.0,0.8
4,54.0,0.8200000000000001
4,54.0,0.8400000000000001
4,54.0,0.8600000000000001
4,54.0,0.8800000000000001
4,54.0,0.9000000000000001
4,54.0,0.9199999999999999
4,54.0,0.94
4,54.0,0.96
4,54.0,0.98
4,54.0,1.0
4,54.5,-1.0
4,54.5,-0.98
4,54.5,-0.96
4,54.5,-0.94
4,54.5,-0.92
4,54.5,-0.9
4,54.5,-0.88
4,54.5,-0.86
4,54.5,-0.84
4,54.5,-0.8200000000000001
4,54.5,-0.8
4,54.5,-0.78
4,54.5,-0.76
4,54.5,-0.74
4,54.5,-0.72
4,54.5,-0.7
4,54.5,-0.6799999999999999
4,54.5,-0.6599999999999999
4,54.5,-0.64
4,54.5,-0.62
4,54.5,-0.6
4,54.5,-0.5800000000000001
4,54.5,-0.56
4,54.5,-0.54
4,54.5,-0.52
4,54.5,-0.5
4,54.5,-0.48
4,54.5,-0.45999999999999996
4,54.5,-0.43999999999999995
4,54.5,-0.42000000000000004
4,54.5,-0.4
4,54.5,-0.38
4,54.5,-0.36
4,54.5,-0.33999999999999997
4,54.5,-0.31999999999999995
4,54.5,-0.29999999999999993
4,54.5,-0.28
4,54.5,-0.26
4,54.5,-0.24
4,54.5,-0.21999999999999997
4,54.5,-0.19999999999999996
4,54.5,-0.17999999999999994
4,54.5,-0.16000000000000003
4,54.5,-0.14
4,54.5,-0.12
4,54.5,-0.09999999999999998
4,54.5,-0.07999999999999996
4,54.5,-0.05999999999999994
4,54.5,-0.040000000000000036
4,54.5,-0.020000000000000018
4,54.5,0.0
4,54.5,0.020000000000000018
4,54.5,0.040000000000000036
4,54.5,0.06000000000000005
4,54.5,0.08000000000000007
4,54.5,0.10000000000000009
4,54.5,0.1200000000000001
4,54.5,0.14000000000000012
4,54.5,0.15999999999999992
4,54.5,0.17999999999999994
4,54.5,0.19999999999999996
4,54.5,0.21999999999999997
4,54.5,0.24
4,54.5,0.26
4,54.5,0.28
4,54.5,0.30000000000000004
4,54.5,0.32000000000000006
4,54.5,0.3400000000000001
4,54.5,0.3600000000000001
4,54.5,0.3800000000000001
4,54.5,0.40000000000000013
4,54.5,0.41999999999999993
4,54.5,0.43999999999999995
4,54.5,0.45999999999999996
4,54.5,0.48
4,54.5,0.5
4,54.5,0.52
4,54.5,0.54
4,54.5,0.56
4,54.5,0.5800000000000001
4,54.5,0.6000000000000001
4,54.5,0.6200000000000001
4,54.5,0.6400000000000001
4,54.5,0.6600000000000001
4,54.5,0.6799999999999999
4,54.5,0.7
4,54.5,0.72
4,54.5,0.74
4,54.5,0.76
4,54.5,0.78
4,54.5,0.8
4,54.5,0.8200000000000001
4,54.5,0.8400000000000001
4,54.5,0.8600000000000001
4,54.5,0.8800000000000001
4,54.5,0.9000000000000001
4,54.5,0.9199999999999999
4,54.5,0.94
4,54.5,0.96
4,54.5,0.98
4,54.5,1.0
4,55.0,-1.0
4,55.0,-0.98
4,55.0,-0.96
4,55.0,-0.94
4,55.0,-0.92
4,55.0,-0.9
4,55.0,-0.88
4,55.0,-0.86
4,55.0,-0.84
4,55.0,-0.8200000000000001
4,55.0,-0.8
4,55.0,-0.78
4,55.0,-0.76
4,55.0,-0.74
4,55.0,-0.72
4,55.0,-0.7
4,55.0,-0.6799999999999999
4,55.0,-0.6599999999999999
4,55.0,-0.64
4,55.0,-0.62
4,55.0,-0.6
4,55.0,-0.5800000000000001
4,55.0,-0.56
4,55.0,-0.54
4,55.0,-0.52
4,55.0,-0.5
4,55.0,-0.48
4,55.0,-0.45999999999999996
4,55.0,-0.43999999999999995
4,55.0,-0.42000000000000004
4,55.0,-0.4
4,55.0,-0.38
4,55.0,-0.36
4,55.0,-0.33999999999999997
4,55.0,-0.31999999999999995
4,55.0,-0.29999999999999993
4,55.0,-0.28
4,55.0,-0.26
4,55.0,-0.24
4,55.0,-0.21999999999999997
4,55.0,-0.19999999999999996
4,55.0,-0.17999999999999994
4,55.0,-0.16000000000000003
4,55.0,-0.14
4,55.0,-0.12
4,55.0,-0.09999999999999998
4,55.0,-0.07999999999999996
4,55.0,-0.05999999999999994
4,55.0,-0.040000000000000036
4,55.0,-0.020000000000000018
4,55.0,0.0
4,55.0,0.020000000000000018
4,55.0,0.040000000000000036
4,55.0,0.06000000000000005
4,55.0,0.08000000000000007
4,55.0,0.10000000000000009
4,55.0,0.1200000000000001
4,55.0,0.14000000000000012
4,55.0,0.15999999999999992
4,55.0,0.17999999999999994
4,55.0,0.19999999999999996
4,55.0,0.21999999999999997
4,55.0,0.24
4,55.0,0.26
4,55.0,0.28
4,55.0,0.30000000000000004
4,55.0,0.32000000000000006
4,55.0,0.3400000000000001
4,55.0,0.3600000000000001
4,55.0,0.3800000000000001
4,55.0,0.40000000000000013
4,55.0,0.41999999999999993
4,55.0,0.43999999999999995
4,55.0,0.45999999999999996
4,55.0,0.48
4,55.0,0.5
4,55.0,0.52
4,55.0,0.54
4,55.0,0.56
4,55.0,0.5800000000000001
4,55.0,0.6000000000000001
4,55.0,0.6200000000000001
4,55.0,0.6400000000000001
4,55.0,0.6600000000000001
4,55.0,0.6799999999999999
4,55.0,0.7
4,55.0,0.72
4,55.0,0.74
4,55.0,0.76
4,55.0,0.78
4,55.0,0.8
4,55.0,0.8200000000000001
4,55.0,0.8400000000000001
4,55.0,0.8600000000000001
4,55.0,0.8800000000000001
4,55.0,0.9000000000000001
4,55.0,0.9199999999999999
4,55.0,0.94
4,55.0,0.96
4,55.0,0.98
4,55.0,1.0
4,55.5,-1.0
4,55.5,-0.98
4,55.5,-0.96
4,55.5,-0.94
4,55.5,-0.92
4,55.5,-0.9
4,55.5,-0.88
4,55.5,-0.86
4,55.5,-0.84
4,55.5,-0.8200000000000001
4,55.5,-0.8
4,55.5,-0.78
4,55.5,-0.76
4,55.5,-0.74
4,55.5,-0.72
4,55.5,-0.7
4,55.5,-0.6799999999999999
4,55.5,-0.6599999999999999
4,55.5,-0.64
4,55.5,-0.62
4,55.5,-0.6
4,55.5,-0.5800000000000001
4,55.5,-0.56
4,55.5,-0.54
4,55.5,-0.52
4,55.5,-0.5
4,55.5,-0.48
4,55.5,-0.45999999999999996
4,55.5,-0.43999999999999995
4,55.5,-0.42000000000000004
4,55.5,-0.4
4,55.5,-0.38
4,55.5,-0.36
4,55.5,-0.33999999999999997
4,55.5,-0.31999999999999995
4,55.5,-0.29999999999999993
4,55.5,-0.28
4,55.5,-0.26
4,55.5,-0.24
4,55.5,-0.21999999999999997
4,55.5,-0.19999999999999996
4,55.5,-0.17999999999999994
4,55.5,-0.16000000000000003
4,55.5,-0.14
4,55.5,-0.12
4,55.5,-0.09999999999999998
4,55.5,-0.07999999999999996
4,55.5,-0.05999999999999994
4,55.5,-0.040000000000000036
4,55.5,-0.020000000000000018
4,55.5,0.0
4,55.5,0.020000000000000018
4,55.5,0.040000000000000036
4,55.5,0.06000000000000005
4,55.5,0.08000000000000007
4,55.5,0.10000000000000009
4,55.5,0.1200000000000001
4,55.5,0.14000000000000012
4,55.5,0.15999999999999992
4,55.5,0.17999999999999994
4,55.5,0.19999999999999996
4,55.5,0.21999999999999997
4,55.5,0.24
4,55.5,0.26
4,55.5,0.28
4,55.5,0.30000000000000004
4,55.5,0.32000000000000006
4,55.5,0.3400000000000001
4,55.5,0.3600000000000001
4,55.5,0.3800000000000001
4,55.5,0.40000000000000013
4,55.5,0.41999999999999993
4,55.5,0.43999999999999995
4,55.5,0.45999999999999996
4,55.5,0.48
4,55.5,0.5
4,55.5,0.52
4,55.5,0.54
4,55.5,0.56
4,55.5,0.5800000000000001
4,55.5,0.6000000000000001
4,55.5,0.6200000000000001
4,55.5,0.6400000000000001
4,55.5,0.6600000000000001
4,55.5,0.6799999999999999
4,55.5,0.7
4,55.5,0.72
4,55.5,0.74
4,55.5,0.76
4,55.5,0.78
4,55.5,0.8
4,55.5,0.8200000000000001
4,55.5,0.8400000000000001
4,55.5,0.8600000000000001
4,55.5,0.8800000000000001
4,55.5,0.9000000000000001
4,55.5,0.9199999999999999
4,55.5,0.94
4,55.5,0.96
4,55.5,0.98
4,55.5,1.0
4,56.0,-1.0
4,56.0,-0.98
4,56.0,-0.96
4,56.0,-0.94
4,56.0,-0.92
4,56.0,-0.9
4,56.0,-0.88
4,56.0,-0.86
4,56.0,-0.84
4,56.0,-0.8200000000000001
4,56.0,-0.8
4,56.0,-0.78
4,56.0,-0.76
4,56.0,-0.74
4,56.0,-0.72
4,56.0,-0.7
4,56.0,-0.6799999999999999
4,56.0,-0.6599999999999999
4,56.0,-0.64
4,56.0,-0.62
4,56.0,-0.6
4,56.0,-0.5800000000000001
4,56.0,-0.56
4,56.0,-0.54
4,56.0,-0.52
4,56.0,-0.5
4,56.0,-0.48
4,56.0,-0.45999999999999996
4,56.0,-0.43999999999999995
4,56.0,-0.42000000000000004
4,56.0,-0.4
4,56.0,-0.38
4,56.0,-0.36
4,56.0,-0.33999999999999997
4,56.0,-0.31999999999999995
4,56.0,-0.29999999999999993
4,56.0,-0.28
4,56.0,-0.26
4,56.0,-0.24
4,56.0,-0.21999999999999997
4,56.0,-0.19999999999999996
4,56.0,-0.17999999999999994
4,56.0,-0.16000000000000003
4,56.0,-0.14
4,56.0,-0.12
4,56.0,-0.09999999999999998
4,56.0,-0.07999999999999996
4,56.0,-0.05999999999999994
4,56.0,-0.040000000000000036
4,56.0,-0.020000000000000018
4,56.0,0.0
4,56.0,0.020000000000000018
4,56.0,0.040000000000000036
4,56.0,0.06000000000000005
4,56.0,0.08000000000000007
4,56.0,0.10000000000000009
4,56.0,0.1200000000000001
4,56.0,0.14000000000000012
4,56.0,0.15999999999999992
4,56.0,0.17999999999999994
4,56.0,0.19999999999999996
4,56.0,0.21999999999999997
4,56.0,0.24
4,56.0,0.26
4,56.0,0.28
4,56.0,0.30000000000000004
4,56.0,0.32000000000000006
4,56.0,0.3400000000000001
4,56.0,0.3600000000000001
4,56.0,0.3800000000000001
4,56.0,0.40000000000000013
4,56.0,0.41999999999999993
4,56.0,0.43999999999999995
4,56.0,0.45999999999999996
4,56.0,0.48
4,56.0,0.5
4,56.0,0.52
4,56.0,0.54
4,56.0,0.56
4,56.0,0.5800000000000001
4,56.0,0.6000000000000001
4,56.0,0.6200000000000001
4,56.0,0.6400000000000001
4,56.0,0.6600000000000001
4,56.0,0.6799999999999999
4,56.0,0.7
4,56.0,0.72
4,56.0,0.74
4,56.0,0.76
4,56.0,0.78
4,56.0,0.8
4,56.0,0.8200000000000001
4,56.0,0.8400000000000001
4,56.0,0.8600000000000001
4,56.0,0.8800000000000001
4,56.0,0.9000000000000001
4,56.0,0.9199999999999999
4,56.0,0.94
4,56.0,0.96
4,56.0,0.98
4,56.0,1.0
4,56.5,-1.0
4,56.5,-0.98
4,56.5,-0.96
4,56.5,-0.94
4,56.5,-0.92
4,56.5,-0.9
4,56.5,-0.88
4,56.5,-0.86
4,56.5,-0.84
4,56.5,-0.8200000000000001
4,56.5,-0.8
4,56.5,-0.78
4,56.5,-0.76
4,56.5,-0.74
4,56.5,-0.72
4,56.5,-0.7
4,56.5,-0.6799999999999999
4,56.5,-0.6599999999999999
4,56.5,-0.64
4,56.5,-0.62
4,56.5,-0.6
4,56.5,-0.5800000000000001
4,56.5,-0.56
4,56.5,-0.54
4,56.5,-0.52
4,56.5,-0.5
4,56.5,-0.48
4,56.5,-0.45999999999999996
4,56.5,-0.43999999999999995
4,56.5,-0.42000000000000004
4,56.5,-0.4
4,56.5,-0.38
4,56.5,-0.36
4,56.5,-0.33999999999999997
4,56.5,-0.31999999999999995
4,56.5,-0.29999999999999993
4,56.5,-0.28
4,56.5,-0.26
4,56.5,-0.24
4,56.5,-0.21999999999999997
4,56.5,-0.19999999999999996
4,56.5,-0.17999999999999994
4,56.5,-0.16000000000000003
4,56.5,-0.14
4,56.5,-0.12
4,56.5,-0.09999999999999998
4,56.5,-0.07999999999999996
4,56.5,-0.05999999999999994
4,56.5,-0.040000000000000036
4,56.5,-0.020000000000000018
4,56.5,0.0
4,56.5,0.020000000000000018
4,56.5,0.040000000000000036
4,56.5,0.06000000000000005
4,56.5,0.08000000000000007
4,56.5,0.10000000000000009
4,56.5,0.1200000000000001
4,56.5,0.14000000000000012
4,56.5,0.15999999999999992
4,56.5,0.17999999999999994
4,56.5,0.19999999999999996
4,56.5,0.21999999999999997
4,56.5,0.24
4,56.5,0.26
4,56.5,0.28
4,56.5,0.30000000000000004
4,56.5,0.32000000000000006
4,56.5,0.3400000000000001
4,56.5,0.3600000000000001
4,56.5,0.3800000000000001
4,56.5,0.40000000000000013
4,56.5,0.41999999999999993
4,56.5,0.43999999999999995
4,56.5,0.45999999999999996
4,56.5,0.48
4,56.5,0.5
4,56.5,0.52
4,56.5,0.54
4,56.5,0.56
4,56.5,0.5800000000000001
4,56.5,0.6000000000000001
4,56.5,0.6200000000000001
4,56.5,0.6400000000000001
4,56.5,0.6600000000000001
4,56.5,0.6799999999999999
4,56.5,0.7
4,56.5,0.72
4,56.5,0.74
4,56.5,0.76
4,56.5,0.78
4,56.5,0.8
4,56.5,0.8200000000000001
4,56.5,0.8400000000000001
4,56.5,0.8600000000000001
4,56.5,0.8800000000000001
4,56.5,0.9000000000000001
4,56.5,0.9199999999999999
4,56.5,0.94
4,56.5,0.96
4,56.5,0.98
4,56.5,1.0
4,57.0,-1.0
4,57.0,-0.98
4,57.0,-0.96
4,57.0,-0.94
4,57.0,-0.92
4,57.0,-0.9
4,57.0,-0.88
4,57.0,-0.86
4,57.0,-0.84
4,57.0,-0.8200000000000001
4,57.0,-0.8
4,57.0,-0.78
4,57.0,-0.76
4,57.0,-0.74
4,57.0,-0.72
4,57.0,-0.7
4,57.0,-0.6799999999999999
4,57.0,-0.6599999999999999
4,57.0,-0.64
4,57.0,-0.62
4,57.0,-0.6
4,57.0,-0.5800000000000001
4,57.0,-0.56
4,57.0,-0.54
4,57.0,-0.52
4,57.0,-0.5
4,57.0,-0.48
4,57.0,-0.45999999999999996
4,57.0,-0.43999999999999995
4,57.0,-0.42000000000000004
4,57.0,-0.4
4,57.0,-0.38
4,57.0,-0.36
4,57.0,-0.33999999999999997
4,57.0,-0.31999999999999995
4,57.0,-0.29999999999999993
4,57.0,-0.28
4,57.0,-0.26
4,57.0,-0.24
4,57.0,-0.21999999999999997
4,57.0,-0.19999999999999996
4,57.0,-0.17999999999999994
4,57.0,-0.16000000000000003
4,57.0,-0.14
4,57.0,-0.12
4,57.0,-0.09999999999999998
4,57.0,-0.07999999999999996
4,57.0,-0.05999999999999994
4,57.0,-0.040000000000000036
4,57.0,-0.020000000000000018
4,57.0,0.0
4,57.0,0.020000000000000018
4,57.0,0.040000000000000036
4,57.0,0.06000000000000005
4,57.0,0.08000000000000007
4,57.0,0.10000000000000009
4,57.0,0.1200000000000001
4,57.0,0.14000000000000012
4,57.0,0.15999999999999992
4,57.0,0.17999999999999994
4,57.0,0.19999999999999996
4,57.0,0.21999999999999997
4,57.0,0.24
4,57.0,0.26
4,57.0,0.28
4,57.0,0.30000000000000004
4,57.0,0.32000000000000006
4,57.0,0.3400000000000001
4,57.0,0.3600000000000001
4,57.0,0.3800000000000001
4,57.0,0.40000000000000013
4,57.0,0.41999999999999993
4,57.0,0.43999999999999995
4,57.0,0.45999999999999996
4,57.0,0.48
4,57.0,0.5
4,57.0,0.52
4,57.0,0.54
4,57.0,0.56
4,57.0,0.5800000000000001
4,57.0,0.6000000000000001
4,57.0,0.6200000000000001
4,57.0,0.6400000000000001
4,57.0,0.6600000000000001
4,57.0,0.6799999999999999
4,57.0,0.7
4,57.0,0.72
4,57.0,0.74
4,57.0,0.76
4,57.0,0.78
4,57.0,0.8
4,57.0,0.8200000000000001
4,57.0,0.8400000000000001
4,57.0,0.8600000000000001
4,57.0,0.8800000000000001
4,57.0,0.9000000000000001
4,57.0,0.9199999999999999
4,57.0,0.94
4,57.0,0.96
4,57.0,0.98
4,57.0,1.0
4,57.5,-1.0
4,57.5,-0.98
4,57.5,-0.96
4,57.5,-0.94
4,57.5,-0.92
4,57.5,-0.9
4,57.5,-0.88
4,57.5,-0.86
4,57.5,-0.84
4,57.5,-0.8200000000000001
4,57.5,-0.8
4,57.5,-0.78
4,57.5,-0.76
4,57.5,-0.74
4,57.5,-0.72
4,57.5,-0.7
4,57.5,-0.6799999999999999
4,57.5,-0.6599999999999999
4,57.5,-0.64
4,57.5,-0.62
4,57.5,-0.6
4,57.5,-0.5800000000000001
4,57.5,-0.56
4,57.5,-0.54
4,57.5,-0.52
4,57.5,-0.5
4,57.5,-0.48
4,57.5,-0.45999999999999996
4,57.5,-0.43999999999999995
4,57.5,-0.42000000000000004
4,57.5,-0.4
4,57.5,-0.38
4,57.5,-0.36
4,57.5,-0.33999999999999997
4,57.5,-0.31999999999999995
4,57.5,-0.29999999999999993
4,57.5,-0.28
4,57.5,-0.26
4,57.5,-0.24
4,57.5,-0.21999999999999997
4,57.5,-0.19999999999999996
4,57.5,-0.17999999999999994
4,57.5,-0.16000000000000003
4,57.5,-0.14
4,57.5,-0.12
4,57.5,-0.09999999999999998
4,57.5,-0.07999999999999996
4,57.5,-0.05999999999999994
4,57.5,-0.040000000000000036
4,57.5,-0.020000000000000018
4,57.5,0.0
4,57.5,0.020000000000000018
4,57.5,0.040000000000000036
4,57.5,0.06000000000000005
4,57.5,0.08000000000000007
4,57.5,0.10000000000000009
4,57.5,0.1200000000000001
4,57.5,0.14000000000000012
4,57.5,0.15999999999999992
4,57.5,0.17999999999999994
4,57.5,0.19999999999999996
4,57.5,0.21999999999999997
4,57.5,0.24
4,57.5,0.26
4,57.5,0.28
4,57.5,0.30000000000000004
4,57.5,0.32000000000000006
4,57.5,0.3400000000000001
4,57.5,0.3600000000000001
4,57.5,0.3800000000000001
4,57.5,0.40000000000000013
4,57.5,0.41999999999999993
4,57.5,0.43999999999999995
4,57.5,0.45999999999999996
4,57.5,0.48
4,57.5,0.5
4,57.5,0.52
4,57.5,0.54
4,57.5,0.56
4,57.5,0.5800000000000001
4,57.5,0.6000000000000001
4,57.5,0.6200000000000001
4,57.5,0.6400000000000001
4,57.5,0.6600000000000001
4,57.5,0.6799999999999999
4,57.5,0.7
4,57.5,0.72
4,57.5,0.74
4,57.5,0.76
4,57.5,0.78
4,57.5,0.8
4,57.5,0.8200000000000001
4,57.5,0.8400000000000001
4,57.5,0.8600000000000001
4,57.5,0.8800000000000001
4,57.5,0.9000000000000001
4,57.5,0.9199999999999999
4,57.5,0.94
4,57.5,0.96
4,57.5,0.98
4,57.5,1.0
4,58.0,-1.0
4,58.0,-0.98
4,58.0,-0.96
4,58.0,-0.94
4,58.0,-0.92
4,58.0,-0.9
4,58.0,-0.88
4,58.0,-0.86
4,58.0,-0.84
4,58.0,-0.8200000000000001
4,58.0,-0.8
4,58.0,-0.78
4,58.0,-0.76
4,58.0,-0.74
4,58.0,-0.72
4,58.0,-0.7
4,58.0,-0.6799999999999999
4,58.0,-0.6599999999999999
4,58.0,-0.64
4,58.0,-0.62
4,58.0,-0.6
4,58.0,-0.5800000000000001
4,58.0,-0.56
4,58.0,-0.54
4,58.0,-0.52
4,58.0,-0.5
4,58.0,-0.48
4,58.0,-0.45999999999999996
4,58.0,-0.43999999999999995
4,58.0,-0.42000000000000004
4,58.0,-0.4
4,58.0,-0.38
4,58.0,-0.36
4,58.0,-0.33999999999999997
4,58.0,-0.31999999999999995
4,58.0,-0.29999999999999993
4,58.0,-0.28
4,58.0,-0.26
4,58.0,-0.24
4,58.0,-0.21999999999999997
4,58.0,-0.19999999999999996
4,58.0,-0.17999999999999994
4,58.0,-0.16000000000000003
4,58.0,-0.14
4,58.0,-0.12
4,58.0,-0.09999999999999998
4,58.0,-0.07999999999999996
4,58.0,-0.05999999999999994
4,58.0,-0.040000000000000036
4,58.0,-0.020000000000000018
4,58.0,0.0
4,58.0,0.020000000000000018
4,58.0,0.040000000000000036
4,58.0,0.06000000000000005
4,58.0,0.08000000000000007
4,58.0,0.10000000000000009
4,58.0,0.1200000000000001
4,58.0,0.14000000000000012
4,58.0,0.15999999999999992
4,58.0,0.17999999999999994
4,58.0,0.19999999999999996
4,58.0,0.21999999999999997
4,58.0,0.24
4,58.0,0.26
4,58.0,0.28
4,58.0,0.30000000000000004
4,58.0,0.32000000000000006
4,58.0,0.3400000000000001
4,58.0,0.3600000000000001
4,58.0,0.3800000000000001
4,58.0,0.40000000000000013
4,58.0,0.41999999999999993
4,58.0,0.43999999999999995
4,58.0,0.45999999999999996
4,58.0,0.48
4,58.0,0.5
4,58.0,0.52
4,58.0,0.54
4,58.0,0.56
4,58.0,0.5800000000000001
4,58.0,0.6000000000000001
4,58.0,0.6200000000000001
4,58.0,0.6400000000000001
4,58.0,0.6600000000000001
4,58.0,0.6799999999999999
4,58.0,0.7
4,58.0,0.72
4,58.0,0.74
4,58.0,0.76
4,58.0,0.78
4,58.0,0.8
4,58.0,0.8200000000000001
4,58.0,0.8400000000000001
4,58.0,0.8600000000000001
4,58.0,0.8800000000000001
4,58.0,0.9000000000000001
4,58.0,0.9199999999999999
4,58.0,0.94
4,58.0,0.96
4,58.0,0.98
4,58.0,1.0
4,58.5,-1.0
4,58.5,-0.98
4,58.5,-0.96
4,58.5,-0.94
4,58.5,-0.92
4,58.5,-0.9
4,58.5,-0.88
4,58.5,-0.86
4,58.5,-0.84
4,58.5,-0.8200000000000001
4,58.5,-0.8
4,58.5,-0.78
4,58.5,-0.76
4,58.5,-0.74
4,58.5,-0.72
4,58.5,-0.7
4,58.5,-0.6799999999999999
4,58.5,-0.6599999999999999
4,58.5,-0.64
4,58.5,-0.62
4,58.5,-0.6
4,58.5,-0.5800000000000001
4,58.5,-0.56
4,58.5,-0.54
4,58.5,-0.52
4,58.5,-0.5
4,58.5,-0.48
4,58.5,-0.45999999999999996
4,58.5,-0.43999999999999995
4,58.5,-0.42000000000000004
4,58.5,-0.4
4,58.5,-0.38
4,58.5,-0.36
4,58.5,-0.33999999999999997
4,58.5,-0.31999999999999995
4,58.5,-0.29999999999999993
4,58.5,-0.28
4,58.5,-0.26
4,58.5,-0.24
4,58.5,-0.21999999999999997
4,58.5,-0.19999999999999996
4,58.5,-0.17999999999999994
4,58.5,-0.16000000000000003
4,58.5,-0.14
4,58.5,-0.12
4,58.5,-0.09999999999999998
4,58.5,-0.07999999999999996
4,58.5,-0.05999999999999994
4,58.5,-0.040000000000000036
4,58.5,-0.020000000000000018
4,58.5,0.0
4,58.5,0.020000000000000018
4,58.5,0.040000000000000036
4,58.5,0.06000000000000005
4,58.5,0.08000000000000007
4,58.5,0.10000000000000009
4,58.5,0.1200000000000001
4,58.5,0.14000000000000012
4,58.5,0.15999999999999992
4,58.5,0.17999999999999994
4,58.5,0.19999999999999996
4,58.5,0.21999999999999997
4,58.5,0.24
4,58.5,0.26
4,58.5,0.28
4,58.5,0.30000000000000004
4,58.5,0.32000000000000006
4,58.5,0.3400000000000001
4,58.5,0.3600000000000001
4,58.5,0.3800000000000001
4,58.5,0.40000000000000013
4,58.5,0.41999999999999993
4,58.5,0.43999999999999995
4,58.5,0.45999999999999996
4,58.5,0.48
4,58.5,0.5
4,58.5,0.52
4,58.5,0.54
4,58.5,0.56
4,58.5,0.5800000000000001
4,58.5,0.6000000000000001
4,58.5,0.6200000000000001
4,58.5,0.6400000000000001
4,58.5,0.6600000000000001
4,58.5,0.6799999999999999
4,58.5,0.7
4,58.5,0.72
4,58.5,0.74
4,58.5,0.76
4,58.5,0.78
4,58.5,0.8
4,58.5,0.8200000000000001
4,58.5,0.8400000000000001
4,58.5,0.8600000000000001
4,58.5,0.8800000000000001
4,58.5,0.9000000000000001
4,58.5,0.9199999999999999
4,58.5,0.94
4,58.5,0.96
4,58.5,0.98
4,58.5,1.0
4,59.0,-1.0
4,59.0,-0.98
4,59.0,-0.96
4,59.0,-0.94
4,59.0,-0.92
4,59.0,-0.9
4,59.0,-0.88
4,59.0,-0.86
4,59.0,-0.84
4,59.0,-0.8200000000000001
4,59.0,-0.8
4,59.0,-0.78
4,59.0,-0.76
4,59.0,-0.74
4,59.0,-0.72
4,59.0,-0.7
4,59.0,-0.6799999999999999
4,59.0,-0.6599999999999999
4,59.0,-0.64
4,59.0,-0.62
4,59.0,-0.6
4,59.0,-0.5800000000000001
4,59.0,-0.56
4,59.0,-0.54
4,59.0,-0.52
4,59.0,-0.5
4,59.0,-0.48
4,59.0,-0.45999999999999996
4,59.0,-0.43999999999999995
4,59.0,-0.42000000000000004
4,59.0,-0.4
4,59.0,-0.38
4,59.0,-0.36
4,59.0,-0.33999999999999997
4,59.0,-0.31999999999999995
4,59.0,-0.29999999999999993
4,59.0,-0.28
4,59.0,-0.26
4,59.0,-0.24
4,59.0,-0.21999999999999997
4,59.0,-0.19999999999999996
4,59.0,-0.17999999999999994
4,59.0,-0.16000000000000003
4,59.0,-0.14
4,59.0,-0.12
4,59.0,-0.09999999999999998
4,59.0,-0.07999999999999996
4,59.0,-0.05999999999999994
4,59.0,-0.040000000000000036
4,59.0,-0.020000000000000018
4,59.0,0.0
4,59.0,0.020000000000000018
4,59.0,0.040000000000000036
4,59.0,0.06000000000000005
4,59.0,0.08000000000000007
4,59.0,0.10000000000000009
4,59.0,0.1200000000000001
4,59.0,0.14000000000000012
4,59.0,0.15999999999999992
4,59.0,0.17999999999999994
4,59.0,0.19999999999999996
4,59.0,0.21999999999999997
4,59.0,0.24
4,59.0,0.26
4,59.0,0.28
4,59.0,0.30000000000000004
4,59.0,0.32000000000000006
4,59.0,0.3400000000000001
4,59.0,0.3600000000000001
4,59.0,0.3800000000000001
4,59.0,0.40000000000000013
4,59.0,0.41999999999999993
4,59.0,0.43999999999999995
4,59.0,0.45999999999999996
4,59.0,0.48
4,59.0,0.5
4,59.0,0.52
4,59.0,0.54
4,59.0,0.56
4,59.0,0.5800000000000001
4,59.0,0.6000000000000001
4,59.0,0.6200000000000001
4,59.0,0.6400000000000001
4,59.0,0.6600000000000001
4,59.0,0.6799999999999999
4,59.0,0.7
4,59.0,0.72
4,59.0,0.74
4,59.0,0.76
4,59.0,0.78
4,59.0,0.8
4,59.0,0.8200000000000001
4,59.0,0.8400000000000001
4,59.0,0.8600000000000001
4,59.0,0.8800000000000001
4,59.0,0.9000000000000001
4,59.0,0.9199999999999999
4,59.0,0.94
4,59.0,0.96
4,59.0,0.98
4,59.0,1.0
4,59.5,-1.0
4,59.5,-0.98
4,59.5,-0.96
4,59.5,-0.94
4,59.5,-0.92
4,59.5,-0.9
4,59.5,-0.88
4,59.5,-0.86
4,59.5,-0.84
4,59.5,-0.8200000000000001
4,59.5,-0.8
4,59.5,-0.78
4,59.5,-0.76
4,59.5,-0.74
4,59.5,-0.72
4,59.5,-0.7
4,59.5,-0.6799999999999999
4,59.5,-0.6599999999999999
4,59.5,-0.64
4,59.5,-0.62
4,59.5,-0.6
4,59.5,-0.5800000000000001
4,59.5,-0.56
4,59.5,-0.54
4,59.5,-0.52
4,59.5,-0.5
4,59.5,-0.48
4,59.5,-0.45999999999999996
4,59.5,-0.43999999999999995
4,59.5,-0.42000000000000004
4,59.5,-0.4
4,59.5,-0.38
4,59.5,-0.36
4,59.5,-0.33999999999999997
4,59.5,-0.31999999999999995
4,59.5,-0.29999999999999993
4,59.5,-0.28
4,59.5,-0.26
4,59.5,-0.24
4,59.5,-0.21999999999999997
4,59.5,-0.19999999999999996
4,59.5,-0.17999999999999994
4,59.5,-0.16000000000000003
4,59.5,-0.14
4,59.5,-0.12
4,59.5,-0.09999999999999998
4,59.5,-0.07999999999999996
4,59.5,-0.05999999999999994
4,59.5,-0.040000000000000036
4,59.5,-0.020000000000000018
4,59.5,0.0
4,59.5,0.020000000000000018
4,59.5,0.040000000000000036
4,59.5,0.06000000000000005
4,59.5,0.08000000000000007
4,59.5,0.10000000000000009
4,59.5,0.1200000000000001
4,59.5,0.14000000000000012
4,59.5,0.15999999999999992
4,59.5,0.17999999999999994
4,59.5,0.19999999999999996
4,59.5,0.21999999999999997
4,59.5,0.24
4,59.5,0.26
4,59.5,0.28
4,59.5,0.30000000000000004
4,59.5,0.32000000000000006
4,59.5,0.3400000000000001
4,59.5,0.3600000000000001
4,59.5,0.3800000000000001
4,59.5,0.40000000000000013
4,59.5,0.41999999999999993
4,59.5,0.43999999999999995
4,59.5,0.45999999999999996
4,59.5,0.48
4,59.5,0.5
4,59.5,0.52
4,59.5,0.54
4,59.5,0.56
4,59.5,0.5800000000000001
4,59.5,0.6000000000000001
4,59.5,0.6200000000000001
4,59.5,0.6400000000000001
4,59.5,0.6600000000000001
4,59.5,0.6799999999999999
4,59.5,0.7
4,59.5,0.72
4,59.5,0.74
4,59.5,0.76
4,59.5,0.78
4,59.5,0.8
4,59.5,0.8200000000000001
4,59.5,0.8400000000000001
4,59.5,0.8600000000000001
4,59.5,0.8800000000000001
4,59.5,0.9000000000000001
4,59.5,0.9199999999999999
4,59.5,0.94
4,59.5,0.96
4,59.5,0.98
4,59.5,1.0
4,60.0,-1.0
4,60.0,-0.98
4,60.0,-0.96
4,60.0,-0.94
4,60.0,-0.92
4,60.0,-0.9
4,60.0,-0.88
4,60.0,-0.86
4,60.0,-0.84
4,60.0,-0.8200000000000001
4,60.0,-0.8
4,60.0,-0.78
4,60.0,-0.76
4,60.0,-0.74
4,60.0,-0.72
4,60.0,-0.7
4,60.0,-0.6799999999999999
4,60.0,-0.6599999999999999
4,60.0,-0.64
4,60.0,-0.62
4,60.0,-0.6
4,60.0,-0.5800000000000001
4,60.0,-0.56
4,60.0,-0.54
4,60.0,-0.52
4,60.0,-0.5
4,60.0,-0.48
4,60.0,-0.45999999999999996
4,60.0,-0.43999999999999995
4,60.0,-0.42000000000000004
4,60.0,-0.4
4,60.0,-0.38
4,60.0,-0.36
4,60.0,-0.33999999999999997
4,60.0,-0.31999999999999995
4,60.0,-0.29999999999999993
4,60.0,-0.28
4,60.0,-0.26
4,60.0,-0.24
4,60.0,-0.21999999999999997
4,60.0,-0.19999999999999996
4,60.0,-0.17999999999999994
4,60.0,-0.16000000000000003
4,60.0,-0.14
4,60.0,-0.12
4,60.0,-0.09999999999999998
4,60.0,-0.07999999999999996
4,60.0,-0.05999999999999994
4,60.0,-0.040000000000000036
4,60.0,-0.020000000000000018
4,60.0,0.0
4,60.0,0.020000000000000018
4,60.0,0.040000000000000036
4,60.0,0.06000000000000005
4,60.0,0.08000000000000007
4,60.0,0.10000000000000009
4,60.0,0.1200000000000001
4,60.0,0.14000000000000012
4,60.0,0.15999999999999992
4,60.0,0.17999999999999994
4,60.0,0.19999999999999996
4,60.0,0.21999999999999997
4,60.0,0.24
4,60.0,0.26
4,60.0,0.28
4,60.0,0.30000000000000004
4,60.0,0.32000000000000006
4,60.0,0.3400000000000001
4,60.0,0.3600000000000001
4,60.0,0.3800000000000001
4,60.0,0.40000000000000013
4,60.0,0.41999999999999993
4,60.0,0.43999999999999995
4,60.0,0.45999999999999996
4,60.0,0.48
4,60.0,0.5
4,60.0,0.52
4,60.0,0.54
4,60.0,0.56
4,60.0,0.5800000000000001
4,60.0,0.6000000000000001
4,60.0,0.6200000000000001
4,60.0,0.6400000000000001
4,60.0,0.6600000000000001
4,60.0,0.6799999999999999
4,60.0,0.7
4,60.0,0.72
4,60.0,0.74
4,60.0,0.76
4,60.0,0.78
4,60.0,0.8
4,60.0,0.8200000000000001
4,60.0,0.8400000000000001
4,60.0,0.8600000000000001
4,60.0,0.8800000000000001
4,60.0,0.9000000000000001
4,60.0,0.9199999999999999
4,60.0,0.94
4,60.0,0.96
4,60.0,0.98
4,60.0,1.0
4,60.5,-1.0
4,60.5,-0.98
4,60.5,-0.96
4,60.5,-0.94
4,60.5,-0.92
4,60.5,-0.9
4,60.5,-0.88
4,60.5,-0.86
4,60.5,-0.84
4,60.5,-0.8200000000000001
4,60.5,-0.8
4,60.5,-0.78
4,60.5,-0.76
4,60.5,-0.74
4,60.5,-0.72
4,60.5,-0.7
4,60.5,-0.6799999999999999
4,60.5,-0.6599999999999999
4,60.5,-0.64
4,60.5,-0.62
4,60.5,-0.6
4,60.5,-0.5800000000000001
4,60.5,-0.56
4,60.5,-0.54
4,60.5,-0.52
4,60.5,-0.5
4,60.5,-0.48
4,60.5,-0.45999999999999996
4,60.5,-0.43999999999999995
4,60.5,-0.42000000000000004
4,60.5,-0.4
4,60.5,-0.38
4,60.5,-0.36
4,60.5,-0.33999999999999997
4,60.5,-0.31999999999999995
4,60.5,-0.29999999999999993
4,60.5,-0.28
4,60.5,-0.26
4,60.5,-0.24
4,60.5,-0.21999999999999997
4,60.5,-0.19999999999999996
4,60.5,-0.17999999999999994
4,60.5,-0.16000000000000003
4,60.5,-0.14
4,60.5,-0.12
4,60.5,-0.09999999999999998
4,60.5,-0.07999999999999996
4,60.5,-0.05999999999999994
4,60.5,-0.040000000000000036
4,60.5,-0.020000000000000018
4,60.5,0.0
4,60.5,0.020000000000000018
4,60.5,0.040000000000000036
4,60.5,0.06000000000000005
4,60.5,0.08000000000000007
4,60.5,0.10000000000000009
4,60.5,0.1200000000000001
4,60.5,0.14000000000000012
4,60.5,0.15999999999999992
4,60.5,0.17999999999999994
4,60.5,0.19999999999999996
4,60.5,0.21999999999999997
4,60.5,0.24
4,60.5,0.26
4,60.5,0.28
4,60.5,0.30000000000000004
4,60.5,0.32000000000000006
4,60.5,0.3400000000000001
4,60.5,0.3600000000000001
4,60.5,0.3800000000000001
4,60.5,0.40000000000000013
4,60.5,0.41999999999999993
4,60.5,0.43999999999999995
4,60.5,0.45999999999999996
4,60.5,0.48
4,60.5,0.5
4,60.5,0.52
4,60.5,0.54
4,60.5,0.56
4,60.5,0.5800000000000001
4,60.5,0.6000000000000001
4,60.5,0.6200000000000001
4,60.5,0.6400000000000001
4,60.5,0.6600000000000001
4,60.5,0.6799999999999999
4,60.5,0.7
4,60.5,0.72
4,60.5,0.74
4,60.5,0.76
4,60.5,0.78
4,60.5,0.8
4,60.5,0.8200000000000001
4,60.5,0.8400000000000001
4,60.5,0.8600000000000001
4,60.5,0.8800000000000001
4,60.5,0.9000000000000001
4,60.5,0.9199999999999999
4,60.5,0.94
4,60.5,0.96
4,60.5,0.98
4,60.5,1.0
4,61.0,-1.0
4,61.0,-0.98
4,61.0,-0.96
4,61.0,-0.94
4,61.0,-0.92
4,61.0,-0.9
4,61.0,-0.88
4,61.0,-0.86
4,61.0,-0.84
4,61.0,-0.8200000000000001
4,61.0,-0.8
4,61.0,-0.78
4,61.0,-0.76
4,61.0,-0.74
4,61.0,-0.72
4,61.0,-0.7
4,61.0,-0.6799999999999999
4,61.0,-0.6599999999999999
4,61.0,-0.64
4,61.0,-0.62
4,61.0,-0.6
4,61.0,-0.5800000000000001
4,61.0,-0.56
4,61.0,-0.54
4,61.0,-0.52
4,61.0,-0.5
4,61.0,-0.48
4,61.0,-0.45999999999999996
4,61.0,-0.43999999999999995
4,61.0,-0.42000000000000004
4,61.0,-0.4
4,61.0,-0.38
4,61.0,-0.36
4,61.0,-0.33999999999999997
4,61.0,-0.31999999999999995
4,61.0,-0.29999999999999993
4,61.0,-0.28
4,61.0,-0.26
4,61.0,-0.24
4,61.0,-0.21999999999999997
4,61.0,-0.19999999999999996
4,61.0,-0.17999999999999994
4,61.0,-0.16000000000000003
4,61.0,-0.14
4,61.0,-0.12
4,61.0,-0.09999999999999998
4,61.0,-0.07999999999999996
4,61.0,-0.05999999999999994
4,61.0,-0.040000000000000036
4,61.0,-0.020000000000000018
4,61.0,0.0
4,61.0,0.020000000000000018
4,61.0,0.040000000000000036
4,61.0,0.06000000000000005
4,61.0,0.08000000000000007
4,61.0,0.10000000000000009
4,61.0,0.1200000000000001
4,61.0,0.14000000000000012
4,61.0,0.15999999999999992
4,61.0,0.17999999999999994
4,61.0,0.19999999999999996
4,61.0,0.21999999999999997
4,61.0,0.24
4,61.0,0.26
4,61.0,0.28
4,61.0,0.30000000000000004
4,61.0,0.32000000000000006
4,61.0,0.3400000000000001
4,61.0,0.3600000000000001
4,61.0,0.3800000000000001
4,61.0,0.40000000000000013
4,61.0,0.41999999999999993
4,61.0,0.43999999999999995
4,61.0,0.45999999999999996
4,61.0,0.48
4,61.0,0.5
4,61.0,0.52
4,61.0,0.54
4,61.0,0.56
4,61.0,0.5800000000000001
4,61.0,0.6000000000000001
4,61.0,0.6200000000000001
4,61.0,0.6400000000000001
4,61.0,0.6600000000000001
4,61.0,0.6799999999999999
4,61.0,0.7
4,61.0,0.72
4,61.0,0.74
4,61.0,0.76
4,61.0,0.78
4,61.0,0.8
4,61.0,0.8200000000000001
4,61.0,0.8400000000000001
4,61.0,0.8600000000000001
4,61.0,0.8800000000000001
4,61.0,0.9000000000000001
4,61.0,0.9199999999999999
4,61.0,0.94
4,61.0,0.96
4,61.0,0.98
4,61.0,1.0
4,61.5,-1.0
4,61.5,-0.98
4,61.5,-0.96
4,61.5,-0.94
4,61.5,-0.92
4,61.5,-0.9
4,61.5,-0.88
4,61.5,-0.86
4,61.5,-0.84
4,61.5,-0.8200000000000001
4,61.5,-0.8
4,61.5,-0.78
4,61.5,-0.76
4,61.5,-0.74
4,61.5,-0.72
4,61.5,-0.7
4,61.5,-0.6799999999999999
4,61.5,-0.6599999999999999
4,61.5,-0.64
4,61.5,-0.62
4,61.5,-0.6
4,61.5,-0.5800000000000001
4,61.5,-0.56
4,61.5,-0.54
4,61.5,-0.52
4,61.5,-0.5
4,61.5,-0.48
4,61.5,-0.45999999999999996
4,61.5,-0.43999999999999995
4,61.5,-0.42000000000000004
4,61.5,-0.4
4,61.5,-0.38
4,61.5,-0.36
4,61.5,-0.33999999999999997
4,61.5,-0.31999999999999995
4,61.5,-0.29999999999999993
4,61.5,-0.28
4,61.5,-0.26
4,61.5,-0.24
4,61.5,-0.21999999999999997
4,61.5,-0.19999999999999996
4,61.5,-0.17999999999999994
4,61.5,-0.16000000000000003
4,61.5,-0.14
4,61.5,-0.12
4,61.5,-0.09999999999999998
4,61.5,-0.07999999999999996
4,61.5,-0.05999999999999994
4,61.5,-0.040000000000000036
4,61.5,-0.020000000000000018
4,61.5,0.0
4,61.5,0.020000000000000018
4,61.5,0.040000000000000036
4,61.5,0.06000000000000005
4,61.5,0.08000000000000007
4,61.5,0.10000000000000009
4,61.5,0.1200000000000001
4,61.5,0.14000000000000012
4,61.5,0.15999999999999992
4,61.5,0.17999999999999994
4,61.5,0.19999999999999996
4,61.5,0.21999999999999997
4,61.5,0.24
4,61.5,0.26
4,61.5,0.28
4,61.5,0.30000000000000004
4,61.5,0.32000000000000006
4,61.5,0.3400000000000001
4,61.5,0.3600000000000001
4,61.5,0.3800000000000001
4,61.5,0.40000000000000013
4,61.5,0.41999999999999993
4,61.5,0.43999999999999995
4,61.5,0.45999999999999996
4,61.5,0.48
4,61.5,0.5
4,61.5,0.52
4,61.5,0.54
4,61.5,0.56
4,61.5,0.5800000000000001
4,61.5,0.6000000000000001
4,61.5,0.6200000000000001
4,61.5,0.6400000000000001
4,61.5,0.6600000000000001
4,61.5,0.6799999999999999
4,61.5,0.7
4,61.5,0.72
4,61.5,0.74
4,61.5,0.76
4,61.5,0.78
4,61.5,0.8
4,61.5,0.8200000000000001
4,61.5,0.8400000000000001
4,61.5,0.8600000000000001
4,61.5,0.8800000000000001
4,61.5,0.9000000000000001
4,61.5,0.9199999999999999
4,61.5,0.94
4,61.5,0.96
4,61.5,0.98
4,61.5,1.0
4,62.0,-1.0
4,62.0,-0.98
4,62.0,-0.96
4,62.0,-0.94
4,62.0,-0.92
4,62.0,-0.9
4,62.0,-0.88
4,62.0,-0.86
4,62.0,-0.84
4,62.0,-0.8200000000000001
4,62.0,-0.8
4,62.0,-0.78
4,62.0,-0.76
4,62.0,-0.74
4,62.0,-0.72
4,62.0,-0.7
4,62.0,-0.6799999999999999
4,62.0,-0.6599999999999999
4,62.0,-0.64
4,62.0,-0.62
4,62.0,-0.6
4,62.0,-0.5800000000000001
4,62.0,-0.56
4,62.0,-0.54
4,62.0,-0.52
4,62.0,-0.5
4,62.0,-0.48
4,62.0,-0.45999999999999996
4,62.0,-0.43999999999999995
4,62.0,-0.42000000000000004
4,62.0,-0.4
4,62.0,-0.38
4,62.0,-0.36
4,62.0,-0.33999999999999997
4,62.0,-0.31999999999999995
4,62.0,-0.29999999999999993
4,62.0,-0.28
4,62.0,-0.26
4,62.0,-0.24
4,62.0,-0.21999999999999997
4,62.0,-0.19999999999999996
4,62.0,-0.17999999999999994
4,62.0,-0.16000000000000003
4,62.0,-0.14
4,62.0,-0.12
4,62.0,-0.09999999999999998
4,62.0,-0.07999999999999996
4,62.0,-0.05999999999999994
4,62.0,-0.040000000000000036
4,62.0,-0.020000000000000018
4,62.0,0.0
4,62.0,0.020000000000000018
4,62.0,0.040000000000000036
4,62.0,0.06000000000000005
4,62.0,0.08000000000000007
4,62.0,0.10000000000000009
4,62.0,0.1200000000000001
4,62.0,0.14000000000000012
4,62.0,0.15999999999999992
4,62.0,0.17999999999999994
4,62.0,0.19999999999999996
4,62.0,0.21999999999999997
4,62.0,0.24
4,62.0,0.26
4,62.0,0.28
4,62.0,0.30000000000000004
4,62.0,0.32000000000000006
4,62.0,0.3400000000000001
4,62.0,0.3600000000000001
4,62.0,0.3800000000000001
4,62.0,0.40000000000000013
4,62.0,0.41999999999999993
4,62.0,0.43999999999999995
4,62.0,0.45999999999999996
4,62.0,0.48
4,62.0,0.5
4,62.0,0.52
4,62.0,0.54
4,62.0,0.56
4,62.0,0.5800000000000001
4,62.0,0.6000000000000001
4,62.0,0.6200000000000001
4,62.0,0.6400000000000001
4,62.0,0.6600000000000001
4,62.0,0.6799999999999999
4,62.0,0.7
4,62.0,0.72
4,62.0,0.74
4,62.0,0.76
4,62.0,0.78
4,62.0,0.8
4,62.0,0.8200000000000001
4,62.0,0.8400000000000001
4,62.0,0.8600000000000001
4,62.0,0.8800000000000001
4,62.0,0.9000000000000001
4,62.0,0.9199999999999999
4,62.0,0.94
4,62.0,0.96
4,62.0,0.98
4,62.0,1.0
4,62.5,-1.0
4,62.5,-0.98
4,62.5,-0.96
4,62.5,-0.94
4,62.5,-0.92
4,62.5,-0.9
4,62.5,-0.88
4,62.5,-0.86
4,62.5,-0.84
4,62.5,-0.8200000000000001
4,62.5,-0.8
4,62.5,-0.78
4,62.5,-0.76
4,62.5,-0.74
4,62.5,-0.72
4,62.5,-0.7
4,62.5,-0.6799999999999999
4,62.5,-0.6599999999999999
4,62.5,-0.64
4,62.5,-0.62
4,62.5,-0.6
4,62.5,-0.5800000000000001
4,62.5,-0.56
4,62.5,-0.54
4,62.5,-0.52
4,62.5,-0.5
4,62.5,-0.48
4,62.5,-0.45999999999999996
4,62.5,-0.43999999999999995
4,62.5,-0.42000000000000004
4,62.5,-0.4
4,62.5,-0.38
4,62.5,-0.36
4,62.5,-0.33999999999999997
4,62.5,-0.31999999999999995
4,62.5,-0.29999999999999993
4,62.5,-0.28
4,62.5,-0.26
4,62.5,-0.24
4,62.5,-0.21999999999999997
4,62.5,-0.19999999999999996
4,62.5,-0.17999999999999994
4,62.5,-0.16000000000000003
4,62.5,-0.14
4,62.5,-0.12
4,62.5,-0.09999999999999998
4,62.5,-0.07999999999999996
4,62.5,-0.05999999999999994
4,62.5,-0.040000000000000036
4,62.5,-0.020000000000000018
4,62.5,0.0
4,62.5,0.020000000000000018
4,62.5,0.040000000000000036
4,62.5,0.06000000000000005
4,62.5,0.08000000000000007
4,62.5,0.10000000000000009
4,62.5,0.1200000000000001
4,62.5,0.14000000000000012
4,62.5,0.15999999999999992
4,62.5,0.17999999999999994
4,62.5,0.19999999999999996
4,62.5,0.21999999999999997
4,62.5,0.24
4,62.5,0.26
4,62.5,0.28
4,62.5,0.30000000000000004
4,62.5,0.32000000000000006
4,62.5,0.3400000000000001
4,62.5,0.3600000000000001
4,62.5,0.3800000000000001
4,62.5,0.40000000000000013
4,62.5,0.41999999999999993
4,62.5,0.43999999999999995
4,62.5,0.45999999999999996
4,62.5,0.48
4,62.5,0.5
4,62.5,0.52
4,62.5,0.54
4,62.5,0.56
4,62.5,0.5800000000000001
4,62.5,0.6000000000000001
4,62.5,0.6200000000000001
4,62.5,0.6400000000000001
4,62.5,0.6600000000000001
4,62.5,0.6799999999999999
4,62.5,0.7
4,62.5,0.72
4,62.5,0.74
4,62.5,0.76
4,62.5,0.78
4,62.5,0.8
4,62.5,0.8200000000000001
4,62.5,0.8400000000000001
4,62.5,0.8600000000000001
4,62.5,0.8800000000000001
4,62.5,0.9000000000000001
4,62.5,0.9199999999999999
4,62.5,0.94
4,62.5,0.96
4,62.5,0.98
4,62.5,1.0
4,63.0,-1.0
4,63.0,-0.98
4,63.0,-0.96
4,63.0,-0.94
4,63.0,-0.92
4,63.0,-0.9
4,63.0,-0.88
4,63.0,-0.86
4,63.0,-0.84
4,63.0,-0.8200000000000001
4,63.0,-0.8
4,63.0,-0.78
4,63.0,-0.76
4,63.0,-0.74
4,63.0,-0.72
4,63.0,-0.7
4,63.0,-0.6799999999999999
4,63.0,-0.6599999999999999
4,63.0,-0.64
4,63.0,-0.62
4,63.0,-0.6
4,63.0,-0.5800000000000001
4,63.0,-0.56
4,63.0,-0.54
4,63.0,-0.52
4,63.0,-0.5
4,63.0,-0.48
4,63.0,-0.45999999999999996
4,63.0,-0.43999999999999995
4,63.0,-0.42000000000000004
4,63.0,-0.4
4,63.0,-0.38
4,63.0,-0.36
4,63.0,-0.33999999999999997
4,63.0,-0.31999999999999995
4,63.0,-0.29999999999999993
4,63.0,-0.28
4,63.0,-0.26
4,63.0,-0.24
4,63.0,-0.21999999999999997
4,63.0,-0.19999999999999996
4,63.0,-0.17999999999999994
4,63.0,-0.16000000000000003
4,63.0,-0.14
4,63.0,-0.12
4,63.0,-0.09999999999999998
4,63.0,-0.07999999999999996
4,63.0,-0.05999999999999994
4,63.0,-0.040000000000000036
4,63.0,-0.020000000000000018
4,63.0,0.0
4,63.0,0.020000000000000018
4,63.0,0.040000000000000036
4,63.0,0.06000000000000005
4,63.0,0.08000000000000007
4,63.0,0.10000000000000009
4,63.0,0.1200000000000001
4,63.0,0.14000000000000012
4,63.0,0.15999999999999992
4,63.0,0.17999999999999994
4,63.0,0.19999999999999996
4,63.0,0.21999999999999997
4,63.0,0.24
4,63.0,0.26
4,63.0,0.28
4,63.0,0.30000000000000004
4,63.0,0.32000000000000006
4,63.0,0.3400000000000001
4,63.0,0.3600000000000001
4,63.0,0.3800000000000001
4,63.0,0.40000000000000013
4,63.0,0.41999999999999993
4,63.0,0.43999999999999995
4,63.0,0.45999999999999996
4,63.0,0.48
4,63.0,0.5
4,63.0,0.52
4,63.0,0.54
4,63.0,0.56
4,63.0,0.5800000000000001
4,63.0,0.6000000000000001
4,63.0,0.6200000000000001
4,63.0,0.6400000000000001
4,63.0,0.6600000000000001
4,63.0,0.6799999999999999
4,63.0,0.7
4,63.0,0.72
4,63.0,0.74
4,63.0,0.76
4,63.0,0.78
4,63.0,0.8
4,63.0,0.8200000000000001
4,63.0,0.8400000000000001
4,63.0,0.8600000000000001
4,63.0,0.8800000000000001
4,63.0,0.9000000000000001
4,63.0,0.9199999999999999
4,63.0,0.94
4,63.0,0.96
4,63.0,0.98
4,63.0,1.0
4,63.5,-1.0
4,63.5,-0.98
4,63.5,-0.96
4,63.5,-0.94
4,63.5,-0.92
4,63.5,-0.9
4,63.5,-0.88
4,63.5,-0.86
4,63.5,-0.84
4,63.5,-0.8200000000000001
4,63.5,-0.8
4,63.5,-0.78
4,63.5,-0.76
4,63.5,-0.74
4,63.5,-0.72
4,63.5,-0.7
4,63.5,-0.6799999999999999
4,63.5,-0.6599999999999999
4,63.5,-0.64
4,63.5,-0.62
4,63.5,-0.6
4,63.5,-0.5800000000000001
4,63.5,-0.56
4,63.5,-0.54
4,63.5,-0.52
4,63.5,-0.5
4,63.5,-0.48
4,63.5,-0.45999999999999996
4,63.5,-0.43999999999999995
4,63.5,-0.42000000000000004
4,63.5,-0.4
4,63.5,-0.38
4,63.5,-0.36
4,63.5,-0.33999999999999997
4,63.5,-0.31999999999999995
4,63.5,-0.29999999999999993
4,63.5,-0.28
4,63.5,-0.26
4,63.5,-0.24
4,63.5,-0.21999999999999997
4,63.5,-0.19999999999999996
4,63.5,-0.17999999999999994
4,63.5,-0.16000000000000003
4,63.5,-0.14
4,63.5,-0.12
4,63.5,-0.09999999999999998
4,63.5,-0.07999999999999996
4,63.5,-0.05999999999999994
4,63.5,-0.040000000000000036
4,63.5,-0.020000000000000018
4,63.5,0.0
4,63.5,0.020000000000000018
4,63.5,0.040000000000000036
4,63.5,0.06000000000000005
4,63.5,0.08000000000000007
4,63.5,0.10000000000000009
4,63.5,0.1200000000000001
4,63.5,0.14000000000000012
4,63.5,0.15999999999999992
4,63.5,0.17999999999999994
4,63.5,0.19999999999999996
4,63.5,0.21999999999999997
4,63.5,0.24
4,63.5,0.26
4,63.5,0.28
4,63.5,0.30000000000000004
4,63.5,0.32000000000000006
4,63.5,0.3400000000000001
4,63.5,0.3600000000000001
4,63.5,0.3800000000000001
4,63.5,0.40000000000000013
4,63.5,0.41999999999999993
4,63.5,0.43999999999999995
4,63.5,0.45999999999999996
4,63.5,0.48
4,63.5,0.5
4,63.5,0.52
4,63.5,0.54
4,63.5,0.56
4,63.5,0.5800000000000001
4,63.5,0.6000000000000001
4,63.5,0.6200000000000001
4,63.5,0.6400000000000001
4,63.5,0.6600000000000001
4,63.5,0.6799999999999999
4,63.5,0.7
4,63.5,0.72
4,63.5,0.74
4,63.5,0.76
4,63.5,0.78
4,63.5,0.8
4,63.5,0.8200000000000001
4,63.5,0.8400000000000001
4,63.5,0.8600000000000001
4,63.5,0.8800000000000001
4,63.5,0.9000000000000001
4,63.5,0.9199999999999999
4,63.5,0.94
4,63.5,0.96
4,63.5,0.98
4,63.5,1.0
4,64.0,-1.0
4,64.0,-0.98
4,64.0,-0.96
4,64.0,-0.94
4,64.0,-0.92
4,64.0,-0.9
4,64.0,-0.88
4,64.0,-0.86
4,64.0,-0.84
4,64.0,-0.8200000000000001
4,64.0,-0.8
4,64.0,-0.78
4,64.0,-0.76
4,64.0,-0.74
4,64.0,-0.72
4,64.0,-0.7
4,64.0,-0.6799999999999999
4,64.0,-0.6599999999999999
4,64.0,-0.64
4,64.0,-0.62
4,64.0,-0.6
4,64.0,-0.5800000000000001
4,64.0,-0.56
4,64.0,-0.54
4,64.0,-0.52
4,64.0,-0.5
4,64.0,-0.48
4,64.0,-0.45999999999999996
4,64.0,-0.43999999999999995
4,64.0,-0.42000000000000004
4,64.0,-0.4
4,64.0,-0.38
4,64.0,-0.36
4,64.0,-0.33999999999999997
4,64.0,-0.31999999999999995
4,64.0,-0.29999999999999993
4,64.0,-0.28
4,64.0,-0.26
4,64.0,-0.24
4,64.0,-0.21999999999999997
4,64.0,-0.19999999999999996
4,64.0,-0.17999999999999994
4,64.0,-0.16000000000000003
4,64.0,-0.14
4,64.0,-0.12
4,64.0,-0.09999999999999998
4,64.0,-0.07999999999999996
4,64.0,-0.05999999999999994
4,64.0,-0.040000000000000036
4,64.0,-0.020000000000000018
4,64.0,0.0
4,64.0,0.020000000000000018
4,64.0,0.040000000000000036
4,64.0,0.06000000000000005
4,64.0,0.08000000000000007
4,64.0,0.10000000000000009
4,64.0,0.1200000000000001
4,64.0,0.14000000000000012
4,64.0,0.15999999999999992
4,64.0,0.17999999999999994
4,64.0,0.19999999999999996
4,64.0,0.21999999999999997
4,64.0,0.24
4,64.0,0.26
4,64.0,0.28
4,64.0,0.30000000000000004
4,64.0,0.32000000000000006
4,64.0,0.3400000000000001
4,64.0,0.3600000000000001
4,64.0,0.3800000000000001
4,64.0,0.40000000000000013
4,64.0,0.41999999999999993
4,64.0,0.43999999999999995
4,64.0,0.45999999999999996
4,64.0,0.48
4,64.0,0.5
4,64.0,0.52
4,64.0,0.54
4,64.0,0.56
4,64.0,0.5800000000000001
4,64.0,0.6000000000000001
4,64.0,0.6200000000000001
4,64.0,0.6400000000000001
4,64.0,0.6600000000000001
4,64.0,0.6799999999999999
4,64.0,0.7
4,64.0,0.72
4,64.0,0.74
4,64.0,0.76
4,64.0,0.78
4,64.0,0.8
4,64.0,0.8200000000000001
4,64.0,0.8400000000000001
4,64.0,0.8600000000000001
4,64.0,0.8800000000000001
4,64.0,0.9000000000000001
4,64.0,0.9199999999999999
4,64.0,0.94
4,64.0,0.96
4,64.0,0.98
4,64.0,1.0
4,64.5,-1.0
4,64.5,-0.98
4,64.5,-0.96
4,64.5,-0.94
4,64.5,-0.92
4,64.5,-0.9
4,64.5,-0.88
4,64.5,-0.86
4,64.5,-0.84
4,64.5,-0.8200000000000001
4,64.5,-0.8
4,64.5,-0.78
4,64.5,-0.76
4,64.5,-0.74
4,64.5,-0.72
4,64.5,-0.7
4,64.5,-0.6799999999999999
4,64.5,-0.6599999999999999
4,64.5,-0.64
4,64.5,-0.62
4,64.5,-0.6
4,64.5,-0.5800000000000001
4,64.5,-0.56
4,64.5,-0.54
4,64.5,-0.52
4,64.5,-0.5
4,64.5,-0.48
4,64.5,-0.45999999999999996
4,64.5,-0.43999999999999995
4,64.5,-0.42000000000000004
4,64.5,-0.4
4,64.5,-0.38
4,64.5,-0.36
4,64.5,-0.33999999999999997
4,64.5,-0.31999999999999995
4,64.5,-0.29999999999999993
4,64.5,-0.28
4,64.5,-0.26
4,64.5,-0.24
4,64.5,-0.21999999999999997
4,64.5,-0.19999999999999996
4,64.5,-0.17999999999999994
4,64.5,-0.16000000000000003
4,64.5,-0.14
4,64.5,-0.12
4,64.5,-0.09999999999999998
4,64.5,-0.07999999999999996
4,64.5,-0.05999999999999994
4,64.5,-0.040000000000000036
4,64.5,-0.020000000000000018
4,64.5,0.0
4,64.5,0.020000000000000018
4,64.5,0.040000000000000036
4,64.5,0.06000000000000005
4,64.5,0.08000000000000007
4,64.5,0.10000000000000009
4,64.5,0.1200000000000001
4,64.5,0.14000000000000012
4,64.5,0.15999999999999992
4,64.5,0.17999999999999994
4,64.5,0.19999999999999996
4,64.5,0.21999999999999997
4,64.5,0.24
4,64.5,0.26
4,64.5,0.28
4,64.5,0.30000000000000004
4,64.5,0.32000000000000006
4,64.5,0.3400000000000001
4,64.5,0.3600000000000001
4,64.5,0.3800000000000001
4,64.5,0.40000000000000013
4,64.5,0.41999999999999993
4,64.5,0.43999999999999995
4,64.5,0.45999999999999996
4,64.5,0.48
4,64.5,0.5
4,64.5,0.52
4,64.5,0.54
4,64.5,0.56
4,64.5,0.5800000000000001
4,64.5,0.6000000000000001
4,64.5,0.6200000000000001
4,64.5,0.6400000000000001
4,64.5,0.6600000000000001
4,64.5,0.6799999999999999
4,64.5,0.7
4,64.5,0.72
4,64.5,0.74
4,64.5,0.76
4,64.5,0.78
4,64.5,0.8
4,64.5,0.8200000000000001
4,64.5,0.8400000000000001
4,64.5,0.8600000000000001
4,64.5,0.8800000000000001
4,64.5,0.9000000000000001
4,64.5,0.9199999999999999
4,64.5,0.94
4,64.5,0.96
4,64.5,0.98
4,64.5,1.0
4,65.0,-1.0
4,65.0,-0.98
4,65.0,-0.96
4,65.0,-0.94
4,65.0,-0.92
4,65.0,-0.9
4,65.0,-0.88
4,65.0,-0.86
4,65.0,-0.84
4,65.0,-0.8200000000000001
4,65.0,-0.8
4,65.0,-0.78
4,65.0,-0.76
4,65.0,-0.74
4,65.0,-0.72
4,65.0,-0.7
4,65.0,-0.6799999999999999
4,65.0,-0.6599999999999999
4,65.0,-0.64
4,65.0,-0.62
4,65.0,-0.6
4,65.0,-0.5800000000000001
4,65.0,-0.56
4,65.0,-0.54
4,65.0,-0.52
4,65.0,-0.5
4,65.0,-0.48
4,65.0,-0.45999999999999996
4,65.0,-0.43999999999999995
4,65.0,-0.42000000000000004
4,65.0,-0.4
4,65.0,-0.38
4,65.0,-0.36
4,65.0,-0.33999999999999997
4,65.0,-0.31999999999999995
4,65.0,-0.29999999999999993
4,65.0,-0.28
4,65.0,-0.26
4,65.0,-0.24
4,65.0,-0.21999999999999997
4,65.0,-0.19999999999999996
4,65.0,-0.17999999999999994
4,65.0,-0.16000000000000003
4,65.0,-0.14
4,65.0,-0.12
4,65.0,-0.09999999999999998
4,65.0,-0.07999999999999996
4,65.0,-0.05999999999999994
4,65.0,-0.040000000000000036
4,65.0,-0.020000000000000018
4,65.0,0.0
4,65.0,0.020000000000000018
4,65.0,0.040000000000000036
4,65.0,0.06000000000000005
4,65.0,0.08000000000000007
4,65.0,0.10000000000000009
4,65.0,0.1200000000000001
4,65.0,0.14000000000000012
4,65.0,0.15999999999999992
4,65.0,0.17999999999999994
4,65.0,0.19999999999999996
4,65.0,0.21999999999999997
4,65.0,0.24
4,65.0,0.26
4,65.0,0.28
4,65.0,0.30000000000000004
4,65.0,0.32000000000000006
4,65.0,0.3400000000000001
4,65.0,0.3600000000000001
4,65.0,0.3800000000000001
4,65.0,0.40000000000000013
4,65.0,0.41999999999999993
4,65.0,0.43999999999999995
4,65.0,0.45999999999999996
4,65.0,0.48
4,65.0,0.5
4,65.0,0.52
4,65.0,0.54
4,65.0,0.56
4,65.0,0.5800000000000001
4,65.0,0.6000000000000001
4,65.0,0.6200000000000001
4,65.0,0.6400000000000001
4,65.0,0.6600000000000001
4,65.0,0.6799999999999999
4,65.0,0.7
4,65.0,0.72
4,65.0,0.74
4,65.0,0.76
4,65.0,0.78
4,65.0,0.8
4,65.0,0.8200000000000001
4,65.0,0.8400000000000001
4,65.0,0.8600000000000001
4,65.0,0.8800000000000001
4,65.0,0.9000000000000001
4,65.0,0.9199999999999999
4,65.0,0.94
4,65.0,0.96
4,65.0,0.98
4,65.0,1.0
4,65.5,-1.0
4,65.5,-0.98
4,65.5,-0.96
4,65.5,-0.94
4,65.5,-0.92
4,65.5,-0.9
4,65.5,-0.88
4,65.5,-0.86
4,65.5,-0.84
4,65.5,-0.8200000000000001
4,65.5,-0.8
4,65.5,-0.78
4,65.5,-0.76
4,65.5,-0.74
4,65.5,-0.72
4,65.5,-0.7
4,65.5,-0.6799999999999999
4,65.5,-0.6599999999999999
4,65.5,-0.64
4,65.5,-0.62
4,65.5,-0.6
4,65.5,-0.5800000000000001
4,65.5,-0.56
4,65.5,-0.54
4,65.5,-0.52
4,65.5,-0.5
4,65.5,-0.48
4,65.5,-0.45999999999999996
4,65.5,-0.43999999999999995
4,65.5,-0.42000000000000004
4,65.5,-0.4
4,65.5,-0.38
4,65.5,-0.36
4,65.5,-0.33999999999999997
4,65.5,-0.31999999999999995
4,65.5,-0.29999999999999993
4,65.5,-0.28
4,65.5,-0.26
4,65.5,-0.24
4,65.5,-0.21999999999999997
4,65.5,-0.19999999999999996
4,65.5,-0.17999999999999994
4,65.5,-0.16000000000000003
4,65.5,-0.14
4,65.5,-0.12
4,65.5,-0.09999999999999998
4,65.5,-0.07999999999999996
4,65.5,-0.05999999999999994
4,65.5,-0.040000000000000036
4,65.5,-0.020000000000000018
4,65.5,0.0
4,65.5,0.020000000000000018
4,65.5,0.040000000000000036
4,65.5,0.06000000000000005
4,65.5,0.08000000000000007
4,65.5,0.10000000000000009
4,65.5,0.1200000000000001
4,65.5,0.14000000000000012
4,65.5,0.15999999999999992
4,65.5,0.17999999999999994
4,65.5,0.19999999999999996
4,65.5,0.21999999999999997
4,65.5,0.24
4,65.5,0.26
4,65.5,0.28
4,65.5,0.30000000000000004
4,65.5,0.32000000000000006
4,65.5,0.3400000000000001
4,65.5,0.3600000000000001
4,65.5,0.3800000000000001
4,65.5,0.40000000000000013
4,65.5,0.41999999999999993
4,65.5,0.43999999999999995
4,65.5,0.45999999999999996
4,65.5,0.48
4,65.5,0.5
4,65.5,0.52
4,65.5,0.54
4,65.5,0.56
4,65.5,0.5800000000000001
4,65.5,0.6000000000000001
4,65.5,0.6200000000000001
4,65.5,0.6400000000000001
4,65.5,0.6600000000000001
4,65.5,0.6799999999999999
4,65.5,0.7
4,65.5,0.72
4,65.5,0.74
4,65.5,0.76
4,65.5,0.78
4,65.5,0.8
4,65.5,0.8200000000000001
4,65.5,0.8400000000000001
4,65.5,0.8600000000000001
4,65.5,0.8800000000000001
4,65.5,0.9000000000000001
4,65.5,0.9199999999999999
4,65.5,0.94
4,65.5,0.96
4,65.5,0.98
4,65.5,1.0
4,66.0,-1.0
4,66.0,-0.98
4,66.0,-0.96
4,66.0,-0.94
4,66.0,-0.92
4,66.0,-0.9
4,66.0,-0.88
4,66.0,-0.86
4,66.0,-0.84
4,66.0,-0.8200000000000001
4,66.0,-0.8
4,66.0,-0.78
4,66.0,-0.76
4,66.0,-0.74
4,66.0,-0.72
4,66.0,-0.7
4,66.0,-0.6799999999999999
4,66.0,-0.6599999999999999
4,66.0,-0.64
4,66.0,-0.62
4,66.0,-0.6
4,66.0,-0.5800000000000001
4,66.0,-0.56
4,66.0,-0.54
4,66.0,-0.52
4,66.0,-0.5
4,66.0,-0.48
4,66.0,-0.45999999999999996
4,66.0,-0.43999999999999995
4,66.0,-0.42000000000000004
4,66.0,-0.4
4,66.0,-0.38
4,66.0,-0.36
4,66.0,-0.33999999999999997
4,66.0,-0.31999999999999995
4,66.0,-0.29999999999999993
4,66.0,-0.28
4,66.0,-0.26
4,66.0,-0.24
4,66.0,-0.21999999999999997
4,66.0,-0.19999999999999996
4,66.0,-0.17999999999999994
4,66.0,-0.16000000000000003
4,66.0,-0.14
4,66.0,-0.12
4,66.0,-0.09999999999999998
4,66.0,-0.07999999999999996
4,66.0,-0.05999999999999994
4,66.0,-0.040000000000000036
4,66.0,-0.020000000000000018
4,66.0,0.0
4,66.0,0.020000000000000018
4,66.0,0.040000000000000036
4,66.0,0.06000000000000005
4,66.0,0.08000000000000007
4,66.0,0.10000000000000009
4,66.0,0.1200000000000001
4,66.0,0.14000000000000012
4,66.0,0.15999999999999992
4,66.0,0.17999999999999994
4,66.0,0.19999999999999996
4,66.0,0.21999999999999997
4,66.0,0.24
4,66.0,0.26
4,66.0,0.28
4,66.0,0.30000000000000004
4,66.0,0.32000000000000006
4,66.0,0.3400000000000001
4,66.0,0.3600000000000001
4,66.0,0.3800000000000001
4,66.0,0.40000000000000013
4,66.0,0.41999999999999993
4,66.0,0.43999999999999995
4,66.0,0.45999999999999996
4,66.0,0.48
4,66.0,0.5
4,66.0,0.52
4,66.0,0.54
4,66.0,0.56
4,66.0,0.5800000000000001
4,66.0,0.6000000000000001
4,66.0,0.6200000000000001
4,66.0,0.6400000000000001
4,66.0,0.6600000000000001
4,66.0,0.6799999999999999
4,66.0,0.7
4,66.0,0.72
4,66.0,0.74
4,66.0,0.76
4,66.0,0.78
4,66.0,0.8
4,66.0,0.8200000000000001
4,66.0,0.8400000000000001
4,66.0,0.8600000000000001
4,66.0,0.8800000000000001
4,66.0,0.9000000000000001
4,66.0,0.9199999999999999
4,66.0,0.94
4,66.0,0.96
4,66.0,0.98
4,66.0,1.0
4,66.5,-1.0
4,66.5,-0.98
4,66.5,-0.96
4,66.5,-0.94
4,66.5,-0.92
4,66.5,-0.9
4,66.5,-0.88
4,66.5,-0.86
4,66.5,-0.84
4,66.5,-0.8200000000000001
4,66.5,-0.8
4,66.5,-0.78
4,66.5,-0.76
4,66.5,-0.74
4,66.5,-0.72
4,66.5,-0.7
4,66.5,-0.6799999999999999
4,66.5,-0.6599999999999999
4,66.5,-0.64
4,66.5,-0.62
4,66.5,-0.6
4,66.5,-0.5800000000000001
4,66.5,-0.56
4,66.5,-0.54
4,66.5,-0.52
4,66.5,-0.5
4,66.5,-0.48
4,66.5,-0.45999999999999996
4,66.5,-0.43999999999999995
4,66.5,-0.42000000000000004
4,66.5,-0.4
4,66.5,-0.38
4,66.5,-0.36
4,66.5,-0.33999999999999997
4,66.5,-0.31999999999999995
4,66.5,-0.29999999999999993
4,66.5,-0.28
4,66.5,-0.26
4,66.5,-0.24
4,66.5,-0.21999999999999997
4,66.5,-0.19999999999999996
4,66.5,-0.17999999999999994
4,66.5,-0.16000000000000003
4,66.5,-0.14
4,66.5,-0.12
4,66.5,-0.09999999999999998
4,66.5,-0.07999999999999996
4,66.5,-0.05999999999999994
4,66.5,-0.040000000000000036
4,66.5,-0.020000000000000018
4,66.5,0.0
4,66.5,0.020000000000000018
4,66.5,0.040000000000000036
4,66.5,0.06000000000000005
4,66.5,0.08000000000000007
4,66.5,0.10000000000000009
4,66.5,0.1200000000000001
4,66.5,0.14000000000000012
4,66.5,0.15999999999999992
4,66.5,0.17999999999999994
4,66.5,0.19999999999999996
4,66.5,0.21999999999999997
4,66.5,0.24
4,66.5,0.26
4,66.5,0.28
4,66.5,0.30000000000000004
4,66.5,0.32000000000000006
4,66.5,0.3400000000000001
4,66.5,0.3600000000000001
4,66.5,0.3800000000000001
4,66.5,0.40000000000000013
4,66.5,0.41999999999999993
4,66.5,0.43999999999999995
4,66.5,0.45999999999999996
4,66.5,0.48
4,66.5,0.5
4,66.5,0.52
4,66.5,0.54
4,66.5,0.56
4,66.5,0.5800000000000001
4,66.5,0.6000000000000001
4,66.5,0.6200000000000001
4,66.5,0.6400000000000001
4,66.5,0.6600000000000001
4,66.5,0.6799999999999999
4,66.5,0.7
4,66.5,0.72
4,66.5,0.74
4,66.5,0.76
4,66.5,0.78
4,66.5,0.8
4,66.5,0.8200000000000001
4,66.5,0.8400000000000001
4,66.5,0.8600000000000001
4,66.5,0.8800000000000001
4,66.5,0.9000000000000001
4,66.5,0.9199999999999999
4,66.5,0.94
4,66.5,0.96
4,66.5,0.98
4,66.5,1.0
4,67.0,-1.0
4,67.0,-0.98
4,67.0,-0.96
4,67.0,-0.94
4,67.0,-0.92
4,67.0,-0.9
4,67.0,-0.88
4,67.0,-0.86
4,67.0,-0.84
4,67.0,-0.8200000000000001
4,67.0,-0.8
4,67.0,-0.78
4,67.0,-0.76
4,67.0,-0.74
4,67.0,-0.72
4,67.0,-0.7
4,67.0,-0.6799999999999999
4,67.0,-0.6599999999999999
4,67.0,-0.64
4,67.0,-0.62
4,67.0,-0.6
4,67.0,-0.5800000000000001
4,67.0,-0.56
4,67.0,-0.54
4,67.0,-0.52
4,67.0,-0.5
4,67.0,-0.48
4,67.0,-0.45999999999999996
4,67.0,-0.43999999999999995
4,67.0,-0.42000000000000004
4,67.0,-0.4
4,67.0,-0.38
4,67.0,-0.36
4,67.0,-0.33999999999999997
4,67.0,-0.31999999999999995
4,67.0,-0.29999999999999993
4,67.0,-0.28
4,67.0,-0.26
4,67.0,-0.24
4,67.0,-0.21999999999999997
4,67.0,-0.19999999999999996
4,67.0,-0.17999999999999994
4,67.0,-0.16000000000000003
4,67.0,-0.14
4,67.0,-0.12
4,67.0,-0.09999999999999998
4,67.0,-0.07999999999999996
4,67.0,-0.05999999999999994
4,67.0,-0.040000000000000036
4,67.0,-0.020000000000000018
4,67.0,0.0
4,67.0,0.020000000000000018
4,67.0,0.040000000000000036
4,67.0,0.06000000000000005
4,67.0,0.08000000000000007
4,67.0,0.10000000000000009
4,67.0,0.1200000000000001
4,67.0,0.14000000000000012
4,67.0,0.15999999999999992
4,67.0,0.17999999999999994
4,67.0,0.19999999999999996
4,67.0,0.21999999999999997
4,67.0,0.24
4,67.0,0.26
4,67.0,0.28
4,67.0,0.30000000000000004
4,67.0,0.32000000000000006
4,67.0,0.3400000000000001
4,67.0,0.3600000000000001
4,67.0,0.3800000000000001
4,67.0,0.40000000000000013
4,67.0,0.41999999999999993
4,67.0,0.43999999999999995
4,67.0,0.45999999999999996
4,67.0,0.48
4,67.0,0.5
4,67.0,0.52
4,67.0,0.54
4,67.0,0.56
4,67.0,0.5800000000000001
4,67.0,0.6000000000000001
4,67.0,0.6200000000000001
4,67.0,0.6400000000000001
4,67.0,0.6600000000000001
4,67.0,0.6799999999999999
4,67.0,0.7
4,67.0,0.72
4,67.0,0.74
4,67.0,0.76
4,67.0,0.78
4,67.0,0.8
4,67.0,0.8200000000000001
4,67.0,0.8400000000000001
4,67.0,0.8600000000000001
4,67.0,0.8800000000000001
4,67.0,0.9000000000000001
4,67.0,0.9199999999999999
4,67.0,0.94
4,67.0,0.96
4,67.0,0.98
4,67.0,1.0
4,67.5,-1.0
4,67.5,-0.98
4,67.5,-0.96
4,67.5,-0.94
4,67.5,-0.92
4,67.5,-0.9
4,67.5,-0.88
4,67.5,-0.86
4,67.5,-0.84
4,67.5,-0.8200000000000001
4,67.5,-0.8
4,67.5,-0.78
4,67.5,-0.76
4,67.5,-0.74
4,67.5,-0.72
4,67.5,-0.7
4,67.5,-0.6799999999999999
4,67.5,-0.6599999999999999
4,67.5,-0.64
4,67.5,-0.62
4,67.5,-0.6
4,67.5,-0.5800000000000001
4,67.5,-0.56
4,67.5,-0.54
4,67.5,-0.52
4,67.5,-0.5
4,67.5,-0.48
4,67.5,-0.45999999999999996
4,67.5,-0.43999999999999995
4,67.5,-0.42000000000000004
4,67.5,-0.4
4,67.5,-0.38
4,67.5,-0.36
4,67.5,-0.33999999999999997
4,67.5,-0.31999999999999995
4,67.5,-0.29999999999999993
4,67.5,-0.28
4,67.5,-0.26
4,67.5,-0.24
4,67.5,-0.21999999999999997
4,67.5,-0.19999999999999996
4,67.5,-0.17999999999999994
4,67.5,-0.16000000000000003
4,67.5,-0.14
4,67.5,-0.12
4,67.5,-0.09999999999999998
4,67.5,-0.07999999999999996
4,67.5,-0.05999999999999994
4,67.5,-0.040000000000000036
4,67.5,-0.020000000000000018
4,67.5,0.0
4,67.5,0.020000000000000018
4,67.5,0.040000000000000036
4,67.5,0.06000000000000005
4,67.5,0.08000000000000007
4,67.5,0.10000000000000009
4,67.5,0.1200000000000001
4,67.5,0.14000000000000012
4,67.5,0.15999999999999992
4,67.5,0.17999999999999994
4,67.5,0.19999999999999996
4,67.5,0.21999999999999997
4,67.5,0.24
4,67.5,0.26
4,67.5,0.28
4,67.5,0.30000000000000004
4,67.5,0.32000000000000006
4,67.5,0.3400000000000001
4,67.5,0.3600000000000001
4,67.5,0.3800000000000001
4,67.5,0.40000000000000013
4,67.5,0.41999999999999993
4,67.5,0.43999999999999995
4,67.5,0.45999999999999996
4,67.5,0.48
4,67.5,0.5
4,67.5,0.52
4,67.5,0.54
4,67.5,0.56
4,67.5,0.5800000000000001
4,67.5,0.6000000000000001
4,67.5,0.6200000000000001
4,67.5,0.6400000000000001
4,67.5,0.6600000000000001
4,67.5,0.6799999999999999
4,67.5,0.7
4,67.5,0.72
4,67.5,0.74
4,67.5,0.76
4,67.5,0.78
4,67.5,0.8
4,67.5,0.8200000000000001
4,67.5,0.8400000000000001
4,67.5,0.8600000000000001
4,67.5,0.8800000000000001
4,67.5,0.9000000000000001
4,67.5,0.9199999999999999
4,67.5,0.94
4,67.5,0.96
4,67.5,0.98
4,67.5,1.0
4,68.0,-1.0
4,68.0,-0.98
4,68.0,-0.96
4,68.0,-0.94
4,68.0,-0.92
4,68.0,-0.9
4,68.0,-0.88
4,68.0,-0.86
4,68.0,-0.84
4,68.0,-0.8200000000000001
4,68.0,-0.8
4,68.0,-0.78
4,68.0,-0.76
4,68.0,-0.74
4,68.0,-0.72
4,68.0,-0.7
4,68.0,-0.6799999999999999
4,68.0,-0.6599999999999999
4,68.0,-0.64
4,68.0,-0.62
4,68.0,-0.6
4,68.0,-0.5800000000000001
4,68.0,-0.56
4,68.0,-0.54
4,68.0,-0.52
4,68.0,-0.5
4,68.0,-0.48
4,68.0,-0.45999999999999996
4,68.0,-0.43999999999999995
4,68.0,-0.42000000000000004
4,68.0,-0.4
4,68.0,-0.38
4,68.0,-0.36
4,68.0,-0.33999999999999997
4,68.0,-0.31999999999999995
4,68.0,-0.29999999999999993
4,68.0,-0.28
4,68.0,-0.26
4,68.0,-0.24
4,68.0,-0.21999999999999997
4,68.0,-0.19999999999999996
4,68.0,-0.17999999999999994
4,68.0,-0.16000000000000003
4,68.0,-0.14
4,68.0,-0.12
4,68.0,-0.09999999999999998
4,68.0,-0.07999999999999996
4,68.0,-0.05999999999999994
4,68.0,-0.040000000000000036
4,68.0,-0.020000000000000018
4,68.0,0.0
4,68.0,0.020000000000000018
4,68.0,0.040000000000000036
4,68.0,0.06000000000000005
4,68.0,0.08000000000000007
4,68.0,0.10000000000000009
4,68.0,0.1200000000000001
4,68.0,0.14000000000000012
4,68.0,0.15999999999999992
4,68.0,0.17999999999999994
4,68.0,0.19999999999999996
4,68.0,0.21999999999999997
4,68.0,0.24
4,68.0,0.26
4,68.0,0.28
4,68.0,0.30000000000000004
4,68.0,0.32000000000000006
4,68.0,0.3400000000000001
4,68.0,0.3600000000000001
4,68.0,0.3800000000000001
4,68.0,0.40000000000000013
4,68.0,0.41999999999999993
4,68.0,0.43999999999999995
4,68.0,0.45999999999999996
4,68.0,0.48
4,68.0,0.5
4,68.0,0.52
4,68.0,0.54
4,68.0,0.56
4,68.0,0.5800000000000001
4,68.0,0.6000000000000001
4,68.0,0.6200000000000001
4,68.0,0.6400000000000001
4,68.0,0.6600000000000001
4,68.0,0.6799999999999999
4,68.0,0.7
4,68.0,0.72
4,68.0,0.74
4,68.0,0.76
4,68.0,0.78
4,68.0,0.8
4,68.0,0.8200000000000001
4,68.0,0.8400000000000001
4,68.0,0.8600000000000001
4,68.0,0.8800000000000001
4,68.0,0.9000000000000001
4,68.0,0.9199999999999999
4,68.0,0.94
4,68.0,0.96
4,68.0,0.98
4,68.0,1.0
4,68.5,-1.0
4,68.5,-0.98
4,68.5,-0.96
4,68.5,-0.94
4,68.5,-0.92
4,68.5,-0.9
4,68.5,-0.88
4,68.5,-0.86
4,68.5,-0.84
4,68.5,-0.8200000000000001
4,68.5,-0.8
4,68.5,-0.78
4,68.5,-0.76
4,68.5,-0.74
4,68.5,-0.72
4,68.5,-0.7
4,68.5,-0.6799999999999999
4,68.5,-0.6599999999999999
4,68.5,-0.64
4,68.5,-0.62
4,68.5,-0.6
4,68.5,-0.5800000000000001
4,68.5,-0.56
4,68.5,-0.54
4,68.5,-0.52
4,68.5,-0.5
4,68.5,-0.48
4,68.5,-0.45999999999999996
4,68.5,-0.43999999999999995
4,68.5,-0.42000000000000004
4,68.5,-0.4
4,68.5,-0.38
4,68.5,-0.36
4,68.5,-0.33999999999999997
4,68.5,-0.31999999999999995
4,68.5,-0.29999999999999993
4,68.5,-0.28
4,68.5,-0.26
4,68.5,-0.24
4,68.5,-0.21999999999999997
4,68.5,-0.19999999999999996
4,68.5,-0.17999999999999994
4,68.5,-0.16000000000000003
4,68.5,-0.14
4,68.5,-0.12
4,68.5,-0.09999999999999998
4,68.5,-0.07999999999999996
4,68.5,-0.05999999999999994
4,68.5,-0.040000000000000036
4,68.5,-0.020000000000000018
4,68.5,0.0
4,68.5,0.020000000000000018
4,68.5,0.040000000000000036
4,68.5,0.06000000000000005
4,68.5,0.08000000000000007
4,68.5,0.10000000000000009
4,68.5,0.1200000000000001
4,68.5,0.14000000000000012
4,68.5,0.15999999999999992
4,68.5,0.17999999999999994
4,68.5,0.19999999999999996
4,68.5,0.21999999999999997
4,68.5,0.24
4,68.5,0.26
4,68.5,0.28
4,68.5,0.30000000000000004
4,68.5,0.32000000000000006
4,68.5,0.3400000000000001
4,68.5,0.3600000000000001
4,68.5,0.3800000000000001
4,68.5,0.40000000000000013
4,68.5,0.41999999999999993
4,68.5,0.43999999999999995
4,68.5,0.45999999999999996
4,68.5,0.48
4,68.5,0.5
4,68.5,0.52
4,68.5,0.54
4,68.5,0.56
4,68.5,0.5800000000000001
4,68.5,0.6000000000000001
4,68.5,0.6200000000000001
4,68.5,0.6400000000000001
4,68.5,0.6600000000000001
4,68.5,0.6799999999999999
4,68.5,0.7
4,68.5,0.72
4,68.5,0.74
4,68.5,0.76
4,68.5,0.78
4,68.5,0.8
4,68.5,0.8200000000000001
4,68.5,0.8400000000000001
4,68.5,0.8600000000000001
4,68.5,0.8800000000000001
4,68.5,0.9000000000000001
4,68.5,0.9199999999999999
4,68.5,0.94
4,68.5,0.96
4,68.5,0.98
4,68.5,1.0
4,69.0,-1.0
4,69.0,-0.98
4,69.0,-0.96
4,69.0,-0.94
4,69.0,-0.92
4,69.0,-0.9
4,69.0,-0.88
4,69.0,-0.86
4,69.0,-0.84
4,69.0,-0.8200000000000001
4,69.0,-0.8
4,69.0,-0.78
4,69.0,-0.76
4,69.0,-0.74
4,69.0,-0.72
4,69.0,-0.7
4,69.0,-0.6799999999999999
4,69.0,-0.6599999999999999
4,69.0,-0.64
4,69.0,-0.62
4,69.0,-0.6
4,69.0,-0.5800000000000001
4,69.0,-0.56
4,69.0,-0.54
4,69.0,-0.52
4,69.0,-0.5
4,69.0,-0.48
4,69.0,-0.45999999999999996
4,69.0,-0.43999999999999995
4,69.0,-0.42000000000000004
4,69.0,-0.4
4,69.0,-0.38
4,69.0,-0.36
4,69.0,-0.33999999999999997
4,69.0,-0.31999999999999995
4,69.0,-0.29999999999999993
4,69.0,-0.28
4,69.0,-0.26
4,69.0,-0.24
4,69.0,-0.21999999999999997
4,69.0,-0.19999999999999996
4,69.0,-0.17999999999999994
4,69.0,-0.16000000000000003
4,69.0,-0.14
4,69.0,-0.12
4,69.0,-0.09999999999999998
4,69.0,-0.07999999999999996
4,69.0,-0.05999999999999994
4,69.0,-0.040000000000000036
4,69.0,-0.020000000000000018
4,69.0,0.0
4,69.0,0.020000000000000018
4,69.0,0.040000000000000036
4,69.0,0.06000000000000005
4,69.0,0.08000000000000007
4,69.0,0.10000000000000009
4,69.0,0.1200000000000001
4,69.0,0.14000000000000012
4,69.0,0.15999999999999992
4,69.0,0.17999999999999994
4,69.0,0.19999999999999996
4,69.0,0.21999999999999997
4,69.0,0.24
4,69.0,0.26
4,69.0,0.28
4,69.0,0.30000000000000004
4,69.0,0.32000000000000006
4,69.0,0.3400000000000001
4,69.0,0.3600000000000001
4,69.0,0.3800000000000001
4,69.0,0.40000000000000013
4,69.0,0.41999999999999993
4,69.0,0.43999999999999995
4,69.0,0.45999999999999996
4,69.0,0.48
4,69.0,0.5
4,69.0,0.52
4,69.0,0.54
4,69.0,0.56
4,69.0,0.5800000000000001
4,69.0,0.6000000000000001
4,69.0,0.6200000000000001
4,69.0,0.6400000000000001
4,69.0,0.6600000000000001
4,69.0,0.6799999999999999
4,69.0,0.7
4,69.0,0.72
4,69.0,0.74
4,69.0,0.76
4,69.0,0.78
4,69.0,0.8
4,69.0,0.8200000000000001
4,69.0,0.8400000000000001
4,69.0,0.8600000000000001
4,69.0,0.8800000000000001
4,69.0,0.9000000000000001
4,69.0,0.9199999999999999
4,69.0,0.94
4,69.0,0.96
4,69.0,0.98
4,69.0,1.0
4,69.5,-1.0
4,69.5,-0.98
4,69.5,-0.96
4,69.5,-0.94
4,69.5,-0.92
4,69.5,-0.9
4,69.5,-0.88
4,69.5,-0.86
4,69.5,-0.84
4,69.5,-0.8200000000000001
4,69.5,-0.8
4,69.5,-0.78
4,69.5,-0.76
4,69.5,-0.74
4,69.5,-0.72
4,69.5,-0.7
4,69.5,-0.6799999999999999
4,69.5,-0.6599999999999999
4,69.5,-0.64
4,69.5,-0.62
4,69.5,-0.6
4,69.5,-0.5800000000000001
4,69.5,-0.56
4,69.5,-0.54
4,69.5,-0.52
4,69.5,-0.5
4,69.5,-0.48
4,69.5,-0.45999999999999996
4,69.5,-0.43999999999999995
4,69.5,-0.42000000000000004
4,69.5,-0.4
4,69.5,-0.38
4,69.5,-0.36
4,69.5,-0.33999999999999997
4,69.5,-0.31999999999999995
4,69.5,-0.29999999999999993
4,69.5,-0.28
4,69.5,-0.26
4,69.5,-0.24
4,69.5,-0.21999999999999997
4,69.5,-0.19999999999999996
4,69.5,-0.17999999999999994
4,69.5,-0.16000000000000003
4,69.5,-0.14
4,69.5,-0.12
4,69.5,-0.09999999999999998
4,69.5,-0.07999999999999996
4,69.5,-0.05999999999999994
4,69.5,-0.040000000000000036
4,69.5,-0.020000000000000018
4,69.5,0.0
4,69.5,0.020000000000000018
4,69.5,0.040000000000000036
4,69.5,0.06000000000000005
4,69.5,0.08000000000000007
4,69.5,0.10000000000000009
4,69.5,0.1200000000000001
4,69.5,0.14000000000000012
4,69.5,0.15999999999999992
4,69.5,0.17999999999999994
4,69.5,0.19999999999999996
4,69.5,0.21999999999999997
4,69.5,0.24
4,69.5,0.26
4,69.5,0.28
4,69.5,0.30000000000000004
4,69.5,0.32000000000000006
4,69.5,0.3400000000000001
4,69.5,0.3600000000000001
4,69.5,0.3800000000000001
4,69.5,0.40000000000000013
4,69.5,0.41999999999999993
4,69.5,0.43999999999999995
4,69.5,0.45999999999999996
4,69.5,0.48
4,69.5,0.5
4,69.5,0.52
4,69.5,0.54
4,69.5,0.56
4,69.5,0.5800000000000001
4,69.5,0.6000000000000001
4,69.5,0.6200000000000001
4,69.5,0.6400000000000001
4,69.5,0.6600000000000001
4,69.5,0.6799999999999999
4,69.5,0.7
4,69.5,0.72
4,69.5,0.74
4,69.5,0.76
4,69.5,0.78
4,69.5,0.8
4,69.5,0.8200000000000001
4,69.5,0.8400000000000001
4,69.5,0.8600000000000001
4,69.5,0.8800000000000001
4,69.5,0.9000000000000001
4,69.5,0.9199999999999999
4,69.5,0.94
4,69.5,0.96
4,69.5,0.98
4,69.5,1.0
4,70.0,-1.0
4,70.0,-0.98
4,70.0,-0.96
4,70.0,-0.94
4,70.0,-0.92
4,70.0,-0.9
4,70.0,-0.88
4,70.0,-0.86
4,70.0,-0.84
4,70.0,-0.8200000000000001
4,70.0,-0.8
4,70.0,-0.78
4,70.0,-0.76
4,70.0,-0.74
4,70.0,-0.72
4,70.0,-0.7
4,70.0,-0.6799999999999999
4,70.0,-0.6599999999999999
4,70.0,-0.64
4,70.0,-0.62
4,70.0,-0.6
4,70.0,-0.5800000000000001
4,70.0,-0.56
4,70.0,-0.54
4,70.0,-0.52
4,70.0,-0.5
4,70.0,-0.48
4,70.0,-0.45999999999999996
4,70.0,-0.43999999999999995
4,70.0,-0.42000000000000004
4,70.0,-0.4
4,70.0,-0.38
4,70.0,-0.36
4,70.0,-0.33999999999999997
4,70.0,-0.31999999999999995
4,70.0,-0.29999999999999993
4,70.0,-0.28
4,70.0,-0.26
4,70.0,-0.24
4,70.0,-0.21999999999999997
4,70.0,-0.19999999999999996
4,70.0,-0.17999999999999994
4,70.0,-0.16000000000000003
4,70.0,-0.14
4,70.0,-0.12
4,70.0,-0.09999999999999998
4,70.0,-0.07999999999999996
4,70.0,-0.05999999999999994
4,70.0,-0.040000000000000036
4,70.0,-0.020000000000000018
4,70.0,0.0
4,70.0,0.020000000000000018
4,70.0,0.040000000000000036
4,70.0,0.06000000000000005
4,70.0,0.08000000000000007
4,70.0,0.10000000000000009
4,70.0,0.1200000000000001
4,70.0,0.14000000000000012
4,70.0,0.15999999999999992
4,70.0,0.17999999999999994
4,70.0,0.19999999999999996
4,70.0,0.21999999999999997
4,70.0,0.24
4,70.0,0.26
4,70.0,0.28
4,70.0,0.30000000000000004
4,70.0,0.32000000000000006
4,70.0,0.3400000000000001
4,70.0,0.3600000000000001
4,70.0,0.3800000000000001
4,70.0,0.40000000000000013
4,70.0,0.41999999999999993
4,70.0,0.43999999999999995
4,70.0,0.45999999999999996
4,70.0,0.48
4,70.0,0.5
4,70.0,0.52
4,70.0,0.54
4,70.0,0.56
4,70.0,0.5800000000000001
4,70.0,0.6000000000000001
4,70.0,0.6200000000000001
4,70.0,0.6400000000000001
4,70.0,0.6600000000000001
4,70.0,0.6799999999999999
4,70.0,0.7
4,70.0,0.72
4,70.0,0.74
4,70.0,0.76
4,70.0,0.78
4,70.0,0.8
4,70.0,0.8200000000000001
4,70.0,0.8400000000000001
4,70.0,0.8600000000000001
4,70.0,0.8800000000000001
4,70.0,0.9000000000000001
4,70.0,0.9199999999999999
4,70.0,0.94
4,70.0,0.96
4,70.0,0.98
4,70.0,1.0
4,70.5,-1.0
4,70.5,-0.98
4,70.5,-0.96
4,70.5,-0.94
4,70.5,-0.92
4,70.5,-0.9
4,70.5,-0.88
4,70.5,-0.86
4,70.5,-0.84
4,70.5,-0.8200000000000001
4,70.5,-0.8
4,70.5,-0.78
4,70.5,-0.76
4,70.5,-0.74
4,70.5,-0.72
4,70.5,-0.7
4,70.5,-0.6799999999999999
4,70.5,-0.6599999999999999
4,70.5,-0.64
4,70.5,-0.62
4,70.5,-0.6
4,70.5,-0.5800000000000001
4,70.5,-0.56
4,70.5,-0.54
4,70.5,-0.52
4,70.5,-0.5
4,70.5,-0.48
4,70.5,-0.45999999999999996
4,70.5,-0.43999999999999995
4,70.5,-0.42000000000000004
4,70.5,-0.4
4,70.5,-0.38
4,70.5,-0.36
4,70.5,-0.33999999999999997
4,70.5,-0.31999999999999995
4,70.5,-0.29999999999999993
4,70.5,-0.28
4,70.5,-0.26
4,70.5,-0.24
4,70.5,-0.21999999999999997
4,70.5,-0.19999999999999996
4,70.5,-0.17999999999999994
4,70.5,-0.16000000000000003
4,70.5,-0.14
4,70.5,-0.12
4,70.5,-0.09999999999999998
4,70.5,-0.07999999999999996
4,70.5,-0.05999999999999994
4,70.5,-0.040000000000000036
4,70.5,-0.020000000000000018
4,70.5,0.0
4,70.5,0.020000000000000018
4,70.5,0.040000000000000036
4,70.5,0.06000000000000005
4,70.5,0.08000000000000007
4,70.5,0.10000000000000009
4,70.5,0.1200000000000001
4,70.5,0.14000000000000012
4,70.5,0.15999999999999992
4,70.5,0.17999999999999994
4,70.5,0.19999999999999996
4,70.5,0.21999999999999997
4,70.5,0.24
4,70.5,0.26
4,70.5,0.28
4,70.5,0.30000000000000004
4,70.5,0.32000000000000006
4,70.5,0.3400000000000001
4,70.5,0.3600000000000001
4,70.5,0.3800000000000001
4,70.5,0.40000000000000013
4,70.5,0.41999999999999993
4,70.5,0.43999999999999995
4,70.5,0.45999999999999996
4,70.5,0.48
4,70.5,0.5
4,70.5,0.52
4,70.5,0.54
4,70.5,0.56
4,70.5,0.5800000000000001
4,70.5,0.6000000000000001
4,70.5,0.6200000000000001
4,70.5,0.6400000000000001
4,70.5,0.6600000000000001
4,70.5,0.6799999999999999
4,70.5,0.7
4,70.5,0.72
4,70.5,0.74
4,70.5,0.76
4,70.5,0.78
4,70.5,0.8
4,70.5,0.8200000000000001
4,70.5,0.8400000000000001
4,70.5,0.8600000000000001
4,70.5,0.8800000000000001
4,70.5,0.9000000000000001
4,70.5,0.9199999999999999
4,70.5,0.94
4,70.5,0.96
4,70.5,0.98
4,70.5,1.0
4,71.0,-1.0
4,71.0,-0.98
4,71.0,-0.96
4,71.0,-0.94
4,71.0,-0.92
4,71.0,-0.9
4,71.0,-0.88
4,71.0,-0.86
4,71.0,-0.84
4,71.0,-0.8200000000000001
4,71.0,-0.8
4,71.0,-0.78
4,71.0,-0.76
4,71.0,-0.74
4,71.0,-0.72
4,71.0,-0.7
4,71.0,-0.6799999999999999
4,71.0,-0.6599999999999999
4,71.0,-0.64
4,71.0,-0.62
4,71.0,-0.6
4,71.0,-0.5800000000000001
4,71.0,-0.56
4,71.0,-0.54
4,71.0,-0.52
4,71.0,-0.5
4,71.0,-0.48
4,71.0,-0.45999999999999996
4,71.0,-0.43999999999999995
4,71.0,-0.42000000000000004
4,71.0,-0.4
4,71.0,-0.38
4,71.0,-0.36
4,71.0,-0.33999999999999997
4,71.0,-0.31999999999999995
4,71.0,-0.29999999999999993
4,71.0,-0.28
4,71.0,-0.26
4,71.0,-0.24
4,71.0,-0.21999999999999997
4,71.0,-0.19999999999999996
4,71.0,-0.17999999999999994
4,71.0,-0.16000000000000003
4,71.0,-0.14
4,71.0,-0.12
4,71.0,-0.09999999999999998
4,71.0,-0.07999999999999996
4,71.0,-0.05999999999999994
4,71.0,-0.040000000000000036
4,71.0,-0.020000000000000018
4,71.0,0.0
4,71.0,0.020000000000000018
4,71.0,0.040000000000000036
4,71.0,0.06000000000000005
4,71.0,0.08000000000000007
4,71.0,0.10000000000000009
4,71.0,0.1200000000000001
4,71.0,0.14000000000000012
4,71.0,0.15999999999999992
4,71.0,0.17999999999999994
4,71.0,0.19999999999999996
4,71.0,0.21999999999999997
4,71.0,0.24
4,71.0,0.26
4,71.0,0.28
4,71.0,0.30000000000000004
4,71.0,0.32000000000000006
4,71.0,0.3400000000000001
4,71.0,0.3600000000000001
4,71.0,0.3800000000000001
4,71.0,0.40000000000000013
4,71.0,0.41999999999999993
4,71.0,0.43999999999999995
4,71.0,0.45999999999999996
4,71.0,0.48
4,71.0,0.5
4,71.0,0.52
4,71.0,0.54
4,71.0,0.56
4,71.0,0.5800000000000001
4,71.0,0.6000000000000001
4,71.0,0.6200000000000001
4,71.0,0.6400000000000001
4,71.0,0.6600000000000001
4,71.0,0.6799999999999999
4,71.0,0.7
4,71.0,0.72
4,71.0,0.74
4,71.0,0.76
4,71.0,0.78
4,71.0,0.8
4,71.0,0.8200000000000001
4,71.0,0.8400000000000001
4,71.0,0.8600000000000001
4,71.0,0.8800000000000001
4,71.0,0.9000000000000001
4,71.0,0.9199999999999999
4,71.0,0.94
4,71.0,0.96
4,71.0,0.98
4,71.0,1.0
4,71.5,-1.0
4,71.5,-0.98
4,71.5,-0.96
4,71.5,-0.94
4,71.5,-0.92
4,71.5,-0.9
4,71.5,-0.88
4,71.5,-0.86
4,71.5,-0.84
4,71.5,-0.8200000000000001
4,71.5,-0.8
4,71.5,-0.78
4,71.5,-0.76
4,71.5,-0.74
4,71.5,-0.72
4,71.5,-0.7
4,71.5,-0.6799999999999999
4,71.5,-0.6599999999999999
4,71.5,-0.64
4,71.5,-0.62
4,71.5,-0.6
4,71.5,-0.5800000000000001
4,71.5,-0.56
4,71.5,-0.54
4,71.5,-0.52
4,71.5,-0.5
4,71.5,-0.48
4,71.5,-0.45999999999999996
4,71.5,-0.43999999999999995
4,71.5,-0.42000000000000004
4,71.5,-0.4
4,71.5,-0.38
4,71.5,-0.36
4,71.5,-0.33999999999999997
4,71.5,-0.31999999999999995
4,71.5,-0.29999999999999993
4,71.5,-0.28
4,71.5,-0.26
4,71.5,-0.24
4,71.5,-0.21999999999999997
4,71.5,-0.19999999999999996
4,71.5,-0.17999999999999994
4,71.5,-0.16000000000000003
4,71.5,-0.14
4,71.5,-0.12
4,71.5,-0.09999999999999998
4,71.5,-0.07999999999999996
4,71.5,-0.05999999999999994
4,71.5,-0.040000000000000036
4,71.5,-0.020000000000000018
4,71.5,0.0
4,71.5,0.020000000000000018
4,71.5,0.040000000000000036
4,71.5,0.06000000000000005
4,71.5,0.08000000000000007
4,71.5,0.10000000000000009
4,71.5,0.1200000000000001
4,71.5,0.14000000000000012
4,71.5,0.15999999999999992
4,71.5,0.17999999999999994
4,71.5,0.19999999999999996
4,71.5,0.21999999999999997
4,71.5,0.24
4,71.5,0.26
4,71.5,0.28
4,71.5,0.30000000000000004
4,71.5,0.32000000000000006
4,71.5,0.3400000000000001
4,71.5,0.3600000000000001
4,71.5,0.3800000000000001
4,71.5,0.40000000000000013
4,71.5,0.41999999999999993
4,71.5,0.43999999999999995
4,71.5,0.45999999999999996
4,71.5,0.48
4,71.5,0.5
4,71.5,0.52
4,71.5,0.54
4,71.5,0.56
4,71.5,0.5800000000000001
4,71.5,0.6000000000000001
4,71.5,0.6200000000000001
4,71.5,0.6400000000000001
4,71.5,0.6600000000000001
4,71.5,0.6799999999999999
4,71.5,0.7
4,71.5,0.72
4,71.5,0.74
4,71.5,0.76
4,71.5,0.78
4,71.5,0.8
4,71.5,0.8200000000000001
4,71.5,0.8400000000000001
4,71.5,0.8600000000000001
4,71.5,0.8800000000000001
4,71.5,0.9000000000000001
4,71.5,0.9199999999999999
4,71.5,0.94
4,71.5,0.96
4,71.5,0.98
4,71.5,1.0
4,72.0,-1.0
4,72.0,-0.98
4,72.0,-0.96
4,72.0,-0.94
4,72.0,-0.92
4,72.0,-0.9
4,72.0,-0.88
4,72.0,-0.86
4,72.0,-0.84
4,72.0,-0.8200000000000001
4,72.0,-0.8
4,72.0,-0.78
4,72.0,-0.76
4,72.0,-0.74
4,72.0,-0.72
4,72.0,-0.7
4,72.0,-0.6799999999999999
4,72.0,-0.6599999999999999
4,72.0,-0.64
4,72.0,-0.62
4,72.0,-0.6
4,72.0,-0.5800000000000001
4,72.0,-0.56
4,72.0,-0.54
4,72.0,-0.52
4,72.0,-0.5
4,72.0,-0.48
4,72.0,-0.45999999999999996
4,72.0,-0.43999999999999995
4,72.0,-0.42000000000000004
4,72.0,-0.4
4,72.0,-0.38
4,72.0,-0.36
4,72.0,-0.33999999999999997
4,72.0,-0.31999999999999995
4,72.0,-0.29999999999999993
4,72.0,-0.28
4,72.0,-0.26
4,72.0,-0.24
4,72.0,-0.21999999999999997
4,72.0,-0.19999999999999996
4,72.0,-0.17999999999999994
4,72.0,-0.16000000000000003
4,72.0,-0.14
4,72.0,-0.12
4,72.0,-0.09999999999999998
4,72.0,-0.07999999999999996
4,72.0,-0.05999999999999994
4,72.0,-0.040000000000000036
4,72.0,-0.020000000000000018
4,72.0,0.0
4,72.0,0.020000000000000018
4,72.0,0.040000000000000036
4,72.0,0.06000000000000005
4,72.0,0.08000000000000007
4,72.0,0.10000000000000009
4,72.0,0.1200000000000001
4,72.0,0.14000000000000012
4,72.0,0.15999999999999992
4,72.0,0.17999999999999994
4,72.0,0.19999999999999996
4,72.0,0.21999999999999997
4,72.0,0.24
4,72.0,0.26
4,72.0,0.28
4,72.0,0.30000000000000004
4,72.0,0.32000000000000006
4,72.0,0.3400000000000001
4,72.0,0.3600000000000001
4,72.0,0.3800000000000001
4,72.0,0.40000000000000013
4,72.0,0.41999999999999993
4,72.0,0.43999999999999995
4,72.0,0.45999999999999996
4,72.0,0.48
4,72.0,0.5
4,72.0,0.52
4,72.0,0.54
4,72.0,0.56
4,72.0,0.5800000000000001
4,72.0,0.6000000000000001
4,72.0,0.6200000000000001
4,72.0,0.6400000000000001
4,72.0,0.6600000000000001
4,72.0,0.6799999999999999
4,72.0,0.7
4,72.0,0.72
4,72.0,0.74
4,72.0,0.76
4,72.0,0.78
4,72.0,0.8
4,72.0,0.8200000000000001
4,72.0,0.8400000000000001
4,72.0,0.8600000000000001
4,72.0,0.8800000000000001
4,72.0,0.9000000000000001
4,72.0,0.9199999999999999
4,72.0,0.94
4,72.0,0.96
4,72.0,0.98
4,72.0,1.0
4,72.5,-1.0
4,72.5,-0.98
4,72.5,-0.96
4,72.5,-0.94
4,72.5,-0.92
4,72.5,-0.9
4,72.5,-0.88
4,72.5,-0.86
4,72.5,-0.84
4,72.5,-0.8200000000000001
4,72.5,-0.8
4,72.5,-0.78
4,72.5,-0.76
4,72.5,-0.74
4,72.5,-0.72
4,72.5,-0.7
4,72.5,-0.6799999999999999
4,72.5,-0.6599999999999999
4,72.5,-0.64
4,72.5,-0.62
4,72.5,-0.6
4,72.5,-0.5800000000000001
4,72.5,-0.56
4,72.5,-0.54
4,72.5,-0.52
4,72.5,-0.5
4,72.5,-0.48
4,72.5,-0.45999999999999996
4,72.5,-0.43999999999999995
4,72.5,-0.42000000000000004
4,72.5,-0.4
4,72.5,-0.38
4,72.5,-0.36
4,72.5,-0.33999999999999997
4,72.5,-0.31999999999999995
4,72.5,-0.29999999999999993
4,72.5,-0.28
4,72.5,-0.26
4,72.5,-0.24
4,72.5,-0.21999999999999997
4,72.5,-0.19999999999999996
4,72.5,-0.17999999999999994
4,72.5,-0.16000000000000003
4,72.5,-0.14
4,72.5,-0.12
4,72.5,-0.09999999999999998
4,72.5,-0.07999999999999996
4,72.5,-0.05999999999999994
4,72.5,-0.040000000000000036
4,72.5,-0.020000000000000018
4,72.5,0.0
4,72.5,0.020000000000000018
4,72.5,0.040000000000000036
4,72.5,0.06000000000000005
4,72.5,0.08000000000000007
4,72.5,0.10000000000000009
4,72.5,0.1200000000000001
4,72.5,0.14000000000000012
4,72.5,0.15999999999999992
4,72.5,0.17999999999999994
4,72.5,0.19999999999999996
4,72.5,0.21999999999999997
4,72.5,0.24
4,72.5,0.26
4,72.5,0.28
4,72.5,0.30000000000000004
4,72.5,0.32000000000000006
4,72.5,0.3400000000000001
4,72.5,0.3600000000000001
4,72.5,0.3800000000000001
4,72.5,0.40000000000000013
4,72.5,0.41999999999999993
4,72.5,0.43999999999999995
4,72.5,0.45999999999999996
4,72.5,0.48
4,72.5,0.5
4,72.5,0.52
4,72.5,0.54
4,72.5,0.56
4,72.5,0.5800000000000001
4,72.5,0.6000000000000001
4,72.5,0.6200000000000001
4,72.5,0.6400000000000001
4,72.5,0.6600000000000001
4,72.5,0.6799999999999999
4,72.5,0.7
4,72.5,0.72
4,72.5,0.74
4,72.5,0.76
4,72.5,0.78
4,72.5,0.8
4,72.5,0.8200000000000001
4,72.5,0.8400000000000001
4,72.5,0.8600000000000001
4,72.5,0.8800000000000001
4,72.5,0.9000000000000001
4,72.5,0.9199999999999999
4,72.5,0.94
4,72.5,0.96
4,72.5,0.98
4,72.5,1.0
4,73.0,-1.0
4,73.0,-0.98
4,73.0,-0.96
4,73.0,-0.94
4,73.0,-0.92
4,73.0,-0.9
4,73.0,-0.88
4,73.0,-0.86
4,73.0,-0.84
4,73.0,-0.8200000000000001
4,73.0,-0.8
4,73.0,-0.78
4,73.0,-0.76
4,73.0,-0.74
4,73.0,-0.72
4,73.0,-0.7
4,73.0,-0.6799999999999999
4,73.0,-0.6599999999999999
4,73.0,-0.64
4,73.0,-0.62
4,73.0,-0.6
4,73.0,-0.5800000000000001
4,73.0,-0.56
4,73.0,-0.54
4,73.0,-0.52
4,73.0,-0.5
4,73.0,-0.48
4,73.0,-0.45999999999999996
4,73.0,-0.43999999999999995
4,73.0,-0.42000000000000004
4,73.0,-0.4
4,73.0,-0.38
4,73.0,-0.36
4,73.0,-0.33999999999999997
4,73.0,-0.31999999999999995
4,73.0,-0.29999999999999993
4,73.0,-0.28
4,73.0,-0.26
4,73.0,-0.24
4,73.0,-0.21999999999999997
4,73.0,-0.19999999999999996
4,73.0,-0.17999999999999994
4,73.0,-0.16000000000000003
4,73.0,-0.14
4,73.0,-0.12
4,73.0,-0.09999999999999998
4,73.0,-0.07999999999999996
4,73.0,-0.05999999999999994
4,73.0,-0.040000000000000036
4,73.0,-0.020000000000000018
4,73.0,0.0
4,73.0,0.020000000000000018
4,73.0,0.040000000000000036
4,73.0,0.06000000000000005
4,73.0,0.08000000000000007
4,73.0,0.10000000000000009
4,73.0,0.1200000000000001
4,73.0,0.14000000000000012
4,73.0,0.15999999999999992
4,73.0,0.17999999999999994
4,73.0,0.19999999999999996
4,73.0,0.21999999999999997
4,73.0,0.24
4,73.0,0.26
4,73.0,0.28
4,73.0,0.30000000000000004
4,73.0,0.32000000000000006
4,73.0,0.3400000000000001
4,73.0,0.3600000000000001
4,73.0,0.3800000000000001
4,73.0,0.40000000000000013
4,73.0,0.41999999999999993
4,73.0,0.43999999999999995
4,73.0,0.45999999999999996
4,73.0,0.48
4,73.0,0.5
4,73.0,0.52
4,73.0,0.54
4,73.0,0.56
4,73.0,0.5800000000000001
4,73.0,0.6000000000000001
4,73.0,0.6200000000000001
4,73.0,0.6400000000000001
4,73.0,0.6600000000000001
4,73.0,0.6799999999999999
4,73.0,0.7
4,73.0,0.72
4,73.0,0.74
4,73.0,0.76
4,73.0,0.78
4,73.0,0.8
4,73.0,0.8200000000000001
4,73.0,0.8400000000000001
4,73.0,0.8600000000000001
4,73.0,0.8800000000000001
4,73.0,0.9000000000000001
4,73.0,0.9199999999999999
4,73.0,0.94
4,73.0,0.96
4,73.0,0.98
4,73.0,1.0
4,73.5,-1.0
4,73.5,-0.98
4,73.5,-0.96
4,73.5,-0.94
4,73.5,-0.92
4,73.5,-0.9
4,73.5,-0.88
4,73.5,-0.86
4,73.5,-0.84
4,73.5,-0.8200000000000001
4,73.5,-0.8
4,73.5,-0.78
4,73.5,-0.76
4,73.5,-0.74
4,73.5,-0.72
4,73.5,-0.7
4,73.5,-0.6799999999999999
4,73.5,-0.6599999999999999
4,73.5,-0.64
4,73.5,-0.62
4,73.5,-0.6
4,73.5,-0.5800000000000001
4,73.5,-0.56
4,73.5,-0.54
4,73.5,-0.52
4,73.5,-0.5
4,73.5,-0.48
4,73.5,-0.45999999999999996
4,73.5,-0.43999999999999995
4,73.5,-0.42000000000000004
4,73.5,-0.4
4,73.5,-0.38
4,73.5,-0.36
4,73.5,-0.33999999999999997
4,73.5,-0.31999999999999995
4,73.5,-0.29999999999999993
4,73.5,-0.28
4,73.5,-0.26
4,73.5,-0.24
4,73.5,-0.21999999999999997
4,73.5,-0.19999999999999996
4,73.5,-0.17999999999999994
4,73.5,-0.16000000000000003
4,73.5,-0.14
4,73.5,-0.12
4,73.5,-0.09999999999999998
4,73.5,-0.07999999999999996
4,73.5,-0.05999999999999994
4,73.5,-0.040000000000000036
4,73.5,-0.020000000000000018
4,73.5,0.0
4,73.5,0.020000000000000018
4,73.5,0.040000000000000036
4,73.5,0.06000000000000005
4,73.5,0.08000000000000007
4,73.5,0.10000000000000009
4,73.5,0.1200000000000001
4,73.5,0.14000000000000012
4,73.5,0.15999999999999992
4,73.5,0.17999999999999994
4,73.5,0.19999999999999996
4,73.5,0.21999999999999997
4,73.5,0.24
4,73.5,0.26
4,73.5,0.28
4,73.5,0.30000000000000004
4,73.5,0.32000000000000006
4,73.5,0.3400000000000001
4,73.5,0.3600000000000001
4,73.5,0.3800000000000001
4,73.5,0.40000000000000013
4,73.5,0.41999999999999993
4,73.5,0.43999999999999995
4,73.5,0.45999999999999996
4,73.5,0.48
4,73.5,0.5
4,73.5,0.52
4,73.5,0.54
4,73.5,0.56
4,73.5,0.5800000000000001
4,73.5,0.6000000000000001
4,73.5,0.6200000000000001
4,73.5,0.6400000000000001
4,73.5,0.6600000000000001
4,73.5,0.6799999999999999
4,73.5,0.7
4,73.5,0.72
4,73.5,0.74
4,73.5,0.76
4,73.5,0.78
4,73.5,0.8
4,73.5,0.8200000000000001
4,73.5,0.8400000000000001
4,73.5,0.8600000000000001
4,73.5,0.8800000000000001
4,73.5,0.9000000000000001
4,73.5,0.9199999999999999
4,73.5,0.94
4,73.5,0.96
4,73.5,0.98
4,73.5,1.0
4,74.0,-1.0
4,74.0,-0.98
4,74.0,-0.96
4,74.0,-0.94
4,74.0,-0.92
4,74.0,-0.9
4,74.0,-0.88
4,74.0,-0.86
4,74.0,-0.84
4,74.0,-0.8200000000000001
4,74.0,-0.8
4,74.0,-0.78
4,74.0,-0.76
4,74.0,-0.74
4,74.0,-0.72
4,74.0,-0.7
4,74.0,-0.6799999999999999
4,74.0,-0.6599999999999999
4,74.0,-0.64
4,74.0,-0.62
4,74.0,-0.6
4,74.0,-0.5800000000000001
4,74.0,-0.56
4,74.0,-0.54
4,74.0,-0.52
4,74.0,-0.5
4,74.0,-0.48
4,74.0,-0.45999999999999996
4,74.0,-0.43999999999999995
4,74.0,-0.42000000000000004
4,74.0,-0.4
4,74.0,-0.38
4,74.0,-0.36
4,74.0,-0.33999999999999997
4,74.0,-0.31999999999999995
4,74.0,-0.29999999999999993
4,74.0,-0.28
4,74.0,-0.26
4,74.0,-0.24
4,74.0,-0.21999999999999997
4,74.0,-0.19999999999999996
4,74.0,-0.17999999999999994
4,74.0,-0.16000000000000003
4,74.0,-0.14
4,74.0,-0.12
4,74.0,-0.09999999999999998
4,74.0,-0.07999999999999996
4,74.0,-0.05999999999999994
4,74.0,-0.040000000000000036
4,74.0,-0.020000000000000018
4,74.0,0.0
4,74.0,0.020000000000000018
4,74.0,0.040000000000000036
4,74.0,0.06000000000000005
4,74.0,0.08000000000000007
4,74.0,0.10000000000000009
4,74.0,0.1200000000000001
4,74.0,0.14000000000000012
4,74.0,0.15999999999999992
4,74.0,0.17999999999999994
4,74.0,0.19999999999999996
4,74.0,0.21999999999999997
4,74.0,0.24
4,74.0,0.26
4,74.0,0.28
4,74.0,0.30000000000000004
4,74.0,0.32000000000000006
4,74.0,0.3400000000000001
4,74.0,0.3600000000000001
4,74.0,0.3800000000000001
4,74.0,0.40000000000000013
4,74.0,0.41999999999999993
4,74.0,0.43999999999999995
4,74.0,0.45999999999999996
4,74.0,0.48
4,74.0,0.5
4,74.0,0.52
4,74.0,0.54
4,74.0,0.56
4,74.0,0.5800000000000001
4,74.0,0.6000000000000001
4,74.0,0.6200000000000001
4,74.0,0.6400000000000001
4,74.0,0.6600000000000001
4,74.0,0.6799999999999999
4,74.0,0.7
4,74.0,0.72
4,74.0,0.74
4,74.0,0.76
4,74.0,0.78
4,74.0,0.8
4,74.0,0.8200000000000001
4,74.0,0.8400000000000001
4,74.0,0.8600000000000001
4,74.0,0.8800000000000001
4,74.0,0.9000000000000001
4,74.0,0.9199999999999999
4,74.0,0.94
4,74.0,0.96
4,74.0,0.98
4,74.0,1.0
4,74.5,-1.0
4,74.5,-0.98
4,74.5,-0.96
4,74.5,-0.94
4,74.5,-0.92
4,74.5,-0.9
4,74.5,-0.88
4,74.5,-0.86
4,74.5,-0.84
4,74.5,-0.8200000000000001
4,74.5,-0.8
4,74.5,-0.78
4,74.5,-0.76
4,74.5,-0.74
4,74.5,-0.72
4,74.5,-0.7
4,74.5,-0.6799999999999999
4,74.5,-0.6599999999999999
4,74.5,-0.64
4,74.5,-0.62
4,74.5,-0.6
4,74.5,-0.5800000000000001
4,74.5,-0.56
4,74.5,-0.54
4,74.5,-0.52
4,74.5,-0.5
4,74.5,-0.48
4,74.5,-0.45999999999999996
4,74.5,-0.43999999999999995
4,74.5,-0.42000000000000004
4,74.5,-0.4
4,74.5,-0.38
4,74.5,-0.36
4,74.5,-0.33999999999999997
4,74.5,-0.31999999999999995
4,74.5,-0.29999999999999993
4,74.5,-0.28
4,74.5,-0.26
4,74.5,-0.24
4,74.5,-0.21999999999999997
4,74.5,-0.19999999999999996
4,74.5,-0.17999999999999994
4,74.5,-0.16000000000000003
4,74.5,-0.14
4,74.5,-0.12
4,74.5,-0.09999999999999998
4,74.5,-0.07999999999999996
4,74.5,-0.05999999999999994
4,74.5,-0.040000000000000036
4,74.5,-0.020000000000000018
4,74.5,0.0
4,74.5,0.020000000000000018
4,74.5,0.040000000000000036
4,74.5,0.06000000000000005
4,74.5,0.08000000000000007
4,74.5,0.10000000000000009
4,74.5,0.1200000000000001
4,74.5,0.14000000000000012
4,74.5,0.15999999999999992
4,74.5,0.17999999999999994
4,74.5,0.19999999999999996
4,74.5,0.21999999999999997
4,74.5,0.24
4,74.5,0.26
4,74.5,0.28
4,74.5,0.30000000000000004
4,74.5,0.32000000000000006
4,74.5,0.3400000000000001
4,74.5,0.3600000000000001
4,74.5,0.3800000000000001
4,74.5,0.40000000000000013
4,74.5,0.41999999999999993
4,74.5,0.43999999999999995
4,74.5,0.45999999999999996
4,74.5,0.48
4,74.5,0.5
4,74.5,0.52
4,74.5,0.54
4,74.5,0.56
4,74.5,0.5800000000000001
4,74.5,0.6000000000000001
4,74.5,0.6200000000000001
4,74.5,0.6400000000000001
4,74.5,0.6600000000000001
4,74.5,0.6799999999999999
4,74.5,0.7
4,74.5,0.72
4,74.5,0.74
4,74.5,0.76
4,74.5,0.78
4,74.5,0.8
4,74.5,0.8200000000000001
4,74.5,0.8400000000000001
4,74.5,0.8600000000000001
4,74.5,0.8800000000000001
4,74.5,0.9000000000000001
4,74.5,0.9199999999999999
4,74.5,0.94
4,74.5,0.96
4,74.5,0.98
4,74.5,1.0
4,75.0,-1.0
4,75.0,-0.98
4,75.0,-0.96
4,75.0,-0.94
4,75.0,-0.92
4,75.0,-0.9
4,75.0,-0.88
4,75.0,-0.86
4,75.0,-0.84
4,75.0,-0.8200000000000001
4,75.0,-0.8
4,75.0,-0.78
4,75.0,-0.76
4,75.0,-0.74
4,75.0,-0.72
4,75.0,-0.7
4,75.0,-0.6799999999999999
4,75.0,-0.6599999999999999
4,75.0,-0.64
4,75.0,-0.62
4,75.0,-0.6
4,75.0,-0.5800000000000001
4,75.0,-0.56
4,75.0,-0.54
4,75.0,-0.52
4,75.0,-0.5
4,75.0,-0.48
4,75.0,-0.45999999999999996
4,75.0,-0.43999999999999995
4,75.0,-0.42000000000000004
4,75.0,-0.4
4,75.0,-0.38
4,75.0,-0.36
4,75.0,-0.33999999999999997
4,75.0,-0.31999999999999995
4,75.0,-0.29999999999999993
4,75.0,-0.28
4,75.0,-0.26
4,75.0,-0.24
4,75.0,-0.21999999999999997
4,75.0,-0.19999999999999996
4,75.0,-0.17999999999999994
4,75.0,-0.16000000000000003
4,75.0,-0.14
4,75.0,-0.12
4,75.0,-0.09999999999999998
4,75.0,-0.07999999999999996
4,75.0,-0.05999999999999994
4,75.0,-0.040000000000000036
4,75.0,-0.020000000000000018
4,75.0,0.0
4,75.0,0.020000000000000018
4,75.0,0.040000000000000036
4,75.0,0.06000000000000005
4,75.0,0.08000000000000007
4,75.0,0.10000000000000009
4,75.0,0.1200000000000001
4,75.0,0.14000000000000012
4,75.0,0.15999999999999992
4,75.0,0.17999999999999994
4,75.0,0.19999999999999996
4,75.0,0.21999999999999997
4,75.0,0.24
4,75.0,0.26
4,75.0,0.28
4,75.0,0.30000000000000004
4,75.0,0.32000000000000006
4,75.0,0.3400000000000001
4,75.0,0.3600000000000001
4,75.0,0.3800000000000001
4,75.0,0.40000000000000013
4,75.0,0.41999999999999993
4,75.0,0.43999999999999995
4,75.0,0.45999999999999996
4,75.0,0.48
4,75.0,0.5
4,75.0,0.52
4,75.0,0.54
4,75.0,0.56
4,75.0,0.5800000000000001
4,75.0,0.6000000000000001
4,75.0,0.6200000000000001
4,75.0,0.6400000000000001
4,75.0,0.6600000000000001
4,75.0,0.6799999999999999
4,75.0,0.7
4,75.0,0.72
4,75.0,0.74
4,75.0,0.76
4,75.0,0.78
4,75.0,0.8
4,75.0,0.8200000000000001
4,75.0,0.8400000000000001
4,75.0,0.8600000000000001
4,75.0,0.8800000000000001
4,75.0,0.9000000000000001
4,75.0,0.9199999999999999
4,75.0,0.94
4,75.0,0.96
4,75.0,0.98
4,75.0,1.0
4,75.5,-1.0
4,75.5,-0.98
4,75.5,-0.96
4,75.5,-0.94
4,75.5,-0.92
4,75.5,-0.9
4,75.5,-0.88
4,75.5,-0.86
4,75.5,-0.84
4,75.5,-0.8200000000000001
4,75.5,-0.8
4,75.5,-0.78
4,75.5,-0.76
4,75.5,-0.74
4,75.5,-0.72
4,75.5,-0.7
4,75.5,-0.6799999999999999
4,75.5,-0.6599999999999999
4,75.5,-0.64
4,75.5,-0.62
4,75.5,-0.6
4,75.5,-0.5800000000000001
4,75.5,-0.56
4,75.5,-0.54
4,75.5,-0.52
4,75.5,-0.5
4,75.5,-0.48
4,75.5,-0.45999999999999996
4,75.5,-0.43999999999999995
4,75.5,-0.42000000000000004
4,75.5,-0.4
4,75.5,-0.38
4,75.5,-0.36
4,75.5,-0.33999999999999997
4,75.5,-0.31999999999999995
4,75.5,-0.29999999999999993
4,75.5,-0.28
4,75.5,-0.26
4,75.5,-0.24
4,75.5,-0.21999999999999997
4,75.5,-0.19999999999999996
4,75.5,-0.17999999999999994
4,75.5,-0.16000000000000003
4,75.5,-0.14
4,75.5,-0.12
4,75.5,-0.09999999999999998
4,75.5,-0.07999999999999996
4,75.5,-0.05999999999999994
4,75.5,-0.040000000000000036
4,75.5,-0.020000000000000018
4,75.5,0.0
4,75.5,0.020000000000000018
4,75.5,0.040000000000000036
4,75.5,0.06000000000000005
4,75.5,0.08000000000000007
4,75.5,0.10000000000000009
4,75.5,0.1200000000000001
4,75.5,0.14000000000000012
4,75.5,0.15999999999999992
4,75.5,0.17999999999999994
4,75.5,0.19999999999999996
4,75.5,0.21999999999999997
4,75.5,0.24
4,75.5,0.26
4,75.5,0.28
4,75.5,0.30000000000000004
4,75.5,0.32000000000000006
4,75.5,0.3400000000000001
4,75.5,0.3600000000000001
4,75.5,0.3800000000000001
4,75.5,0.40000000000000013
4,75.5,0.41999999999999993
4,75.5,0.43999999999999995
4,75.5,0.45999999999999996
4,75.5,0.48
4,75.5,0.5
4,75.5,0.52
4,75.5,0.54
4,75.5,0.56
4,75.5,0.5800000000000001
4,75.5,0.6000000000000001
4,75.5,0.6200000000000001
4,75.5,0.6400000000000001
4,75.5,0.6600000000000001
4,75.5,0.6799999999999999
4,75.5,0.7
4,75.5,0.72
4,75.5,0.74
4,75.5,0.76
4,75.5,0.78
4,75.5,0.8
4,75.5,0.8200000000000001
4,75.5,0.8400000000000001
4,75.5,0.8600000000000001
4,75.5,0.8800000000000001
4,75.5,0.9000000000000001
4,75.5,0.9199999999999999
4,75.5,0.94
4,75.5,0.96
4,75.5,0.98
4,75.5,1.0
4,76.0,-1.0
4,76.0,-0.98
4,76.0,-0.96
4,76.0,-0.94
4,76.0,-0.92
4,76.0,-0.9
4,76.0,-0.88
4,76.0,-0.86
4,76.0,-0.84
4,76.0,-0.8200000000000001
4,76.0,-0.8
4,76.0,-0.78
4,76.0,-0.76
4,76.0,-0.74
4,76.0,-0.72
4,76.0,-0.7
4,76.0,-0.6799999999999999
4,76.0,-0.6599999999999999
4,76.0,-0.64
4,76.0,-0.62
4,76.0,-0.6
4,76.0,-0.5800000000000001
4,76.0,-0.56
4,76.0,-0.54
4,76.0,-0.52
4,76.0,-0.5
4,76.0,-0.48
4,76.0,-0.45999999999999996
4,76.0,-0.43999999999999995
4,76.0,-0.42000000000000004
4,76.0,-0.4
4,76.0,-0.38
4,76.0,-0.36
4,76.0,-0.33999999999999997
4,76.0,-0.31999999999999995
4,76.0,-0.29999999999999993
4,76.0,-0.28
4,76.0,-0.26
4,76.0,-0.24
4,76.0,-0.21999999999999997
4,76.0,-0.19999999999999996
4,76.0,-0.17999999999999994
4,76.0,-0.16000000000000003
4,76.0,-0.14
4,76.0,-0.12
4,76.0,-0.09999999999999998
4,76.0,-0.07999999999999996
4,76.0,-0.05999999999999994
4,76.0,-0.040000000000000036
4,76.0,-0.020000000000000018
4,76.0,0.0
4,76.0,0.020000000000000018
4,76.0,0.040000000000000036
4,76.0,0.06000000000000005
4,76.0,0.08000000000000007
4,76.0,0.10000000000000009
4,76.0,0.1200000000000001
4,76.0,0.14000000000000012
4,76.0,0.15999999999999992
4,76.0,0.17999999999999994
4,76.0,0.19999999999999996
4,76.0,0.21999999999999997
4,76.0,0.24
4,76.0,0.26
4,76.0,0.28
4,76.0,0.30000000000000004
4,76.0,0.32000000000000006
4,76.0,0.3400000000000001
4,76.0,0.3600000000000001
4,76.0,0.3800000000000001
4,76.0,0.40000000000000013
4,76.0,0.41999999999999993
4,76.0,0.43999999999999995
4,76.0,0.45999999999999996
4,76.0,0.48
4,76.0,0.5
4,76.0,0.52
4,76.0,0.54
4,76.0,0.56
4,76.0,0.5800000000000001
4,76.0,0.6000000000000001
4,76.0,0.6200000000000001
4,76.0,0.6400000000000001
4,76.0,0.6600000000000001
4,76.0,0.6799999999999999
4,76.0,0.7
4,76.0,0.72
4,76.0,0.74
4,76.0,0.76
4,76.0,0.78
4,76.0,0.8
4,76.0,0.8200000000000001
4,76.0,0.8400000000000001
4,76.0,0.8600000000000001
4,76.0,0.8800000000000001
4,76.0,0.9000000000000001
4,76.0,0.9199999999999999
4,76.0,0.94
4,76.0,0.96
4,76.0,0.98
4,76.0,1.0
4,76.5,-1.0
4,76.5,-0.98
4,76.5,-0.96
4,76.5,-0.94
4,76.5,-0.92
4,76.5,-0.9
4,76.5,-0.88
4,76.5,-0.86
4,76.5,-0.84
4,76.5,-0.8200000000000001
4,76.5,-0.8
4,76.5,-0.78
4,76.5,-0.76
4,76.5,-0.74
4,76.5,-0.72
4,76.5,-0.7
4,76.5,-0.6799999999999999
4,76.5,-0.6599999999999999
4,76.5,-0.64
4,76.5,-0.62
4,76.5,-0.6
4,76.5,-0.5800000000000001
4,76.5,-0.56
4,76.5,-0.54
4,76.5,-0.52
4,76.5,-0.5
4,76.5,-0.48
4,76.5,-0.45999999999999996
4,76.5,-0.43999999999999995
4,76.5,-0.42000000000000004
4,76.5,-0.4
4,76.5,-0.38
4,76.5,-0.36
4,76.5,-0.33999999999999997
4,76.5,-0.31999999999999995
4,76.5,-0.29999999999999993
4,76.5,-0.28
4,76.5,-0.26
4,76.5,-0.24
4,76.5,-0.21999999999999997
4,76.5,-0.19999999999999996
4,76.5,-0.17999999999999994
4,76.5,-0.16000000000000003
4,76.5,-0.14
4,76.5,-0.12
4,76.5,-0.09999999999999998
4,76.5,-0.07999999999999996
4,76.5,-0.05999999999999994
4,76.5,-0.040000000000000036
4,76.5,-0.020000000000000018
4,76.5,0.0
4,76.5,0.020000000000000018
4,76.5,0.040000000000000036
4,76.5,0.06000000000000005
4,76.5,0.08000000000000007
4,76.5,0.10000000000000009
4,76.5,0.1200000000000001
4,76.5,0.14000000000000012
4,76.5,0.15999999999999992
4,76.5,0.17999999999999994
4,76.5,0.19999999999999996
4,76.5,0.21999999999999997
4,76.5,0.24
4,76.5,0.26
4,76.5,0.28
4,76.5,0.30000000000000004
4,76.5,0.32000000000000006
4,76.5,0.3400000000000001
4,76.5,0.3600000000000001
4,76.5,0.3800000000000001
4,76.5,0.40000000000000013
4,76.5,0.41999999999999993
4,76.5,0.43999999999999995
4,76.5,0.45999999999999996
4,76.5,0.48
4,76.5,0.5
4,76.5,0.52
4,76.5,0.54
4,76.5,0.56
4,76.5,0.5800000000000001
4,76.5,0.6000000000000001
4,76.5,0.6200000000000001
4,76.5,0.6400000000000001
4,76.5,0.6600000000000001
4,76.5,0.6799999999999999
4,76.5,0.7
4,76.5,0.72
4,76.5,0.74
4,76.5,0.76
4,76.5,0.78
4,76.5,0.8
4,76.5,0.8200000000000001
4,76.5,0.8400000000000001
4,76.5,0.8600000000000001
4,76.5,0.8800000000000001
4,76.5,0.9000000000000001
4,76.5,0.9199999999999999
4,76.5,0.94
4,76.5,0.96
4,76.5,0.98
4,76.5,1.0
4,77.0,-1.0
4,77.0,-0.98
4,77.0,-0.96
4,77.0,-0.94
4,77.0,-0.92
4,77.0,-0.9
4,77.0,-0.88
4,77.0,-0.86
4,77.0,-0.84
4,77.0,-0.8200000000000001
4,77.0,-0.8
4,77.0,-0.78
4,77.0,-0.76
4,77.0,-0.74
4,77.0,-0.72
4,77.0,-0.7
4,77.0,-0.6799999999999999
4,77.0,-0.6599999999999999
4,77.0,-0.64
4,77.0,-0.62
4,77.0,-0.6
4,77.0,-0.5800000000000001
4,77.0,-0.56
4,77.0,-0.54
4,77.0,-0.52
4,77.0,-0.5
4,77.0,-0.48
4,77.0,-0.45999999999999996
4,77.0,-0.43999999999999995
4,77.0,-0.42000000000000004
4,77.0,-0.4
4,77.0,-0.38
4,77.0,-0.36
4,77.0,-0.33999999999999997
4,77.0,-0.31999999999999995
4,77.0,-0.29999999999999993
4,77.0,-0.28
4,77.0,-0.26
4,77.0,-0.24
4,77.0,-0.21999999999999997
4,77.0,-0.19999999999999996
4,77.0,-0.17999999999999994
4,77.0,-0.16000000000000003
4,77.0,-0.14
4,77.0,-0.12
4,77.0,-0.09999999999999998
4,77.0,-0.07999999999999996
4,77.0,-0.05999999999999994
4,77.0,-0.040000000000000036
4,77.0,-0.020000000000000018
4,77.0,0.0
4,77.0,0.020000000000000018
4,77.0,0.040000000000000036
4,77.0,0.06000000000000005
4,77.0,0.08000000000000007
4,77.0,0.10000000000000009
4,77.0,0.1200000000000001
4,77.0,0.14000000000000012
4,77.0,0.15999999999999992
4,77.0,0.17999999999999994
4,77.0,0.19999999999999996
4,77.0,0.21999999999999997
4,77.0,0.24
4,77.0,0.26
4,77.0,0.28
4,77.0,0.30000000000000004
4,77.0,0.32000000000000006
4,77.0,0.3400000000000001
4,77.0,0.3600000000000001
4,77.0,0.3800000000000001
4,77.0,0.40000000000000013
4,77.0,0.41999999999999993
4,77.0,0.43999999999999995
4,77.0,0.45999999999999996
4,77.0,0.48
4,77.0,0.5
4,77.0,0.52
4,77.0,0.54
4,77.0,0.56
4,77.0,0.5800000000000001
4,77.0,0.6000000000000001
4,77.0,0.6200000000000001
4,77.0,0.6400000000000001
4,77.0,0.6600000000000001
4,77.0,0.6799999999999999
4,77.0,0.7
4,77.0,0.72
4,77.0,0.74
4,77.0,0.76
4,77.0,0.78
4,77.0,0.8
4,77.0,0.8200000000000001
4,77.0,0.8400000000000001
4,77.0,0.8600000000000001
4,77.0,0.8800000000000001
4,77.0,0.9000000000000001
4,77.0,0.9199999999999999
4,77.0,0.94
4,77.0,0.96
4,77.0,0.98
4,77.0,1.0
4,77.5,-1.0
4,77.5,-0.98
4,77.5,-0.96
4,77.5,-0.94
4,77.5,-0.92
4,77.5,-0.9
4,77.5,-0.88
4,77.5,-0.86
4,77.5,-0.84
4,77.5,-0.8200000000000001
4,77.5,-0.8
4,77.5,-0.78
4,77.5,-0.76
4,77.5,-0.74
4,77.5,-0.72
4,77.5,-0.7
4,77.5,-0.6799999999999999
4,77.5,-0.6599999999999999
4,77.5,-0.64
4,77.5,-0.62
4,77.5,-0.6
4,77.5,-0.5800000000000001
4,77.5,-0.56
4,77.5,-0.54
4,77.5,-0.52
4,77.5,-0.5
4,77.5,-0.48
4,77.5,-0.45999999999999996
4,77.5,-0.43999999999999995
4,77.5,-0.42000000000000004
4,77.5,-0.4
4,77.5,-0.38
4,77.5,-0.36
4,77.5,-0.33999999999999997
4,77.5,-0.31999999999999995
4,77.5,-0.29999999999999993
4,77.5,-0.28
4,77.5,-0.26
4,77.5,-0.24
4,77.5,-0.21999999999999997
4,77.5,-0.19999999999999996
4,77.5,-0.17999999999999994
4,77.5,-0.16000000000000003
4,77.5,-0.14
4,77.5,-0.12
4,77.5,-0.09999999999999998
4,77.5,-0.07999999999999996
4,77.5,-0.05999999999999994
4,77.5,-0.040000000000000036
4,77.5,-0.020000000000000018
4,77.5,0.0
4,77.5,0.020000000000000018
4,77.5,0.040000000000000036
4,77.5,0.06000000000000005
4,77.5,0.08000000000000007
4,77.5,0.10000000000000009
4,77.5,0.1200000000000001
4,77.5,0.14000000000000012
4,77.5,0.15999999999999992
4,77.5,0.17999999999999994
4,77.5,0.19999999999999996
4,77.5,0.21999999999999997
4,77.5,0.24
4,77.5,0.26
4,77.5,0.28
4,77.5,0.30000000000000004
4,77.5,0.32000000000000006
4,77.5,0.3400000000000001
4,77.5,0.3600000000000001
4,77.5,0.3800000000000001
4,77.5,0.40000000000000013
4,77.5,0.41999999999999993
4,77.5,0.43999999999999995
4,77.5,0.45999999999999996
4,77.5,0.48
4,77.5,0.5
4,77.5,0.52
4,77.5,0.54
4,77.5,0.56
4,77.5,0.5800000000000001
4,77.5,0.6000000000000001
4,77.5,0.6200000000000001
4,77.5,0.6400000000000001
4,77.5,0.6600000000000001
4,77.5,0.6799999999999999
4,77.5,0.7
4,77.5,0.72
4,77.5,0.74
4,77.5,0.76
4,77.5,0.78
4,77.5,0.8
4,77.5,0.8200000000000001
4,77.5,0.8400000000000001
4,77.5,0.8600000000000001
4,77.5,0.8800000000000001
4,77.5,0.9000000000000001
4,77.5,0.9199999999999999
4,77.5,0.94
4,77.5,0.96
4,77.5,0.98
4,77.5,1.0
4,78.0,-1.0
4,78.0,-0.98
4,78.0,-0.96
4,78.0,-0.94
4,78.0,-0.92
4,78.0,-0.9
4,78.0,-0.88
4,78.0,-0.86
4,78.0,-0.84
4,78.0,-0.8200000000000001
4,78.0,-0.8
4,78.0,-0.78
4,78.0,-0.76
4,78.0,-0.74
4,78.0,-0.72
4,78.0,-0.7
4,78.0,-0.6799999999999999
4,78.0,-0.6599999999999999
4,78.0,-0.64
4,78.0,-0.62
4,78.0,-0.6
4,78.0,-0.5800000000000001
4,78.0,-0.56
4,78.0,-0.54
4,78.0,-0.52
4,78.0,-0.5
4,78.0,-0.48
4,78.0,-0.45999999999999996
4,78.0,-0.43999999999999995
4,78.0,-0.42000000000000004
4,78.0,-0.4
4,78.0,-0.38
4,78.0,-0.36
4,78.0,-0.33999999999999997
4,78.0,-0.31999999999999995
4,78.0,-0.29999999999999993
4,78.0,-0.28
4,78.0,-0.26
4,78.0,-0.24
4,78.0,-0.21999999999999997
4,78.0,-0.19999999999999996
4,78.0,-0.17999999999999994
4,78.0,-0.16000000000000003
4,78.0,-0.14
4,78.0,-0.12
4,78.0,-0.09999999999999998
4,78.0,-0.07999999999999996
4,78.0,-0.05999999999999994
4,78.0,-0.040000000000000036
4,78.0,-0.020000000000000018
4,78.0,0.0
4,78.0,0.020000000000000018
4,78.0,0.040000000000000036
4,78.0,0.06000000000000005
4,78.0,0.08000000000000007
4,78.0,0.10000000000000009
4,78.0,0.1200000000000001
4,78.0,0.14000000000000012
4,78.0,0.15999999999999992
4,78.0,0.17999999999999994
4,78.0,0.19999999999999996
4,78.0,0.21999999999999997
4,78.0,0.24
4,78.0,0.26
4,78.0,0.28
4,78.0,0.30000000000000004
4,78.0,0.32000000000000006
4,78.0,0.3400000000000001
4,78.0,0.3600000000000001
4,78.0,0.3800000000000001
4,78.0,0.40000000000000013
4,78.0,0.41999999999999993
4,78.0,0.43999999999999995
4,78.0,0.45999999999999996
4,78.0,0.48
4,78.0,0.5
4,78.0,0.52
4,78.0,0.54
4,78.0,0.56
4,78.0,0.5800000000000001
4,78.0,0.6000000000000001
4,78.0,0.6200000000000001
4,78.0,0.6400000000000001
4,78.0,0.6600000000000001
4,78.0,0.6799999999999999
4,78.0,0.7
4,78.0,0.72
4,78.0,0.74
4,78.0,0.76
4,78.0,0.78
4,78.0,0.8
4,78.0,0.8200000000000001
4,78.0,0.8400000000000001
4,78.0,0.8600000000000001
4,78.0,0.8800000000000001
4,78.0,0.9000000000000001
4,78.0,0.9199999999999999
4,78.0,0.94
4,78.0,0.96
4,78.0,0.98
4,78.0,1.0
4,78.5,-1.0
4,78.5,-0.98
4,78.5,-0.96
4,78.5,-0.94
4,78.5,-0.92
4,78.5,-0.9
4,78.5,-0.88
4,78.5,-0.86
4,78.5,-0.84
4,78.5,-0.8200000000000001
4,78.5,-0.8
4,78.5,-0.78
4,78.5,-0.76
4,78.5,-0.74
4,78.5,-0.72
4,78.5,-0.7
4,78.5,-0.6799999999999999
4,78.5,-0.6599999999999999
4,78.5,-0.64
4,78.5,-0.62
4,78.5,-0.6
4,78.5,-0.5800000000000001
4,78.5,-0.56
4,78.5,-0.54
4,78.5,-0.52
4,78.5,-0.5
4,78.5,-0.48
4,78.5,-0.45999999999999996
4,78.5,-0.43999999999999995
4,78.5,-0.42000000000000004
4,78.5,-0.4
4,78.5,-0.38
4,78.5,-0.36
4,78.5,-0.33999999999999997
4,78.5,-0.31999999999999995
4,78.5,-0.29999999999999993
4,78.5,-0.28
4,78.5,-0.26
4,78.5,-0.24
4,78.5,-0.21999999999999997
4,78.5,-0.19999999999999996
4,78.5,-0.17999999999999994
4,78.5,-0.16000000000000003
4,78.5,-0.14
4,78.5,-0.12
4,78.5,-0.09999999999999998
4,78.5,-0.07999999999999996
4,78.5,-0.05999999999999994
4,78.5,-0.040000000000000036
4,78.5,-0.020000000000000018
4,78.5,0.0
4,78.5,0.020000000000000018
4,78.5,0.040000000000000036
4,78.5,0.06000000000000005
4,78.5,0.08000000000000007
4,78.5,0.10000000000000009
4,78.5,0.1200000000000001
4,78.5,0.14000000000000012
4,78.5,0.15999999999999992
4,78.5,0.17999999999999994
4,78.5,0.19999999999999996
4,78.5,0.21999999999999997
4,78.5,0.24
4,78.5,0.26
4,78.5,0.28
4,78.5,0.30000000000000004
4,78.5,0.32000000000000006
4,78.5,0.3400000000000001
4,78.5,0.3600000000000001
4,78.5,0.3800000000000001
4,78.5,0.40000000000000013
4,78.5,0.41999999999999993
4,78.5,0.43999999999999995
4,78.5,0.45999999999999996
4,78.5,0.48
4,78.5,0.5
4,78.5,0.52
4,78.5,0.54
4,78.5,0.56
4,78.5,0.5800000000000001
4,78.5,0.6000000000000001
4,78.5,0.6200000000000001
4,78.5,0.6400000000000001
4,78.5,0.6600000000000001
4,78.5,0.6799999999999999
4,78.5,0.7
4,78.5,0.72
4,78.5,0.74
4,78.5,0.76
4,78.5,0.78
4,78.5,0.8
4,78.5,0.8200000000000001
4,78.5,0.8400000000000001
4,78.5,0.8600000000000001
4,78.5,0.8800000000000001
4,78.5,0.9000000000000001
4,78.5,0.9199999999999999
4,78.5,0.94
4,78.5,0.96
4,78.5,0.98
4,78.5,1.0
4,79.0,-1.0
4,79.0,-0.98
4,79.0,-0.96
4,79.0,-0.94
4,79.0,-0.92
4,79.0,-0.9
4,79.0,-0.88
4,79.0,-0.86
4,79.0,-0.84
4,79.0,-0.8200000000000001
4,79.0,-0.8
4,79.0,-0.78
4,79.0,-0.76
4,79.0,-0.74
4,79.0,-0.72
4,79.0,-0.7
4,79.0,-0.6799999999999999
4,79.0,-0.6599999999999999
4,79.0,-0.64
4,79.0,-0.62
4,79.0,-0.6
4,79.0,-0.5800000000000001
4,79.0,-0.56
4,79.0,-0.54
4,79.0,-0.52
4,79.0,-0.5
4,79.0,-0.48
4,79.0,-0.45999999999999996
4,79.0,-0.43999999999999995
4,79.0,-0.42000000000000004
4,79.0,-0.4
4,79.0,-0.38
4,79.0,-0.36
4,79.0,-0.33999999999999997
4,79.0,-0.31999999999999995
4,79.0,-0.29999999999999993
4,79.0,-0.28
4,79.0,-0.26
4,79.0,-0.24
4,79.0,-0.21999999999999997
4,79.0,-0.19999999999999996
4,79.0,-0.17999999999999994
4,79.0,-0.16000000000000003
4,79.0,-0.14
4,79.0,-0.12
4,79.0,-0.09999999999999998
4,79.0,-0.07999999999999996
4,79.0,-0.05999999999999994
4,79.0,-0.040000000000000036
4,79.0,-0.020000000000000018
4,79.0,0.0
4,79.0,0.020000000000000018
4,79.0,0.040000000000000036
4,79.0,0.06000000000000005
4,79.0,0.08000000000000007
4,79.0,0.10000000000000009
4,79.0,0.1200000000000001
4,79.0,0.14000000000000012
4,79.0,0.15999999999999992
4,79.0,0.17999999999999994
4,79.0,0.19999999999999996
4,79.0,0.21999999999999997
4,79.0,0.24
4,79.0,0.26
4,79.0,0.28
4,79.0,0.30000000000000004
4,79.0,0.32000000000000006
4,79.0,0.3400000000000001
4,79.0,0.3600000000000001
4,79.0,0.3800000000000001
4,79.0,0.40000000000000013
4,79.0,0.41999999999999993
4,79.0,0.43999999999999995
4,79.0,0.45999999999999996
4,79.0,0.48
4,79.0,0.5
4,79.0,0.52
4,79.0,0.54
4,79.0,0.56
4,79.0,0.5800000000000001
4,79.0,0.6000000000000001
4,79.0,0.6200000000000001
4,79.0,0.6400000000000001
4,79.0,0.6600000000000001
4,79.0,0.6799999999999999
4,79.0,0.7
4,79.0,0.72
4,79.0,0.74
4,79.0,0.76
4,79.0,0.78
4,79.0,0.8
4,79.0,0.8200000000000001
4,79.0,0.8400000000000001
4,79.0,0.8600000000000001
4,79.0,0.8800000000000001
4,79.0,0.9000000000000001
4,79.0,0.9199999999999999
4,79.0,0.94
4,79.0,0.96
4,79.0,0.98
4,79.0,1.0
4,79.5,-1.0
4,79.5,-0.98
4,79.5,-0.96
4,79.5,-0.94
4,79.5,-0.92
4,79.5,-0.9
4,79.5,-0.88
4,79.5,-0.86
4,79.5,-0.84
4,79.5,-0.8200000000000001
4,79.5,-0.8
4,79.5,-0.78
4,79.5,-0.76
4,79.5,-0.74
4,79.5,-0.72
4,79.5,-0.7
4,79.5,-0.6799999999999999
4,79.5,-0.6599999999999999
4,79.5,-0.64
4,79.5,-0.62
4,79.5,-0.6
4,79.5,-0.5800000000000001
4,79.5,-0.56
4,79.5,-0.54
4,79.5,-0.52
4,79.5,-0.5
4,79.5,-0.48
4,79.5,-0.45999999999999996
4,79.5,-0.43999999999999995
4,79.5,-0.42000000000000004
4,79.5,-0.4
4,79.5,-0.38
4,79.5,-0.36
4,79.5,-0.33999999999999997
4,79.5,-0.31999999999999995
4,79.5,-0.29999999999999993
4,79.5,-0.28
4,79.5,-0.26
4,79.5,-0.24
4,79.5,-0.21999999999999997
4,79.5,-0.19999999999999996
4,79.5,-0.17999999999999994
4,79.5,-0.16000000000000003
4,79.5,-0.14
4,79.5,-0.12
4,79.5,-0.09999999999999998
4,79.5,-0.07999999999999996
4,79.5,-0.05999999999999994
4,79.5,-0.040000000000000036
4,79.5,-0.020000000000000018
4,79.5,0.0
4,79.5,0.020000000000000018
4,79.5,0.040000000000000036
4,79.5,0.06000000000000005
4,79.5,0.08000000000000007
4,79.5,0.10000000000000009
4,79.5,0.1200000000000001
4,79.5,0.14000000000000012
4,79.5,0.15999999999999992
4,79.5,0.17999999999999994
4,79.5,0.19999999999999996
4,79.5,0.21999999999999997
4,79.5,0.24
4,79.5,0.26
4,79.5,0.28
4,79.5,0.30000000000000004
4,79.5,0.32000000000000006
4,79.5,0.3400000000000001
4,79.5,0.3600000000000001
4,79.5,0.3800000000000001
4,79.5,0.40000000000000013
4,79.5,0.41999999999999993
4,79.5,0.43999999999999995
4,79.5,0.45999999999999996
4,79.5,0.48
4,79.5,0.5
4,79.5,0.52
4,79.5,0.54
4,79.5,0.56
4,79.5,0.5800000000000001
4,79.5,0.6000000000000001
4,79.5,0.6200000000000001
4,79.5,0.6400000000000001
4,79.5,0.6600000000000001
4,79.5,0.6799999999999999
4,79.5,0.7
4,79.5,0.72
4,79.5,0.74
4,79.5,0.76
4,79.5,0.78
4,79.5,0.8
4,79.5,0.8200000000000001
4,79.5,0.8400000000000001
4,79.5,0.8600000000000001
4,79.5,0.8800000000000001
4,79.5,0.9000000000000001
4,79.5,0.9199999999999999
4,79.5,0.94
4,79.5,0.96
4,79.5,0.98
4,79.5,1.0
4,80.0,-1.0
4,80.0,-0.98
4,80.0,-0.96
4,80.0,-0.94
4,80.0,-0.92
4,80.0,-0.9
4,80.0,-0.88
4,80.0,-0.86
4,80.0,-0.84
4,80.0,-0.8200000000000001
4,80.0,-0.8
4,80.0,-0.78
4,80.0,-0.76
4,80.0,-0.74
4,80.0,-0.72
4,80.0,-0.7
4,80.0,-0.6799999999999999
4,80.0,-0.6599999999999999
4,80.0,-0.64
4,80.0,-0.62
4,80.0,-0.6
4,80.0,-0.5800000000000001
4,80.0,-0.56
4,80.0,-0.54
4,80.0,-0.52
4,80.0,-0.5
4,80.0,-0.48
4,80.0,-0.45999999999999996
4,80.0,-0.43999999999999995
4,80.0,-0.42000000000000004
4,80.0,-0.4
4,80.0,-0.38
4,80.0,-0.36
4,80.0,-0.33999999999999997
4,80.0,-0.31999999999999995
4,80.0,-0.29999999999999993
4,80.0,-0.28
4,80.0,-0.26
4,80.0,-0.24
4,80.0,-0.21999999999999997
4,80.0,-0.19999999999999996
4,80.0,-0.17999999999999994
4,80.0,-0.16000000000000003
4,80.0,-0.14
4,80.0,-0.12
4,80.0,-0.09999999999999998
4,80.0,-0.07999999999999996
4,80.0,-0.05999999999999994
4,80.0,-0.040000000000000036
4,80.0,-0.020000000000000018
4,80.0,0.0
4,80.0,0.020000000000000018
4,80.0,0.040000000000000036
4,80.0,0.06000000000000005
4,80.0,0.08000000000000007
4,80.0,0.10000000000000009
4,80.0,0.1200000000000001
4,80.0,0.14000000000000012
4,80.0,0.15999999999999992
4,80.0,0.17999999999999994
4,80.0,0.19999999999999996
4,80.0,0.21999999999999997
4,80.0,0.24
4,80.0,0.26
4,80.0,0.28
4,80.0,0.30000000000000004
4,80.0,0.32000000000000006
4,80.0,0.3400000000000001
4,80.0,0.3600000000000001
4,80.0,0.3800000000000001
4,80.0,0.40000000000000013
4,80.0,0.41999999999999993
4,80.0,0.43999999999999995
4,80.0,0.45999999999999996
4,80.0,0.48
4,80.0,0.5
4,80.0,0.52
4,80.0,0.54
4,80.0,0.56
4,80.0,0.5800000000000001
4,80.0,0.6000000000000001
4,80.0,0.6200000000000001
4,80.0,0.6400000000000001
4,80.0,0.6600000000000001
4,80.0,0.6799999999999999
4,80.0,0.7
4,80.0,0.72
4,80.0,0.74
4,80.0,0.76
4,80.0,0.78
4,80.0,0.8
4,80.0,0.8200000000000001
4,80.0,0.8400000000000001
4,80.0,0.8600000000000001
4,80.0,0.8800000000000001
4,80.0,0.9000000000000001
4,80.0,0.9199999999999999
4,80.0,0.94
4,80.0,0.96
4,80.0,0.98
4,80.0,1.0
4,80.5,-1.0
4,80.5,-0.98
4,80.5,-0.96
4,80.5,-0.94
4,80.5,-0.92
4,80.5,-0.9
4,80.5,-0.88
4,80.5,-0.86
4,80.5,-0.84
4,80.5,-0.8200000000000001
4,80.5,-0.8
4,80.5,-0.78
4,80.5,-0.76
4,80.5,-0.74
4,80.5,-0.72
4,80.5,-0.7
4,80.5,-0.6799999999999999
4,80.5,-0.6599999999999999
4,80.5,-0.64
4,80.5,-0.62
4,80.5,-0.6
4,80.5,-0.5800000000000001
4,80.5,-0.56
4,80.5,-0.54
4,80.5,-0.52
4,80.5,-0.5
4,80.5,-0.48
4,80.5,-0.45999999999999996
4,80.5,-0.43999999999999995
4,80.5,-0.42000000000000004
4,80.5,-0.4
4,80.5,-0.38
4,80.5,-0.36
4,80.5,-0.33999999999999997
4,80.5,-0.31999999999999995
4,80.5,-0.29999999999999993
4,80.5,-0.28
4,80.5,-0.26
4,80.5,-0.24
4,80.5,-0.21999999999999997
4,80.5,-0.19999999999999996
4,80.5,-0.17999999999999994
4,80.5,-0.16000000000000003
4,80.5,-0.14
4,80.5,-0.12
4,80.5,-0.09999999999999998
4,80.5,-0.07999999999999996
4,80.5,-0.05999999999999994
4,80.5,-0.040000000000000036
4,80.5,-0.020000000000000018
4,80.5,0.0
4,80.5,0.020000000000000018
4,80.5,0.040000000000000036
4,80.5,0.06000000000000005
4,80.5,0.08000000000000007
4,80.5,0.10000000000000009
4,80.5,0.1200000000000001
4,80.5,0.14000000000000012
4,80.5,0.15999999999999992
4,80.5,0.17999999999999994
4,80.5,0.19999999999999996
4,80.5,0.21999999999999997
4,80.5,0.24
4,80.5,0.26
4,80.5,0.28
4,80.5,0.30000000000000004
4,80.5,0.32000000000000006
4,80.5,0.3400000000000001
4,80.5,0.3600000000000001
4,80.5,0.3800000000000001
4,80.5,0.40000000000000013
4,80.5,0.41999999999999993
4,80.5,0.43999999999999995
4,80.5,0.45999999999999996
4,80.5,0.48
4,80.5,0.5
4,80.5,0.52
4,80.5,0.54
4,80.5,0.56
4,80.5,0.5800000000000001
4,80.5,0.6000000000000001
4,80.5,0.6200000000000001
4,80.5,0.6400000000000001
4,80.5,0.6600000000000001
4,80.5,0.6799999999999999
4,80.5,0.7
4,80.5,0.72
4,80.5,0.74
4,80.5,0.76
4,80.5,0.78
4,80.5,0.8
4,80.5,0.8200000000000001
4,80.5,0.8400000000000001
4,80.5,0.8600000000000001
4,80.5,0.8800000000000001
4,80.5,0.9000000000000001
4,80.5,0.9199999999999999
4,80.5,0.94
4,80.5,0.96
4,80.5,0.98
4,80.5,1.0
4,81.0,-1.0
4,81.0,-0.98
4,81.0,-0.96
4,81.0,-0.94
4,81.0,-0.92
4,81.0,-0.9
4,81.0,-0.88
4,81.0,-0.86
4,81.0,-0.84
4,81.0,-0.8200000000000001
4,81.0,-0.8
4,81.0,-0.78
4,81.0,-0.76
4,81.0,-0.74
4,81.0,-0.72
4,81.0,-0.7
4,81.0,-0.6799999999999999
4,81.0,-0.6599999999999999
4,81.0,-0.64
4,81.0,-0.62
4,81.0,-0.6
4,81.0,-0.5800000000000001
4,81.0,-0.56
4,81.0,-0.54
4,81.0,-0.52
4,81.0,-0.5
4,81.0,-0.48
4,81.0,-0.45999999999999996
4,81.0,-0.43999999999999995
4,81.0,-0.42000000000000004
4,81.0,-0.4
4,81.0,-0.38
4,81.0,-0.36
4,81.0,-0.33999999999999997
4,81.0,-0.31999999999999995
4,81.0,-0.29999999999999993
4,81.0,-0.28
4,81.0,-0.26
4,81.0,-0.24
4,81.0,-0.21999999999999997
4,81.0,-0.19999999999999996
4,81.0,-0.17999999999999994
4,81.0,-0.16000000000000003
4,81.0,-0.14
4,81.0,-0.12
4,81.0,-0.09999999999999998
4,81.0,-0.07999999999999996
4,81.0,-0.05999999999999994
4,81.0,-0.040000000000000036
4,81.0,-0.020000000000000018
4,81.0,0.0
4,81.0,0.020000000000000018
4,81.0,0.040000000000000036
4,81.0,0.06000000000000005
4,81.0,0.08000000000000007
4,81.0,0.10000000000000009
4,81.0,0.1200000000000001
4,81.0,0.14000000000000012
4,81.0,0.15999999999999992
4,81.0,0.17999999999999994
4,81.0,0.19999999999999996
4,81.0,0.21999999999999997
4,81.0,0.24
4,81.0,0.26
4,81.0,0.28
4,81.0,0.30000000000000004
4,81.0,0.32000000000000006
4,81.0,0.3400000000000001
4,81.0,0.3600000000000001
4,81.0,0.3800000000000001
4,81.0,0.40000000000000013
4,81.0,0.41999999999999993
4,81.0,0.43999999999999995
4,81.0,0.45999999999999996
4,81.0,0.48
4,81.0,0.5
4,81.0,0.52
4,81.0,0.54
4,81.0,0.56
4,81.0,0.5800000000000001
4,81.0,0.6000000000000001
4,81.0,0.6200000000000001
4,81.0,0.6400000000000001
4,81.0,0.6600000000000001
4,81.0,0.6799999999999999
4,81.0,0.7
4,81.0,0.72
4,81.0,0.74
4,81.0,0.76
4,81.0,0.78
4,81.0,0.8
4,81.0,0.8200000000000001
4,81.0,0.8400000000000001
4,81.0,0.8600000000000001
4,81.0,0.8800000000000001
4,81.0,0.9000000000000001
4,81.0,0.9199999999999999
4,81.0,0.94
4,81.0,0.96
4,81.0,0.98
4,81.0,1.0
4,81.5,-1.0
4,81.5,-0.98
4,81.5,-0.96
4,81.5,-0.94
4,81.5,-0.92
4,81.5,-0.9
4,81.5,-0.88
4,81.5,-0.86
4,81.5,-0.84
4,81.5,-0.8200000000000001
4,81.5,-0.8
4,81.5,-0.78
4,81.5,-0.76
4,81.5,-0.74
4,81.5,-0.72
4,81.5,-0.7
4,81.5,-0.6799999999999999
4,81.5,-0.6599999999999999
4,81.5,-0.64
4,81.5,-0.62
4,81.5,-0.6
4,81.5,-0.5800000000000001
4,81.5,-0.56
4,81.5,-0.54
4,81.5,-0.52
4,81.5,-0.5
4,81.5,-0.48
4,81.5,-0.45999999999999996
4,81.5,-0.43999999999999995
4,81.5,-0.42000000000000004
4,81.5,-0.4
4,81.5,-0.38
4,81.5,-0.36
4,81.5,-0.33999999999999997
4,81.5,-0.31999999999999995
4,81.5,-0.29999999999999993
4,81.5,-0.28
4,81.5,-0.26
4,81.5,-0.24
4,81.5,-0.21999999999999997
4,81.5,-0.19999999999999996
4,81.5,-0.17999999999999994
4,81.5,-0.16000000000000003
4,81.5,-0.14
4,81.5,-0.12
4,81.5,-0.09999999999999998
4,81.5,-0.07999999999999996
4,81.5,-0.05999999999999994
4,81.5,-0.040000000000000036
4,81.5,-0.020000000000000018
4,81.5,0.0
4,81.5,0.020000000000000018
4,81.5,0.040000000000000036
4,81.5,0.06000000000000005
4,81.5,0.08000000000000007
4,81.5,0.10000000000000009
4,81.5,0.1200000000000001
4,81.5,0.14000000000000012
4,81.5,0.15999999999999992
4,81.5,0.17999999999999994
4,81.5,0.19999999999999996
4,81.5,0.21999999999999997
4,81.5,0.24
4,81.5,0.26
4,81.5,0.28
4,81.5,0.30000000000000004
4,81.5,0.32000000000000006
4,81.5,0.3400000000000001
4,81.5,0.3600000000000001
4,81.5,0.3800000000000001
4,81.5,0.40000000000000013
4,81.5,0.41999999999999993
4,81.5,0.43999999999999995
4,81.5,0.45999999999999996
4,81.5,0.48
4,81.5,0.5
4,81.5,0.52
4,81.5,0.54
4,81.5,0.56
4,81.5,0.5800000000000001
4,81.5,0.6000000000000001
4,81.5,0.6200000000000001
4,81.5,0.6400000000000001
4,81.5,0.6600000000000001
4,81.5,0.6799999999999999
4,81.5,0.7
4,81.5,0.72
4,81.5,0.74
4,81.5,0.76
4,81.5,0.78
4,81.5,0.8
4,81.5,0.8200000000000001
4,81.5,0.8400000000000001
4,81.5,0.8600000000000001
4,81.5,0.8800000000000001
4,81.5,0.9000000000000001
4,81.5,0.9199999999999999
4,81.5,0.94
4,81.5,0.96
4,81.5,0.98
4,81.5,1.0
4,82.0,-1.0
4,82.0,-0.98
4,82.0,-0.96
4,82.0,-0.94
4,82.0,-0.92
4,82.0,-0.9
4,82.0,-0.88
4,82.0,-0.86
4,82.0,-0.84
4,82.0,-0.8200000000000001
4,82.0,-0.8
4,82.0,-0.78
4,82.0,-0.76
4,82.0,-0.74
4,82.0,-0.72
4,82.0,-0.7
4,82.0,-0.6799999999999999
4,82.0,-0.6599999999999999
4,82.0,-0.64
4,82.0,-0.62
4,82.0,-0.6
4,82.0,-0.5800000000000001
4,82.0,-0.56
4,82.0,-0.54
4,82.0,-0.52
4,82.0,-0.5
4,82.0,-0.48
4,82.0,-0.45999999999999996
4,82.0,-0.43999999999999995
4,82.0,-0.42000000000000004
4,82.0,-0.4
4,82.0,-0.38
4,82.0,-0.36
4,82.0,-0.33999999999999997
4,82.0,-0.31999999999999995
4,82.0,-0.29999999999999993
4,82.0,-0.28
4,82.0,-0.26
4,82.0,-0.24
4,82.0,-0.21999999999999997
4,82.0,-0.19999999999999996
4,82.0,-0.17999999999999994
4,82.0,-0.16000000000000003
4,82.0,-0.14
4,82.0,-0.12
4,82.0,-0.09999999999999998
4,82.0,-0.07999999999999996
4,82.0,-0.05999999999999994
4,82.0,-0.040000000000000036
4,82.0,-0.020000000000000018
4,82.0,0.0
4,82.0,0.020000000000000018
4,82.0,0.040000000000000036
4,82.0,0.06000000000000005
4,82.0,0.08000000000000007
4,82.0,0.10000000000000009
4,82.0,0.1200000000000001
4,82.0,0.14000000000000012
4,82.0,0.15999999999999992
4,82.0,0.17999999999999994
4,82.0,0.19999999999999996
4,82.0,0.21999999999999997
4,82.0,0.24
4,82.0,0.26
4,82.0,0.28
4,82.0,0.30000000000000004
4,82.0,0.32000000000000006
4,82.0,0.3400000000000001
4,82.0,0.3600000000000001
4,82.0,0.3800000000000001
4,82.0,0.40000000000000013
4,82.0,0.41999999999999993
4,82.0,0.43999999999999995
4,82.0,0.45999999999999996
4,82.0,0.48
4,82.0,0.5
4,82.0,0.52
4,82.0,0.54
4,82.0,0.56
4,82.0,0.5800000000000001
4,82.0,0.6000000000000001
4,82.0,0.6200000000000001
4,82.0,0.6400000000000001
4,82.0,0.6600000000000001
4,82.0,0.6799999999999999
4,82.0,0.7
4,82.0,0.72
4,82.0,0.74
4,82.0,0.76
4,82.0,0.78
4,82.0,0.8
4,82.0,0.8200000000000001
4,82.0,0.8400000000000001
4,82.0,0.8600000000000001
4,82.0,0.8800000000000001
4,82.0,0.9000000000000001
4,82.0,0.9199999999999999
4,82.0,0.94
4,82.0,0.96
4,82.0,0.98
4,82.5,-1.0
4,82.5,-0.98
4,82.5,-0.96
4,82.5,-0.94
4,82.5,-0.92
4,82.5,-0.9
4,82.5,-0.88
4,82.5,-0.86
4,82.5,-0.84
4,82.5,-0.8200000000000001
4,82.5,-0.8
4,82.5,-0.78
4,82.5,-0.76
4,82.5,-0.74
4,82.5,-0.72
4,82.5,-0.7
4,82.5,-0.6799999999999999
4,82.5,-0.6599999999999999
4,82.5,-0.64
4,82.5,-0.62
4,82.5,-0.6
4,82.5,-0.5800000000000001
4,82.5,-0.56
4,82.5,-0.54
4,82.5,-0.52
4,82.5,-0.5
4,82.5,-0.48
4,82.5,-0.45999999999999996
4,82.5,-0.43999999999999995
4,82.5,-0.42000000000000004
4,82.5,-0.4
4,82.5,-0.38
4,82.5,-0.36
4,82.5,-0.33999999999999997
4,82.5,-0.31999999999999995
4,82.5,-0.29999999999999993
4,82.5,-0.28
4,82.5,-0.26
4,82.5,-0.24
4,82.5,-0.21999999999999997
4,82.5,-0.19999999999999996
4,82.5,-0.17999999999999994
4,82.5,-0.16000000000000003
4,82.5,-0.14
4,82.5,-0.12
4,82.5,-0.09999999999999998
4,82.5,-0.07999999999999996
4,82.5,-0.05999999999999994
4,82.5,-0.040000000000000036
4,82.5,-0.020000000000000018
4,82.5,0.0
4,82.5,0.020000000000000018
4,82.5,0.040000000000000036
4,82.5,0.06000000000000005
4,82.5,0.08000000000000007
4,82.5,0.10000000000000009
4,82.5,0.1200000000000001
4,82.5,0.14000000000000012
4,82.5,0.15999999999999992
4,82.5,0.17999999999999994
4,82.5,0.19999999999999996
4,82.5,0.21999999999999997
4,82.5,0.24
4,82.5,0.26
4,82.5,0.28
4,82.5,0.30000000000000004
4,82.5,0.32000000000000006
4,82.5,0.3400000000000001
4,82.5,0.3600000000000001
4,82.5,0.3800000000000001
4,82.5,0.40000000000000013
4,82.5,0.41999999999999993
4,82.5,0.43999999999999995
4,82.5,0.45999999999999996
4,82.5,0.48
4,82.5,0.5
4,82.5,0.52
4,82.5,0.54
4,82.5,0.56
4,82.5,0.5800000000000001
4,82.5,0.6000000000000001
4,82.5,0.6200000000000001
4,82.5,0.6400000000000001
4,82.5,0.6600000000000001
4,82.5,0.6799999999999999
4,82.5,0.7
4,82.5,0.72
4,82.5,0.74
4,82.5,0.76
4,82.5,0.78
4,82.5,0.8
4,82.5,0.8200000000000001
4,82.5,0.8400000000000001
4,82.5,0.8600000000000001
4,82.5,0.8800000000000001
4,82.5,0.9000000000000001
4,82.5,0.9199999999999999
4,82.5,0.94
4,82.5,0.96
4,83.0,-1.0
4,83.0,-0.98
4,83.0,-0.96
4,83.0,-0.94
4,83.0,-0.92
4,83.0,-0.9
4,83.0,-0.88
4,83.0,-0.86
4,83.0,-0.84
4,83.0,-0.8200000000000001
4,83.0,-0.8
4,83.0,-0.78
4,83.0,-0.76
4,83.0,-0.74
4,83.0,-0.72
4,83.0,-0.7
4,83.0,-0.6799999999999999
4,83.0,-0.6599999999999999
4,83.0,-0.64
4,83.0,-0.62
4,83.0,-0.6
4,83.0,-0.5800000000000001
4,83.0,-0.56
4,83.0,-0.54
4,83.0,-0.52
4,83.0,-0.5
4,83.0,-0.48
4,83.0,-0.45999999999999996
4,83.0,-0.43999999999999995
4,83.0,-0.42000000000000004
4,83.0,-0.4
4,83.0,-0.38
4,83.0,-0.36
4,83.0,-0.33999999999999997
4,83.0,-0.31999999999999995
4,83.0,-0.29999999999999993
4,83.0,-0.28
4,83.0,-0.26
4,83.0,-0.24
4,83.0,-0.21999999999999997
4,83.0,-0.19999999999999996
4,83.0,-0.17999999999999994
4,83.0,-0.16000000000000003
4,83.0,-0.14
4,83.0,-0.12
4,83.0,-0.09999999999999998
4,83.0,-0.07999999999999996
4,83.0,-0.05999999999999994
4,83.0,-0.040000000000000036
4,83.0,-0.020000000000000018
4,83.0,0.0
4,83.0,0.020000000000000018
4,83.0,0.040000000000000036
4,83.0,0.06000000000000005
4,83.0,0.08000000000000007
4,83.0,0.10000000000000009
4,83.0,0.1200000000000001
4,83.0,0.14000000000000012
4,83.0,0.15999999999999992
4,83.0,0.17999999999999994
4,83.0,0.19999999999999996
4,83.0,0.21999999999999997
4,83.0,0.24
4,83.0,0.26
4,83.0,0.28
4,83.0,0.30000000000000004
4,83.0,0.32000000000000006
4,83.0,0.3400000000000001
4,83.0,0.3600000000000001
4,83.0,0.3800000000000001
4,83.0,0.40000000000000013
4,83.0,0.41999999999999993
4,83.0,0.43999999999999995
4,83.0,0.45999999999999996
4,83.0,0.48
4,83.0,0.5
4,83.0,0.52
4,83.0,0.54
4,83.0,0.56
4,83.0,0.5800000000000001
4,83.0,0.6000000000000001
4,83.0,0.6200000000000001
4,83.0,0.6400000000000001
4,83.0,0.6600000000000001
4,83.0,0.6799999999999999
4,83.0,0.7
4,83.0,0.72
4,83.0,0.74
4,83.0,0.76
4,83.0,0.78
4,83.0,0.8
4,83.0,0.8200000000000001
4,83.0,0.8400000000000001
4,83.0,0.8600000000000001
4,83.0,0.8800000000000001
4,83.0,0.9000000000000001
4,83.0,0.9199999999999999
4,83.5,-1.0
4,83.5,-0.98
4,83.5,-0.96
4,83.5,-0.94
4,83.5,-0.92
4,83.5,-0.9
4,83.5,-0.88
4,83.5,-0.86
4,83.5,-0.84
4,83.5,-0.8200000000000001
4,83.5,-0.8
4,83.5,-0.78
4,83.5,-0.76
4,83.5,-0.74
4,83.5,-0.72
4,83.5,-0.7
4,83.5,-0.6799999999999999
4,83.5,-0.6599999999999999
4,83.5,-0.64
4,83.5,-0.62
4,83.5,-0.6
4,83.5,-0.5800000000000001
4,83.5,-0.56
4,83.5,-0.54
4,83.5,-0.52
4,83.5,-0.5
4,83.5,-0.48
4,83.5,-0.45999999999999996
4,83.5,-0.43999999999999995
4,83.5,-0.42000000000000004
4,83.5,-0.4
4,83.5,-0.38
4,83.5,-0.36
4,83.5,-0.33999999999999997
4,83.5,-0.31999999999999995
4,83.5,-0.29999999999999993
4,83.5,-0.28
4,83.5,-0.26
4,83.5,-0.24
4,83.5,-0.21999999999999997
4,83.5,-0.19999999999999996
4,83.5,-0.17999999999999994
4,83.5,-0.16000000000000003
4,83.5,-0.14
4,83.5,-0.12
4,83.5,-0.09999999999999998
4,83.5,-0.07999999999999996
4,83.5,-0.05999999999999994
4,83.5,-0.040000000000000036
4,83.5,-0.020000000000000018
4,83.5,0.0
4,83.5,0.020000000000000018
4,83.5,0.040000000000000036
4,83.5,0.06000000000000005
4,83.5,0.08000000000000007
4,83.5,0.10000000000000009
4,83.5,0.1200000000000001
4,83.5,0.14000000000000012
4,83.5,0.15999999999999992
4,83.5,0.17999999999999994
4,83.5,0.19999999999999996
4,83.5,0.21999999999999997
4,83.5,0.24
4,83.5,0.26
4,83.5,0.28
4,83.5,0.30000000000000004
4,83.5,0.32000000000000006
4,83.5,0.3400000000000001
4,83.5,0.3600000000000001
4,83.5,0.3800000000000001
4,83.5,0.40000000000000013
4,83.5,0.41999999999999993
4,83.5,0.43999999999999995
4,83.5,0.45999999999999996
4,83.5,0.48
4,83.5,0.5
4,83.5,0.52
4,83.5,0.54
4,83.5,0.56
4,83.5,0.5800000000000001
4,83.5,0.6000000000000001
4,83.5,0.6200000000000001
4,83.5,0.6400000000000001
4,83.5,0.6600000000000001
4,83.5,0.6799999999999999
4,83.5,0.7
4,83.5,0.72
4,83.5,0.74
4,83.5,0.76
4,83.5,0.78
4,83.5,0.8
4,83.5,0.8200000000000001
4,83.5,0.8400000000000001
4,83.5,0.8600000000000001
4,83.5,0.8800000000000001
4,83.5,0.9000000000000001
4,84.0,-1.0
4,84.0,-0.98
4,84.0,-0.96
4,84.0,-0.94
4,84.0,-0.92
4,84.0,-0.9
4,84.0,-0.88
4,84.0,-0.86
4,84.0,-0.84
4,84.0,-0.8200000000000001
4,84.0,-0.8
4,84.0,-0.78
4,84.0,-0.76
4,84.0,-0.74
4,84.0,-0.72
4,84.0,-0.7
4,84.0,-0.6799999999999999
4,84.0,-0.6599999999999999
4,84.0,-0.64
4,84.0,-0.62
4,84.0,-0.6
4,84.0,-0.5800000000000001
4,84.0,-0.56
4,84.0,-0.54
4,84.0,-0.52
4,84.0,-0.5
4,84.0,-0.48
4,84.0,-0.45999999999999996
4,84.0,-0.43999999999999995
4,84.0,-0.42000000000000004
4,84.0,-0.4
4,84.0,-0.38
4,84.0,-0.36
4,84.0,-0.33999999999999997
4,84.0,-0.31999999999999995
4,84.0,-0.29999999999999993
4,84.0,-0.28
4,84.0,-0.26
4,84.0,-0.24
4,84.0,-0.21999999999999997
4,84.0,-0.19999999999999996
4,84.0,-0.17999999999999994
4,84.0,-0.16000000000000003
4,84.0,-0.14
4,84.0,-0.12
4,84.0,-0.09999999999999998
4,84.0,-0.07999999999999996
4,84.0,-0.05999999999999994
4,84.0,-0.040000000000000036
4,84.0,-0.020000000000000018
4,84.0,0.0
4,84.0,0.020000000000000018
4,84.0,0.040000000000000036
4,84.0,0.06000000000000005
4,84.0,0.08000000000000007
4,84.0,0.10000000000000009
4,84.0,0.1200000000000001
4,84.0,0.14000000000000012
4,84.0,0.15999999999999992
4,84.0,0.17999999999999994
4,84.0,0.19999999999999996
4,84.0,0.21999999999999997
4,84.0,0.24
4,84.0,0.26
4,84.0,0.28
4,84.0,0.30000000000000004
4,84.0,0.32000000000000006
4,84.0,0.3400000000000001
4,84.0,0.3600000000000001
4,84.0,0.3800000000000001
4,84.0,0.40000000000000013
4,84.0,0.41999999999999993
4,84.0,0.43999999999999995
4,84.0,0.45999999999999996
4,84.0,0.48
4,84.0,0.5
4,84.0,0.52
4,84.0,0.54
4,84.0,0.56
4,84.0,0.5800000000000001
4,84.0,0.6000000000000001
4,84.0,0.6200000000000001
4,84.0,0.6400000000000001
4,84.0,0.6600000000000001
4,84.0,0.6799999999999999
4,84.0,0.7
4,84.0,0.72
4,84.0,0.74
4,84.0,0.76
4,84.0,0.78
4,84.0,0.8
4,84.0,0.8200000000000001
4,84.0,0.8400000000000001
4,84.0,0.8600000000000001
4,84.0,0.8800000000000001
4,84.5,-1.0
4,84.5,-0.98
4,84.5,-0.96
4,84.5,-0.94
4,84.5,-0.92
4,84.5,-0.9
4,84.5,-0.88
4,84.5,-0.86
4,84.5,-0.84
4,84.5,-0.8200000000000001
4,84.5,-0.8
4,84.5,-0.78
4,84.5,-0.76
4,84.5,-0.74
4,84.5,-0.72
4,84.5,-0.7
4,84.5,-0.6799999999999999
4,84.5,-0.6599999999999999
4,84.5,-0.64
4,84.5,-0.62
4,84.5,-0.6
4,84.5,-0.5800000000000001
4,84.5,-0.56
4,84.5,-0.54
4,84.5,-0.52
4,84.5,-0.5
4,84.5,-0.48
4,84.5,-0.45999999999999996
4,84.5,-0.43999999999999995
4,84.5,-0.42000000000000004
4,84.5,-0.4
4,84.5,-0.38
4,84.5,-0.36
4,84.5,-0.33999999999999997
4,84.5,-0.31999999999999995
4,84.5,-0.29999999999999993
4,84.5,-0.28
4,84.5,-0.26
4,84.5,-0.24
4,84.5,-0.21999999999999997
4,84.5,-0.19999999999999996
4,84.5,-0.17999999999999994
4,84.5,-0.16000000000000003
4,84.5,-0.14
4,84.5,-0.12
4,84.5,-0.09999999999999998
4,84.5,-0.07999999999999996
4,84.5,-0.05999999999999994
4,84.5,-0.040000000000000036
4,84.5,-0.020000000000000018
4,84.5,0.0
4,84.5,0.020000000000000018
4,84.5,0.040000000000000036
4,84.5,0.06000000000000005
4,84.5,0.08000000000000007
4,84.5,0.10000000000000009
4,84.5,0.1200000000000001
4,84.5,0.14000000000000012
4,84.5,0.15999999999999992
4,84.5,0.17999999999999994
4,84.5,0.19999999999999996
4,84.5,0.21999999999999997
4,84.5,0.24
4,84.5,0.26
4,84.5,0.28
4,84.5,0.30000000000000004
4,84.5,0.32000000000000006
4,84.5,0.3400000000000001
4,84.5,0.3600000000000001
4,84.5,0.3800000000000001
4,84.5,0.40000000000000013
4,84.5,0.41999999999999993
4,84.5,0.43999999999999995
4,84.5,0.45999999999999996
4,84.5,0.48
4,84.5,0.5
4,84.5,0.52
4,84.5,0.54
4,84.5,0.56
4,84.5,0.5800000000000001
4,84.5,0.6000000000000001
4,84.5,0.6200000000000001
4,84.5,0.6400000000000001
4,84.5,0.6600000000000001
4,84.5,0.6799999999999999
4,84.5,0.7
4,84.5,0.72
4,84.5,0.74
4,84.5,0.76
4,84.5,0.78
4,84.5,0.8
4,84.5,0.8200000000000001
4,84.5,0.8400000000000001
4,84.5,0.8600000000000001
4,85.0,-1.0
4,85.0,-0.98
4,85.0,-0.96
4,85.0,-0.94
4,85.0,-0.92
4,85.0,-0.9
4,85.0,-0.88
4,85.0,-0.86
4,85.0,-0.84
4,85.0,-0.8200000000000001
4,85.0,-0.8
4,85.0,-0.78
4,85.0,-0.76
4,85.0,-0.74
4,85.0,-0.72
4,85.0,-0.7
4,85.0,-0.6799999999999999
4,85.0,-0.6599999999999999
4,85.0,-0.64
4,85.0,-0.62
4,85.0,-0.6
4,85.0,-0.5800000000000001
4,85.0,-0.56
4,85.0,-0.54
4,85.0,-0.52
4,85.0,-0.5
4,85.0,-0.48
4,85.0,-0.45999999999999996
4,85.0,-0.43999999999999995
4,85.0,-0.42000000000000004
4,85.0,-0.4
4,85.0,-0.38
4,85.0,-0.36
4,85.0,-0.33999999999999997
4,85.0,-0.31999999999999995
4,85.0,-0.29999999999999993
4,85.0,-0.28
4,85.0,-0.26
4,85.0,-0.24
4,85.0,-0.21999999999999997
4,85.0,-0.19999999999999996
4,85.0,-0.17999999999999994
4,85.0,-0.16000000000000003
4,85.0,-0.14
4,85.0,-0.12
4,85.0,-0.09999999999999998
4,85.0,-0.07999999999999996
4,85.0,-0.05999999999999994
4,85.0,-0.040000000000000036
4,85.0,-0.020000000000000018
4,85.0,0.0
4,85.0,0.020000000000000018
4,85.0,0.040000000000000036
4,85.0,0.06000000000000005
4,85.0,0.08000000000000007
4,85.0,0.10000000000000009
4,85.0,0.1200000000000001
4,85.0,0.14000000000000012
4,85.0,0.15999999999999992
4,85.0,0.17999999999999994
4,85.0,0.19999999999999996
4,85.0,0.21999999999999997
4,85.0,0.24
4,85.0,0.26
4,85.0,0.28
4,85.0,0.30000000000000004
4,85.0,0.32000000000000006
4,85.0,0.3400000000000001
4,85.0,0.3600000000000001
4,85.0,0.3800000000000001
4,85.0,0.40000000000000013
4,85.0,0.41999999999999993
4,85.0,0.43999999999999995
4,85.0,0.45999999999999996
4,85.0,0.48
4,85.0,0.5
4,85.0,0.52
4,85.0,0.54
4,85.0,0.56
4,85.0,0.5800000000000001
4,85.0,0.6000000000000001
4,85.0,0.6200000000000001
4,85.0,0.6400000000000001
4,85.0,0.6600000000000001
4,85.0,0.6799999999999999
4,85.0,0.7
4,85.0,0.72
4,85.0,0.74
4,85.0,0.76
4,85.0,0.78
4,85.0,0.8
4,85.0,0.8200000000000001
4,85.5,-1.0
4,85.5,-0.98
4,85.5,-0.96
4,85.5,-0.94
4,85.5,-0.92
4,85.5,-0.9
4,85.5,-0.88
4,85.5,-0.86
4,85.5,-0.84
4,85.5,-0.8200000000000001
4,85.5,-0.8
4,85.5,-0.78
4,85.5,-0.76
4,85.5,-0.74
4,85.5,-0.72
4,85.5,-0.7
4,85.5,-0.6799999999999999
4,85.5,-0.6599999999999999
4,85.5,-0.64
4,85.5,-0.62
4,85.5,-0.6
4,85.5,-0.5800000000000001
4,85.5,-0.56
4,85.5,-0.54
4,85.5,-0.52
4,85.5,-0.5
4,85.5,-0.48
4,85.5,-0.45999999999999996
4,85.5,-0.43999999999999995
4,85.5,-0.42000000000000004
4,85.5,-0.4
4,85.5,-0.38
4,85.5,-0.36
4,85.5,-0.33999999999999997
4,85.5,-0.31999999999999995
4,85.5,-0.29999999999999993
4,85.5,-0.28
4,85.5,-0.26
4,85.5,-0.24
4,85.5,-0.21999999999999997
4,85.5,-0.19999999999999996
4,85.5,-0.17999999999999994
4,85.5,-0.16000000000000003
4,85.5,-0.14
4,85.5,-0.12
4,85.5,-0.09999999999999998
4,85.5,-0.07999999999999996
4,85.5,-0.05999999999999994
4,85.5,-0.040000000000000036
4,85.5,-0.020000000000000018
4,85.5,0.0
4,85.5,0.020000000000000018
4,85.5,0.040000000000000036
4,85.5,0.06000000000000005
4,85.5,0.08000000000000007
4,85.5,0.10000000000000009
4,85.5,0.1200000000000001
4,85.5,0.14000000000000012
4,85.5,0.15999999999999992
4,85.5,0.17999999999999994
4,85.5,0.19999999999999996
4,85.5,0.21999999999999997
4,85.5,0.24
4,85.5,0.26
4,85.5,0.28
4,85.5,0.30000000000000004
4,85.5,0.32000000000000006
4,85.5,0.3400000000000001
4,85.5,0.3600000000000001
4,85.5,0.3800000000000001
4,85.5,0.40000000000000013
4,85.5,0.41999999999999993
4,85.5,0.43999999999999995
4,85.5,0.45999999999999996
4,85.5,0.48
4,85.5,0.5
4,85.5,0.52
4,85.5,0.54
4,85.5,0.56
4,85.5,0.5800000000000001
4,85.5,0.6000000000000001
4,85.5,0.6200000000000001
4,85.5,0.6400000000000001
4,85.5,0.6600000000000001
4,85.5,0.6799999999999999
4,85.5,0.7
4,85.5,0.72
4,85.5,0.74
4,85.5,0.76
4,85.5,0.78
4,85.5,0.8
4,86.0,-1.0
4,86.0,-0.98
4,86.0,-0.96
4,86.0,-0.94
4,86.0,-0.92
4,86.0,-0.9
4,86.0,-0.88
4,86.0,-0.86
4,86.0,-0.84
4,86.0,-0.8200000000000001
4,86.0,-0.8
4,86.0,-0.78
4,86.0,-0.76
4,86.0,-0.74
4,86.0,-0.72
4,86.0,-0.7
4,86.0,-0.6799999999999999
4,86.0,-0.6599999999999999
4,86.0,-0.64
4,86.0,-0.62
4,86.0,-0.6
4,86.0,-0.5800000000000001
4,86.0,-0.56
4,86.0,-0.54
4,86.0,-0.52
4,86.0,-0.5
4,86.0,-0.48
4,86.0,-0.45999999999999996
4,86.0,-0.43999999999999995
4,86.0,-0.42000000000000004
4,86.0,-0.4
4,86.0,-0.38
4,86.0,-0.36
4,86.0,-0.33999999999999997
4,86.0,-0.31999999999999995
4,86.0,-0.29999999999999993
4,86.0,-0.28
4,86.0,-0.26
4,86.0,-0.24
4,86.0,-0.21999999999999997
4,86.0,-0.19999999999999996
4,86.0,-0.17999999999999994
4,86.0,-0.16000000000000003
4,86.0,-0.14
4,86.0,-0.12
4,86.0,-0.09999999999999998
4,86.0,-0.07999999999999996
4,86.0,-0.05999999999999994
4,86.0,-0.040000000000000036
4,86.0,-0.020000000000000018
4,86.0,0.0
4,86.0,0.020000000000000018
4,86.0,0.040000000000000036
4,86.0,0.06000000000000005
4,86.0,0.08000000000000007
4,86.0,0.10000000000000009
4,86.0,0.1200000000000001
4,86.0,0.14000000000000012
4,86.0,0.15999999999999992
4,86.0,0.17999999999999994
4,86.0,0.19999999999999996
4,86.0,0.21999999999999997
4,86.0,0.24
4,86.0,0.26
4,86.0,0.28
4,86.0,0.30000000000000004
4,86.0,0.32000000000000006
4,86.0,0.3400000000000001
4,86.0,0.3600000000000001
4,86.0,0.3800000000000001
4,86.0,0.40000000000000013
4,86.0,0.41999999999999993
4,86.0,0.43999999999999995
4,86.0,0.45999999999999996
4,86.0,0.48
4,86.0,0.5
4,86.0,0.52
4,86.0,0.54
4,86.0,0.56
4,86.0,0.5800000000000001
4,86.0,0.6000000000000001
4,86.0,0.6200000000000001
4,86.0,0.6400000000000001
4,86.0,0.6600000000000001
4,86.0,0.6799999999999999
4,86.0,0.7
4,86.0,0.72
4,86.0,0.74
4,86.0,0.76
4,86.0,0.78
4,86.5,-1.0
4,86.5,-0.98
4,86.5,-0.96
4,86.5,-0.94
4,86.5,-0.92
4,86.5,-0.9
4,86.5,-0.88
4,86.5,-0.86
4,86.5,-0.84
4,86.5,-0.8200000000000001
4,86.5,-0.8
4,86.5,-0.78
4,86.5,-0.76
4,86.5,-0.74
4,86.5,-0.72
4,86.5,-0.7
4,86.5,-0.6799999999999999
4,86.5,-0.6599999999999999
4,86.5,-0.64
4,86.5,-0.62
4,86.5,-0.6
4,86.5,-0.5800000000000001
4,86.5,-0.56
4,86.5,-0.54
4,86.5,-0.52
4,86.5,-0.5
4,86.5,-0.48
4,86.5,-0.45999999999999996
4,86.5,-0.43999999999999995
4,86.5,-0.42000000000000004
4,86.5,-0.4
4,86.5,-0.38
4,86.5,-0.36
4,86.5,-0.33999999999999997
4,86.5,-0.31999999999999995
4,86.5,-0.29999999999999993
4,86.5,-0.28
4,86.5,-0.26
4,86.5,-0.24
4,86.5,-0.21999999999999997
4,86.5,-0.19999999999999996
4,86.5,-0.17999999999999994
4,86.5,-0.16000000000000003
4,86.5,-0.14
4,86.5,-0.12
4,86.5,-0.09999999999999998
4,86.5,-0.07999999999999996
4,86.5,-0.05999999999999994
4,86.5,-0.040000000000000036
4,86.5,-0.020000000000000018
4,86.5,0.0
4,86.5,0.020000000000000018
4,86.5,0.040000000000000036
4,86.5,0.06000000000000005
4,86.5,0.08000000000000007
4,86.5,0.10000000000000009
4,86.5,0.1200000000000001
4,86.5,0.14000000000000012
4,86.5,0.15999999999999992
4,86.5,0.17999999999999994
4,86.5,0.19999999999999996
4,86.5,0.21999999999999997
4,86.5,0.24
4,86.5,0.26
4,86.5,0.28
4,86.5,0.30000000000000004
4,86.5,0.32000000000000006
4,86.5,0.3400000000000001
4,86.5,0.3600000000000001
4,86.5,0.3800000000000001
4,86.5,0.40000000000000013
4,86.5,0.41999999999999993
4,86.5,0.43999999999999995
4,86.5,0.45999999999999996
4,86.5,0.48
4,86.5,0.5
4,86.5,0.52
4,86.5,0.54
4,86.5,0.56
4,86.5,0.5800000000000001
4,86.5,0.6000000000000001
4,86.5,0.6200000000000001
4,86.5,0.6400000000000001
4,86.5,0.6600000000000001
4,86.5,0.6799999999999999
4,86.5,0.7
4,86.5,0.72
4,86.5,0.74
4,86.5,0.76
4,87.0,-1.0
4,87.0,-0.98
4,87.0,-0.96
4,87.0,-0.94
4,87.0,-0.92
4,87.0,-0.9
4,87.0,-0.88
4,87.0,-0.86
4,87.0,-0.84
4,87.0,-0.8200000000000001
4,87.0,-0.8
4,87.0,-0.78
4,87.0,-0.76
4,87.0,-0.74
4,87.0,-0.72
4,87.0,-0.7
4,87.0,-0.6799999999999999
4,87.0,-0.6599999999999999
4,87.0,-0.64
4,87.0,-0.62
4,87.0,-0.6
4,87.0,-0.5800000000000001
4,87.0,-0.56
4,87.0,-0.54
4,87.0,-0.52
4,87.0,-0.5
4,87.0,-0.48
4,87.0,-0.45999999999999996
4,87.0,-0.43999999999999995
4,87.0,-0.42000000000000004
4,87.0,-0.4
4,87.0,-0.38
4,87.0,-0.36
4,87.0,-0.33999999999999997
4,87.0,-0.31999999999999995
4,87.0,-0.29999999999999993
4,87.0,-0.28
4,87.0,-0.26
4,87.0,-0.24
4,87.0,-0.21999999999999997
4,87.0,-0.19999999999999996
4,87.0,-0.17999999999999994
4,87.0,-0.16000000000000003
4,87.0,-0.14
4,87.0,-0.12
4,87.0,-0.09999999999999998
4,87.0,-0.07999999999999996
4,87.0,-0.05999999999999994
4,87.0,-0.040000000000000036
4,87.0,-0.020000000000000018
4,87.0,0.0
4,87.0,0.020000000000000018
4,87.0,0.040000000000000036
4,87.0,0.06000000000000005
4,87.0,0.08000000000000007
4,87.0,0.10000000000000009
4,87.0,0.1200000000000001
4,87.0,0.14000000000000012
4,87.0,0.15999999999999992
4,87.0,0.17999999999999994
4,87.0,0.19999999999999996
4,87.0,0.21999999999999997
4,87.0,0.24
4,87.0,0.26
4,87.0,0.28
4,87.0,0.30000000000000004
4,87.0,0.32000000000000006
4,87.0,0.3400000000000001
4,87.0,0.3600000000000001
4,87.0,0.3800000000000001
4,87.0,0.40000000000000013
4,87.0,0.41999999999999993
4,87.0,0.43999999999999995
4,87.0,0.45999999999999996
4,87.0,0.48
4,87.0,0.5
4,87.0,0.52
4,87.0,0.54
4,87.0,0.56
4,87.0,0.5800000000000001
4,87.0,0.6000000000000001
4,87.0,0.6200000000000001
4,87.0,0.6400000000000001
4,87.0,0.6600000000000001
4,87.0,0.6799999999999999
4,87.0,0.7
4,87.0,0.72
4,87.0,0.74
4,87.5,-1.0
4,87.5,-0.98
4,87.5,-0.96
4,87.5,-0.94
4,87.5,-0.92
4,87.5,-0.9
4,87.5,-0.88
4,87.5,-0.86
4,87.5,-0.84
4,87.5,-0.8200000000000001
4,87.5,-0.8
4,87.5,-0.78
4,87.5,-0.76
4,87.5,-0.74
4,87.5,-0.72
4,87.5,-0.7
4,87.5,-0.6799999999999999
4,87.5,-0.6599999999999999
4,87.5,-0.64
4,87.5,-0.62
4,87.5,-0.6
4,87.5,-0.5800000000000001
4,87.5,-0.56
4,87.5,-0.54
4,87.5,-0.52
4,87.5,-0.5
4,87.5,-0.48
4,87.5,-0.45999999999999996
4,87.5,-0.43999999999999995
4,87.5,-0.42000000000000004
4,87.5,-0.4
4,87.5,-0.38
4,87.5,-0.36
4,87.5,-0.33999999999999997
4,87.5,-0.31999999999999995
4,87.5,-0.29999999999999993
4,87.5,-0.28
4,87.5,-0.26
4,87.5,-0.24
4,87.5,-0.21999999999999997
4,87.5,-0.19999999999999996
4,87.5,-0.17999999999999994
4,87.5,-0.16000000000000003
4,87.5,-0.14
4,87.5,-0.12
4,87.5,-0.09999999999999998
4,87.5,-0.07999999999999996
4,87.5,-0.05999999999999994
4,87.5,-0.040000000000000036
4,87.5,-0.020000000000000018
4,87.5,0.0
4,87.5,0.020000000000000018
4,87.5,0.040000000000000036
4,87.5,0.06000000000000005
4,87.5,0.08000000000000007
4,87.5,0.10000000000000009
4,87.5,0.1200000000000001
4,87.5,0.14000000000000012
4,87.5,0.15999999999999992
4,87.5,0.17999999999999994
4,87.5,0.19999999999999996
4,87.5,0.21999999999999997
4,87.5,0.24
4,87.5,0.26
4,87.5,0.28
4,87.5,0.30000000000000004
4,87.5,0.32000000000000006
4,87.5,0.3400000000000001
4,87.5,0.3600000000000001
4,87.5,0.3800000000000001
4,87.5,0.40000000000000013
4,87.5,0.41999999999999993
4,87.5,0.43999999999999995
4,87.5,0.45999999999999996
4,87.5,0.48
4,87.5,0.5
4,87.5,0.52
4,87.5,0.54
4,87.5,0.56
4,87.5,0.5800000000000001
4,87.5,0.6000000000000001
4,87.5,0.6200000000000001
4,87.5,0.6400000000000001
4,87.5,0.6600000000000001
4,87.5,0.6799999999999999
4,87.5,0.7
4,88.0,-1.0
4,88.0,-0.98
4,88.0,-0.96
4,88.0,-0.94
4,88.0,-0.92
4,88.0,-0.9
4,88.0,-0.88
4,88.0,-0.86
4,88.0,-0.84
4,88.0,-0.8200000000000001
4,88.0,-0.8
4,88.0,-0.78
4,88.0,-0.76
4,88.0,-0.74
4,88.0,-0.72
4,88.0,-0.7
4,88.0,-0.6799999999999999
4,88.0,-0.6599999999999999
4,88.0,-0.64
4,88.0,-0.62
4,88.0,-0.6
4,88.0,-0.5800000000000001
4,88.0,-0.56
4,88.0,-0.54
4,88.0,-0.52
4,88.0,-0.5
4,88.0,-0.48
4,88.0,-0.45999999999999996
4,88.0,-0.43999999999999995
4,88.0,-0.42000000000000004
4,88.0,-0.4
4,88.0,-0.38
4,88.0,-0.36
4,88.0,-0.33999999999999997
4,88.0,-0.31999999999999995
4,88.0,-0.29999999999999993
4,88.0,-0.28
4,88.0,-0.26
4,88.0,-0.24
4,88.0,-0.21999999999999997
4,88.0,-0.19999999999999996
4,88.0,-0.17999999999999994
4,88.0,-0.16000000000000003
4,88.0,-0.14
4,88.0,-0.12
4,88.0,-0.09999999999999998
4,88.0,-0.07999999999999996
4,88.0,-0.05999999999999994
4,88.0,-0.040000000000000036
4,88.0,-0.020000000000000018
4,88.0,0.0
4,88.0,0.020000000000000018
4,88.0,0.040000000000000036
4,88.0,0.06000000000000005
4,88.0,0.08000000000000007
4,88.0,0.10000000000000009
4,88.0,0.1200000000000001
4,88.0,0.14000000000000012
4,88.0,0.15999999999999992
4,88.0,0.17999999999999994
4,88.0,0.19999999999999996
4,88.0,0.21999999999999997
4,88.0,0.24
4,88.0,0.26
4,88.0,0.28
4,88.0,0.30000000000000004
4,88.0,0.32000000000000006
4,88.0,0.3400000000000001
4,88.0,0.3600000000000001
4,88.0,0.3800000000000001
4,88.0,0.40000000000000013
4,88.0,0.41999999999999993
4,88.0,0.43999999999999995
4,88.0,0.45999999999999996
4,88.0,0.48
4,88.0,0.5
4,88.0,0.52
4,88.0,0.54
4,88.0,0.56
4,88.0,0.5800000000000001
4,88.0,0.6000000000000001
4,88.0,0.6200000000000001
4,88.0,0.6400000000000001
4,88.0,0.6600000000000001
4,88.0,0.6799999999999999
4,88.5,-1.0
4,88.5,-0.98
4,88.5,-0.96
4,88.5,-0.94
4,88.5,-0.92
4,88.5,-0.9
4,88.5,-0.88
4,88.5,-0.86
4,88.5,-0.84
4,88.5,-0.8200000000000001
4,88.5,-0.8
4,88.5,-0.78
4,88.5,-0.76
4,88.5,-0.74
4,88.5,-0.72
4,88.5,-0.7
4,88.5,-0.6799999999999999
4,88.5,-0.6599999999999999
4,88.5,-0.64
4,88.5,-0.62
4,88.5,-0.6
4,88.5,-0.5800000000000001
4,88.5,-0.56
4,88.5,-0.54
4,88.5,-0.52
4,88.5,-0.5
4,88.5,-0.48
4,88.5,-0.45999999999999996
4,88.5,-0.43999999999999995
4,88.5,-0.42000000000000004
4,88.5,-0.4
4,88.5,-0.38
4,88.5,-0.36
4,88.5,-0.33999999999999997
4,88.5,-0.31999999999999995
4,88.5,-0.29999999999999993
4,88.5,-0.28
4,88.5,-0.26
4,88.5,-0.24
4,88.5,-0.21999999999999997
4,88.5,-0.19999999999999996
4,88.5,-0.17999999999999994
4,88.5,-0.16000000000000003
4,88.5,-0.14
4,88.5,-0.12
4,88.5,-0.09999999999999998
4,88.5,-0.07999999999999996
4,88.5,-0.05999999999999994
4,88.5,-0.040000000000000036
4,88.5,-0.020000000000000018
4,88.5,0.0
4,88.5,0.020000000000000018
4,88.5,0.040000000000000036
4,88.5,0.06000000000000005
4,88.5,0.08000000000000007
4,88.5,0.10000000000000009
4,88.5,0.1200000000000001
4,88.5,0.14000000000000012
4,88.5,0.15999999999999992
4,88.5,0.17999999999999994
4,88.5,0.19999999999999996
4,88.5,0.21999999999999997
4,88.5,0.24
4,88.5,0.26
4,88.5,0.28
4,88.5,0.30000000000000004
4,88.5,0.32000000000000006
4,88.5,0.3400000000000001
4,88.5,0.3600000000000001
4,88.5,0.3800000000000001
4,88.5,0.40000000000000013
4,88.5,0.41999999999999993
4,88.5,0.43999999999999995
4,88.5,0.45999999999999996
4,88.5,0.48
4,88.5,0.5
4,88.5,0.52
4,88.5,0.54
4,88.5,0.56
4,88.5,0.5800000000000001
4,88.5,0.6000000000000001
4,88.5,0.6200000000000001
4,88.5,0.6400000000000001
4,88.5,0.6600000000000001
4,89.0,-1.0
4,89.0,-0.98
4,89.0,-0.96
4,89.0,-0.94
4,89.0,-0.92
4,89.0,-0.9
4,89.0,-0.88
4,89.0,-0.86
4,89.0,-0.84
4,89.0,-0.8200000000000001
4,89.0,-0.8
4,89.0,-0.78
4,89.0,-0.76
4,89.0,-0.74
4,89.0,-0.72
4,89.0,-0.7
4,89.0,-0.6799999999999999
4,89.0,-0.6599999999999999
4,89.0,-0.64
4,89.0,-0.62
4,89.0,-0.6
4,89.0,-0.5800000000000001
4,89.0,-0.56
4,89.0,-0.54
4,89.0,-0.52
4,89.0,-0.5
4,89.0,-0.48
4,89.0,-0.45999999999999996
4,89.0,-0.43999999999999995
4,89.0,-0.42000000000000004
4,89.0,-0.4
4,89.0,-0.38
4,89.0,-0.36
4,89.0,-0.33999999999999997
4,89.0,-0.31999999999999995
4,89.0,-0.29999999999999993
4,89.0,-0.28
4,89.0,-0.26
4,89.0,-0.24
4,89.0,-0.21999999999999997
4,89.0,-0.19999999999999996
4,89.0,-0.17999999999999994
4,89.0,-0.16000000000000003
4,89.0,-0.14
4,89.0,-0.12
4,89.0,-0.09999999999999998
4,89.0,-0.07999999999999996
4,89.0,-0.05999999999999994
4,89.0,-0.040000000000000036
4,89.0,-0.020000000000000018
4,89.0,0.0
4,89.0,0.020000000000000018
4,89.0,0.040000000000000036
4,89.0,0.06000000000000005
4,89.0,0.08000000000000007
4,89.0,0.10000000000000009
4,89.0,0.1200000000000001
4,89.0,0.14000000000000012
4,89.0,0.15999999999999992
4,89.0,0.17999999999999994
4,89.0,0.19999999999999996
4,89.0,0.21999999999999997
4,89.0,0.24
4,89.0,0.26
4,89.0,0.28
4,89.0,0.30000000000000004
4,89.0,0.32000000000000006
4,89.0,0.3400000000000001
4,89.0,0.3600000000000001
4,89.0,0.3800000000000001
4,89.0,0.40000000000000013
4,89.0,0.41999999999999993
4,89.0,0.43999999999999995
4,89.0,0.45999999999999996
4,89.0,0.48
4,89.0,0.5
4,89.0,0.52
4,89.0,0.54
4,89.0,0.56
4,89.0,0.5800000000000001
4,89.0,0.6000000000000001
4,89.0,0.6200000000000001
4,89.5,-1.0
4,89.5,-0.98
4,89.5,-0.96
4,89.5,-0.94
4,89.5,-0.92
4,89.5,-0.9
4,89.5,-0.88
4,89.5,-0.86
4,89.5,-0.84
4,89.5,-0.8200000000000001
4,89.5,-0.8
4,89.5,-0.78
4,89.5,-0.76
4,89.5,-0.74
4,89.5,-0.72
4,89.5,-0.7
4,89.5,-0.6799999999999999
4,89.5,-0.6599999999999999
4,89.5,-0.64
4,89.5,-0.62
4,89.5,-0.6
4,89.5,-0.5800000000000001
4,89.5,-0.56
4,89.5,-0.54
4,89.5,-0.52
4,89.5,-0.5
4,89.5,-0.48
4,89.5,-0.45999999999999996
4,89.5,-0.43999999999999995
4,89.5,-0.42000000000000004
4,89.5,-0.4
4,89.5,-0.38
4,89.5,-0.36
4,89.5,-0.33999999999999997
4,89.5,-0.31999999999999995
4,89.5,-0.29999999999999993
4,89.5,-0.28
4,89.5,-0.26
4,89.5,-0.24
4,89.5,-0.21999999999999997
4,89.5,-0.19999999999999996
4,89.5,-0.17999999999999994
4,89.5,-0.16000000000000003
4,89.5,-0.14
4,89.5,-0.12
4,89.5,-0.09999999999999998
4,89.5,-0.07999999999999996
4,89.5,-0.05999999999999994
4,89.5,-0.040000000000000036
4,89.5,-0.020000000000000018
4,89.5,0.0
4,89.5,0.020000000000000018
4,89.5,0.040000000000000036
4,89.5,0.06000000000000005
4,89.5,0.08000000000000007
4,89.5,0.10000000000000009
4,89.5,0.1200000000000001
4,89.5,0.14000000000000012
4,89.5,0.15999999999999992
4,89.5,0.17999999999999994
4,89.5,0.19999999999999996
4,89.5,0.21999999999999997
4,89.5,0.24
4,89.5,0.26
4,89.5,0.28
4,89.5,0.30000000000000004
4,89.5,0.32000000000000006
4,89.5,0.3400000000000001
4,89.5,0.3600000000000001
4,89.5,0.3800000000000001
4,89.5,0.40000000000000013
4,89.5,0.41999999999999993
4,89.5,0.43999999999999995
4,89.5,0.45999999999999996
4,89.5,0.48
4,89.5,0.5
4,89.5,0.52
4,89.5,0.54
4,89.5,0.56
4,89.5,0.5800000000000001
4,89.5,0.6000000000000001
4,90.0,-1.0
4,90.0,-0.98
4,90.0,-0.96
4,90.0,-0.94
4,90.0,-0.92
4,90.0,-0.9
4,90.0,-0.88
4,90.0,-0.86
4,90.0,-0.84
4,90.0,-0.8200000000000001
4,90.0,-0.8
4,90.0,-0.78
4,90.0,-0.76
4,90.0,-0.74
4,90.0,-0.72
4,90.0,-0.7
4,90.0,-0.6799999999999999
4,90.0,-0.6599999999999999
4,90.0,-0.64
4,90.0,-0.62
4,90.0,-0.6
4,90.0,-0.5800000000000001
4,90.0,-0.56
4,90.0,-0.54
4,90.0,-0.52
4,90.0,-0.5
4,90.0,-0.48
4,90.0,-0.45999999999999996
4,90.0,-0.43999999999999995
4,90.0,-0.42000000000000004
4,90.0,-0.4
4,90.0,-0.38
4,90.0,-0.36
4,90.0,-0.33999999999999997
4,90.0,-0.31999999999999995
4,90.0,-0.29999999999999993
4,90.0,-0.28
4,90.0,-0.26
4,90.0,-0.24
4,90.0,-0.21999999999999997
4,90.0,-0.19999999999999996
4,90.0,-0.17999999999999994
4,90.0,-0.16000000000000003
4,90.0,-0.14
4,90.0,-0.12
4,90.0,-0.09999999999999998
4,90.0,-0.07999999999999996
4,90.0,-0.05999999999999994
4,90.0,-0.040000000000000036
4,90.0,-0.020000000000000018
4,90.0,0.0
4,90.0,0.020000000000000018
4,90.0,0.040000000000000036
4,90.0,0.06000000000000005
4,90.0,0.08000000000000007
4,90.0,0.10000000000000009
4,90.0,0.1200000000000001
4,90.0,0.14000000000000012
4,90.0,0.15999999999999992
4,90.0,0.17999999999999994
4,90.0,0.19999999999999996
4,90.0,0.21999999999999997
4,90.0,0.24
4,90.0,0.26
4,90.0,0.28
4,90.0,0.30000000000000004
4,90.0,0.32000000000000006
4,90.0,0.3400000000000001
4,90.0,0.3600000000000001
4,90.0,0.3800000000000001
4,90.0,0.40000000000000013
4,90.0,0.41999999999999993
4,90.0,0.43999999999999995
4,90.0,0.45999999999999996
4,90.0,0.48
4,90.0,0.5
4,90.0,0.52
4,90.0,0.54
4,90.0,0.56
4,90.0,0.5800000000000001
4,90.5,-1.0
4,90.5,-0.98
4,90.5,-0.96
4,90.5,-0.94
4,90.5,-0.92
4,90.5,-0.9
4,90.5,-0.88
4,90.5,-0.86
4,90.5,-0.84
4,90.5,-0.8200000000000001
4,90.5,-0.8
4,90.5,-0.78
4,90.5,-0.76
4,90.5,-0.74
4,90.5,-0.72
4,90.5,-0.7
4,90.5,-0.6799999999999999
4,90.5,-0.6599999999999999
4,90.5,-0.64
4,90.5,-0.62
4,90.5,-0.6
4,90.5,-0.5800000000000001
4,90.5,-0.56
4,90.5,-0.54
4,90.5,-0.52
4,90.5,-0.5
4,90.5,-0.48
4,90.5,-0.45999999999999996
4,90.5,-0.43999999999999995
4,90.5,-0.42000000000000004
4,90.5,-0.4
4,90.5,-0.38
4,90.5,-0.36
4,90.5,-0.33999999999999997
4,90.5,-0.31999999999999995
4,90.5,-0.29999999999999993
4,90.5,-0.28
4,90.5,-0.26
4,90.5,-0.24
4,90.5,-0.21999999999999997
4,90.5,-0.19999999999999996
4,90.5,-0.17999999999999994
4,90.5,-0.16000000000000003
4,90.5,-0.14
4,90.5,-0.12
4,90.5,-0.09999999999999998
4,90.5,-0.07999999999999996
4,90.5,-0.05999999999999994
4,90.5,-0.040000000000000036
4,90.5,-0.020000000000000018
4,90.5,0.0
4,90.5,0.020000000000000018
4,90.5,0.040000000000000036
4,90.5,0.06000000000000005
4,90.5,0.08000000000000007
4,90.5,0.10000000000000009
4,90.5,0.1200000000000001
4,90.5,0.14000000000000012
4,90.5,0.15999999999999992
4,90.5,0.17999999999999994
4,90.5,0.19999999999999996
4,90.5,0.21999999999999997
4,90.5,0.24
4,90.5,0.26
4,90.5,0.28
4,90.5,0.30000000000000004
4,90.5,0.32000000000000006
4,90.5,0.3400000000000001
4,90.5,0.3600000000000001
4,90.5,0.3800000000000001
4,90.5,0.40000000000000013
4,90.5,0.41999999999999993
4,90.5,0.43999999999999995
4,90.5,0.45999999999999996
4,90.5,0.48
4,90.5,0.5
4,90.5,0.52
4,90.5,0.54
4,91.0,-1.0
4,91.0,-0.98
4,91.0,-0.96
4,91.0,-0.94
4,91.0,-0.92
4,91.0,-0.9
4,91.0,-0.88
4,91.0,-0.86
4,91.0,-0.84
4,91.0,-0.8200000000000001
4,91.0,-0.8
4,91.0,-0.78
4,91.0,-0.76
4,91.0,-0.74
4,91.0,-0.72
4,91.0,-0.7
4,91.0,-0.6799999999999999
4,91.0,-0.6599999999999999
4,91.0,-0.64
4,91.0,-0.62
4,91.0,-0.6
4,91.0,-0.5800000000000001
4,91.0,-0.56
4,91.0,-0.54
4,91.0,-0.52
4,91.0,-0.5
4,91.0,-0.48
4,91.0,-0.45999999999999996
4,91.0,-0.43999999999999995
4,91.0,-0.42000000000000004
4,91.0,-0.4
4,91.0,-0.38
4,91.0,-0.36
4,91.0,-0.33999999999999997
4,91.0,-0.31999999999999995
4,91.0,-0.29999999999999993
4,91.0,-0.28
4,91.0,-0.26
4,91.0,-0.24
4,91.0,-0.21999999999999997
4,91.0,-0.19999999999999996
4,91.0,-0.17999999999999994
4,91.0,-0.16000000000000003
4,91.0,-0.14
4,91.0,-0.12
4,91.0,-0.09999999999999998
4,91.0,-0.07999999999999996
4,91.0,-0.05999999999999994
4,91.0,-0.040000000000000036
4,91.0,-0.020000000000000018
4,91.0,0.0
4,91.0,0.020000000000000018
4,91.0,0.040000000000000036
4,91.0,0.06000000000000005
4,91.0,0.08000000000000007
4,91.0,0.10000000000000009
4,91.0,0.1200000000000001
4,91.0,0.14000000000000012
4,91.0,0.15999999999999992
4,91.0,0.17999999999999994
4,91.0,0.19999999999999996
4,91.0,0.21999999999999997
4,91.0,0.24
4,91.0,0.26
4,91.0,0.28
4,91.0,0.30000000000000004
4,91.0,0.32000000000000006
4,91.0,0.3400000000000001
4,91.0,0.3600000000000001
4,91.0,0.3800000000000001
4,91.0,0.40000000000000013
4,91.0,0.41999999999999993
4,91.0,0.43999999999999995
4,91.0,0.45999999999999996
4,91.0,0.48
4,91.0,0.5
4,91.0,0.52
4,91.5,-1.0
4,91.5,-0.98
4,91.5,-0.96
4,91.5,-0.94
4,91.5,-0.92
4,91.5,-0.9
4,91.5,-0.88
4,91.5,-0.86
4,91.5,-0.84
4,91.5,-0.8200000000000001
4,91.5,-0.8
4,91.5,-0.78
4,91.5,-0.76
4,91.5,-0.74
4,91.5,-0.72
4,91.5,-0.7
4,91.5,-0.6799999999999999
4,91.5,-0.6599999999999999
4,91.5,-0.64
4,91.5,-0.62
4,91.5,-0.6
4,91.5,-0.5800000000000001
4,91.5,-0.56
4,91.5,-0.54
4,91.5,-0.52
4,91.5,-0.5
4,91.5,-0.48
4,91.5,-0.45999999999999996
4,91.5,-0.43999999999999995
4,91.5,-0.42000000000000004
4,91.5,-0.4
4,91.5,-0.38
4,91.5,-0.36
4,91.5,-0.33999999999999997
4,91.5,-0.31999999999999995
4,91.5,-0.29999999999999993
4,91.5,-0.28
4,91.5,-0.26
4,91.5,-0.24
4,91.5,-0.21999999999999997
4,91.5,-0.19999999999999996
4,91.5,-0.17999999999999994
4,91.5,-0.16000000000000003
4,91.5,-0.14
4,91.5,-0.12
4,91.5,-0.09999999999999998
4,91.5,-0.07999999999999996
4,91.5,-0.05999999999999994
4,91.5,-0.040000000000000036
4,91.5,-0.020000000000000018
4,91.5,0.0
4,91.5,0.020000000000000018
4,91.5,0.040000000000000036
4,91.5,0.06000000000000005
4,91.5,0.08000000000000007
4,91.5,0.10000000000000009
4,91.5,0.1200000000000001
4,91.5,0.14000000000000012
4,91.5,0.15999999999999992
4,91.5,0.17999999999999994
4,91.5,0.19999999999999996
4,91.5,0.21999999999999997
4,91.5,0.24
4,91.5,0.26
4,91.5,0.28
4,91.5,0.30000000000000004
4,91.5,0.32000000000000006
4,91.5,0.3400000000000001
4,91.5,0.3600000000000001
4,91.5,0.3800000000000001
4,91.5,0.40000000000000013
4,91.5,0.41999999999999993
4,91.5,0.43999999999999995
4,91.5,0.45999999999999996
4,91.5,0.48
4,91.5,0.5
4,92.0,-1.0
4,92.0,-0.98
4,92.0,-0.96
4,92.0,-0.94
4,92.0,-0.92
4,92.0,-0.9
4,92.0,-0.88
4,92.0,-0.86
4,92.0,-0.84
4,92.0,-0.8200000000000001
4,92.0,-0.8
4,92.0,-0.78
4,92.0,-0.76
4,92.0,-0.74
4,92.0,-0.72
4,92.0,-0.7
4,92.0,-0.6799999999999999
4,92.0,-0.6599999999999999
4,92.0,-0.64
4,92.0,-0.62
4,92.0,-0.6
4,92.0,-0.5800000000000001
4,92.0,-0.56
4,92.0,-0.54
4,92.0,-0.52
4,92.0,-0.5
4,92.0,-0.48
4,92.0,-0.45999999999999996
4,92.0,-0.43999999999999995
4,92.0,-0.42000000000000004
4,92.0,-0.4
4,92.0,-0.38
4,92.0,-0.36
4,92.0,-0.33999999999999997
4,92.0,-0.31999999999999995
4,92.0,-0.29999999999999993
4,92.0,-0.28
4,92.0,-0.26
4,92.0,-0.24
4,92.0,-0.21999999999999997
4,92.0,-0.19999999999999996
4,92.0,-0.17999999999999994
4,92.0,-0.16000000000000003
4,92.0,-0.14
4,92.0,-0.12
4,92.0,-0.09999999999999998
4,92.0,-0.07999999999999996
4,92.0,-0.05999999999999994
4,92.0,-0.040000000000000036
4,92.0,-0.020000000000000018
4,92.0,0.0
4,92.0,0.020000000000000018
4,92.0,0.040000000000000036
4,92.0,0.06000000000000005
4,92.0,0.08000000000000007
4,92.0,0.10000000000000009
4,92.0,0.1200000000000001
4,92.0,0.14000000000000012
4,92.0,0.15999999999999992
4,92.0,0.17999999999999994
4,92.0,0.19999999999999996
4,92.0,0.21999999999999997
4,92.0,0.24
4,92.0,0.26
4,92.0,0.28
4,92.0,0.30000000000000004
4,92.0,0.32000000000000006
4,92.0,0.3400000000000001
4,92.0,0.3600000000000001
4,92.0,0.3800000000000001
4,92.0,0.40000000000000013
4,92.0,0.41999999999999993
4,92.0,0.43999999999999995
4,92.0,0.45999999999999996
4,92.5,-1.0
4,92.5,-0.98
4,92.5,-0.96
4,92.5,-0.94
4,92.5,-0.92
4,92.5,-0.9
4,92.5,-0.88
4,92.5,-0.86
4,92.5,-0.84
4,92.5,-0.8200000000000001
4,92.5,-0.8
4,92.5,-0.78
4,92.5,-0.76
4,92.5,-0.74
4,92.5,-0.72
4,92.5,-0.7
4,92.5,-0.6799999999999999
4,92.5,-0.6599999999999999
4,92.5,-0.64
4,92.5,-0.62
4,92.5,-0.6
4,92.5,-0.5800000000000001
4,92.5,-0.56
4,92.5,-0.54
4,92.5,-0.52
4,92.5,-0.5
4,92.5,-0.48
4,92.5,-0.45999999999999996
4,92.5,-0.43999999999999995
4,92.5,-0.42000000000000004
4,92.5,-0.4
4,92.5,-0.38
4,92.5,-0.36
4,92.5,-0.33999999999999997
4,92.5,-0.31999999999999995
4,92.5,-0.29999999999999993
4,92.5,-0.28
4,92.5,-0.26
4,92.5,-0.24
4,92.5,-0.21999999999999997
4,92.5,-0.19999999999999996
4,92.5,-0.17999999999999994
4,92.5,-0.16000000000000003
4,92.5,-0.14
4,92.5,-0.12
4,92.5,-0.09999999999999998
4,92.5,-0.07999999999999996
4,92.5,-0.05999999999999994
4,92.5,-0.040000000000000036
4,92.5,-0.020000000000000018
4,92.5,0.0
4,92.5,0.020000000000000018
4,92.5,0.040000000000000036
4,92.5,0.06000000000000005
4,92.5,0.08000000000000007
4,92.5,0.10000000000000009
4,92.5,0.1200000000000001
4,92.5,0.14000000000000012
4,92.5,0.15999999999999992
4,92.5,0.17999999999999994
4,92.5,0.19999999999999996
4,92.5,0.21999999999999997
4,92.5,0.24
4,92.5,0.26
4,92.5,0.28
4,92.5,0.30000000000000004
4,92.5,0.32000000000000006
4,92.5,0.3400000000000001
4,92.5,0.3600000000000001
4,92.5,0.3800000000000001
4,92.5,0.40000000000000013
4,92.5,0.41999999999999993
4,92.5,0.43999999999999995
4,93.0,-1.0
4,93.0,-0.98
4,93.0,-0.96
4,93.0,-0.94
4,93.0,-0.92
4,93.0,-0.9
4,93.0,-0.88
4,93.0,-0.86
4,93.0,-0.84
4,93.0,-0.8200000000000001
4,93.0,-0.8
4,93.0,-0.78
4,93.0,-0.76
4,93.0,-0.74
4,93.0,-0.72
4,93.0,-0.7
4,93.0,-0.6799999999999999
4,93.0,-0.6599999999999999
4,93.0,-0.64
4,93.0,-0.62
4,93.0,-0.6
4,93.0,-0.5800000000000001
4,93.0,-0.56
4,93.0,-0.54
4,93.0,-0.52
4,93.0,-0.5
4,93.0,-0.48
4,93.0,-0.45999999999999996
4,93.0,-0.43999999999999995
4,93.0,-0.42000000000000004
4,93.0,-0.4
4,93.0,-0.38
4,93.0,-0.36
4,93.0,-0.33999999999999997
4,93.0,-0.31999999999999995
4,93.0,-0.29999999999999993
4,93.0,-0.28
4,93.0,-0.26
4,93.0,-0.24
4,93.0,-0.21999999999999997
4,93.0,-0.19999999999999996
4,93.0,-0.17999999999999994
4,93.0,-0.16000000000000003
4,93.0,-0.14
4,93.0,-0.12
4,93.0,-0.09999999999999998
4,93.0,-0.07999999999999996
4,93.0,-0.05999999999999994
4,93.0,-0.040000000000000036
4,93.0,-0.020000000000000018
4,93.0,0.0
4,93.0,0.020000000000000018
4,93.0,0.040000000000000036
4,93.0,0.06000000000000005
4,93.0,0.08000000000000007
4,93.0,0.10000000000000009
4,93.0,0.1200000000000001
4,93.0,0.14000000000000012
4,93.0,0.15999999999999992
4,93.0,0.17999999999999994
4,93.0,0.19999999999999996
4,93.0,0.21999999999999997
4,93.0,0.24
4,93.0,0.26
4,93.0,0.28
4,93.0,0.30000000000000004
4,93.0,0.32000000000000006
4,93.0,0.3400000000000001
4,93.0,0.3600000000000001
4,93.0,0.3800000000000001
4,93.0,0.40000000000000013
4,93.0,0.41999999999999993
4,93.5,-1.0
4,93.5,-0.98
4,93.5,-0.96
4,93.5,-0.94
4,93.5,-0.92
4,93.5,-0.9
4,93.5,-0.88
4,93.5,-0.86
4,93.5,-0.84
4,93.5,-0.8200000000000001
4,93.5,-0.8
4,93.5,-0.78
4,93.5,-0.76
4,93.5,-0.74
4,93.5,-0.72
4,93.5,-0.7
4,93.5,-0.6799999999999999
4,93.5,-0.6599999999999999
4,93.5,-0.64
4,93.5,-0.62
4,93.5,-0.6
4,93.5,-0.5800000000000001
4,93.5,-0.56
4,93.5,-0.54
4,93.5,-0.52
4,93.5,-0.5
4,93.5,-0.48
4,93.5,-0.45999999999999996
4,93.5,-0.43999999999999995
4,93.5,-0.42000000000000004
4,93.5,-0.4
4,93.5,-0.38
4,93.5,-0.36
4,93.5,-0.33999999999999997
4,93.5,-0.31999999999999995
4,93.5,-0.29999999999999993
4,93.5,-0.28
4,93.5,-0.26
4,93.5,-0.24
4,93.5,-0.21999999999999997
4,93.5,-0.19999999999999996
4,93.5,-0.17999999999999994
4,93.5,-0.16000000000000003
4,93.5,-0.14
4,93.5,-0.12
4,93.5,-0.09999999999999998
4,93.5,-0.07999999999999996
4,93.5,-0.05999999999999994
4,93.5,-0.040000000000000036
4,93.5,-0.020000000000000018
4,93.5,0.0
4,93.5,0.020000000000000018
4,93.5,0.040000000000000036
4,93.5,0.06000000000000005
4,93.5,0.08000000000000007
4,93.5,0.10000000000000009
4,93.5,0.1200000000000001
4,93.5,0.14000000000000012
4,93.5,0.15999999999999992
4,93.5,0.17999999999999994
4,93.5,0.19999999999999996
4,93.5,0.21999999999999997
4,93.5,0.24
4,93.5,0.26
4,93.5,0.28
4,93.5,0.30000000000000004
4,93.5,0.32000000000000006
4,93.5,0.3400000000000001
4,93.5,0.3600000000000001
4,93.5,0.3800000000000001
4,94.0,-1.0
4,94.0,-0.98
4,94.0,-0.96
4,94.0,-0.94
4,94.0,-0.92
4,94.0,-0.9
4,94.0,-0.88
4,94.0,-0.86
4,94.0,-0.84
4,94.0,-0.8200000000000001
4,94.0,-0.8
4,94.0,-0.78
4,94.0,-0.76
4,94.0,-0.74
4,94.0,-0.72
4,94.0,-0.7
4,94.0,-0.6799999999999999
4,94.0,-0.6599999999999999
4,94.0,-0.64
4,94.0,-0.62
4,94.0,-0.6
4,94.0,-0.5800000000000001
4,94.0,-0.56
4,94.0,-0.54
4,94.0,-0.52
4,94.0,-0.5
4,94.0,-0.48
4,94.0,-0.45999999999999996
4,94.0,-0.43999999999999995
4,94.0,-0.42000000000000004
4,94.0,-0.4
4,94.0,-0.38
4,94.0,-0.36
4,94.0,-0.33999999999999997
4,94.0,-0.31999999999999995
4,94.0,-0.29999999999999993
4,94.0,-0.28
4,94.0,-0.26
4,94.0,-0.24
4,94.0,-0.21999999999999997
4,94.0,-0.19999999999999996
4,94.0,-0.17999999999999994
4,94.0,-0.16000000000000003
4,94.0,-0.14
4,94.0,-0.12
4,94.0,-0.09999999999999998
4,94.0,-0.07999999999999996
4,94.0,-0.05999999999999994
4,94.0,-0.040000000000000036
4,94.0,-0.020000000000000018
4,94.0,0.0
4,94.0,0.020000000000000018
4,94.0,0.040000000000000036
4,94.0,0.06000000000000005
4,94.0,0.08000000000000007
4,94.0,0.10000000000000009
4,94.0,0.1200000000000001
4,94.0,0.14000000000000012
4,94.0,0.15999999999999992
4,94.0,0.17999999999999994
4,94.0,0.19999999999999996
4,94.0,0.21999999999999997
4,94.0,0.24
4,94.0,0.26
4,94.0,0.28
4,94.0,0.30000000000000004
4,94.0,0.32000000000000006
4,94.0,0.3400000000000001
4,94.0,0.3600000000000001
4,94.5,-1.0
4,94.5,-0.98
4,94.5,-0.96
4,94.5,-0.94
4,94.5,-0.92
4,94.5,-0.9
4,94.5,-0.88
4,94.5,-0.86
4,94.5,-0.84
4,94.5,-0.8200000000000001
4,94.5,-0.8
4,94.5,-0.78
4,94.5,-0.76
4,94.5,-0.74
4,94.5,-0.72
4,94.5,-0.7
4,94.5,-0.6799999999999999
4,94.5,-0.6599999999999999
4,94.5,-0.64
4,94.5,-0.62
4,94.5,-0.6
4,94.5,-0.5800000000000001
4,94.5,-0.56
4,94.5,-0.54
4,94.5,-0.52
4,94.5,-0.5
4,94.5,-0.48
4,94.5,-0.45999999999999996
4,94.5,-0.43999999999999995
4,94.5,-0.42000000000000004
4,94.5,-0.4
4,94.5,-0.38
4,94.5,-0.36
4,94.5,-0.33999999999999997
4,94.5,-0.31999999999999995
4,94.5,-0.29999999999999993
4,94.5,-0.28
4,94.5,-0.26
4,94.5,-0.24
4,94.5,-0.21999999999999997
4,94.5,-0.19999999999999996
4,94.5,-0.17999999999999994
4,94.5,-0.16000000000000003
4,94.5,-0.14
4,94.5,-0.12
4,94.5,-0.09999999999999998
4,94.5,-0.07999999999999996
4,94.5,-0.05999999999999994
4,94.5,-0.040000000000000036
4,94.5,-0.020000000000000018
4,94.5,0.0
4,94.5,0.020000000000000018
4,94.5,0.040000000000000036
4,94.5,0.06000000000000005
4,94.5,0.08000000000000007
4,94.5,0.10000000000000009
4,94.5,0.1200000000000001
4,94.5,0.14000000000000012
4,94.5,0.15999999999999992
4,94.5,0.17999999999999994
4,94.5,0.19999999999999996
4,94.5,0.21999999999999997
4,94.5,0.24
4,94.5,0.26
4,94.5,0.28
4,94.5,0.30000000000000004
4,94.5,0.32000000000000006
4,94.5,0.3400000000000001
4,95.0,-1.0
4,95.0,-0.98
4,95.0,-0.96
4,95.0,-0.94
4,95.0,-0.92
4,95.0,-0.9
4,95.0,-0.88
4,95.0,-0.86
4,95.0,-0.84
4,95.0,-0.8200000000000001
4,95.0,-0.8
4,95.0,-0.78
4,95.0,-0.76
4,95.0,-0.74
4,95.0,-0.72
4,95.0,-0.7
4,95.0,-0.6799999999999999
4,95.0,-0.6599999999999999
4,95.0,-0.64
4,95.0,-0.62
4,95.0,-0.6
4,95.0,-0.5800000000000001
4,95.0,-0.56
4,95.0,-0.54
4,95.0,-0.52
4,95.0,-0.5
4,95.0,-0.48
4,95.0,-0.45999999999999996
4,95.0,-0.43999999999999995
4,95.0,-0.42000000000000004
4,95.0,-0.4
4,95.0,-0.38
4,95.0,-0.36
4,95.0,-0.33999999999999997
4,95.0,-0.31999999999999995
4,95.0,-0.29999999999999993
4,95.0,-0.28
4,95.0,-0.26
4,95.0,-0.24
4,95.0,-0.21999999999999997
4,95.0,-0.19999999999999996
4,95.0,-0.17999999999999994
4,95.0,-0.16000000000000003
4,95.0,-0.14
4,95.0,-0.12
4,95.0,-0.09999999999999998
4,95.0,-0.07999999999999996
4,95.0,-0.05999999999999994
4,95.0,-0.040000000000000036
4,95.0,-0.020000000000000018
4,95.0,0.0
4,95.0,0.020000000000000018
4,95.0,0.040000000000000036
4,95.0,0.06000000000000005
4,95.0,0.08000000000000007
4,95.0,0.10000000000000009
4,95.0,0.1200000000000001
4,95.0,0.14000000000000012
4,95.0,0.15999999999999992
4,95.0,0.17999999999999994
4,95.0,0.19999999999999996
4,95.0,0.21999999999999997
4,95.0,0.24
4,95.0,0.26
4,95.0,0.28
4,95.0,0.30000000000000004
4,95.5,-1.0
4,95.5,-0.98
4,95.5,-0.96
4,95.5,-0.94
4,95.5,-0.92
4,95.5,-0.9
4,95.5,-0.88
4,95.5,-0.86
4,95.5,-0.84
4,95.5,-0.8200000000000001
4,95.5,-0.8
4,95.5,-0.78
4,95.5,-0.76
4,95.5,-0.74
4,95.5,-0.72
4,95.5,-0.7
4,95.5,-0.6799999999999999
4,95.5,-0.6599999999999999
4,95.5,-0.64
4,95.5,-0.62
4,95.5,-0.6
4,95.5,-0.5800000000000001
4,95.5,-0.56
4,95.5,-0.54
4,95.5,-0.52
4,95.5,-0.5
4,95.5,-0.48
4,95.5,-0.45999999999999996
4,95.5,-0.43999999999999995
4,95.5,-0.42000000000000004
4,95.5,-0.4
4,95.5,-0.38
4,95.5,-0.36
4,95.5,-0.33999999999999997
4,95.5,-0.31999999999999995
4,95.5,-0.29999999999999993
4,95.5,-0.28
4,95.5,-0.26
4,95.5,-0.24
4,95.5,-0.21999999999999997
4,95.5,-0.19999999999999996
4,95.5,-0.17999999999999994
4,95.5,-0.16000000000000003
4,95.5,-0.14
4,95.5,-0.12
4,95.5,-0.09999999999999998
4,95.5,-0.07999999999999996
4,95.5,-0.05999999999999994
4,95.5,-0.040000000000000036
4,95.5,-0.020000000000000018
4,95.5,0.0
4,95.5,0.020000000000000018
4,95.5,0.040000000000000036
4,95.5,0.06000000000000005
4,95.5,0.08000000000000007
4,95.5,0.10000000000000009
4,95.5,0.1200000000000001
4,95.5,0.14000000000000012
4,95.5,0.15999999999999992
4,95.5,0.17999999999999994
4,95.5,0.19999999999999996
4,95.5,0.21999999999999997
4,95.5,0.24
4,95.5,0.26
4,95.5,0.28
4,96.0,-1.0
4,96.0,-0.98
4,96.0,-0.96
4,96.0,-0.94
4,96.0,-0.92
4,96.0,-0.9
4,96.0,-0.88
4,96.0,-0.86
4,96.0,-0.84
4,96.0,-0.8200000000000001
4,96.0,-0.8
4,96.0,-0.78
4,96.0,-0.76
4,96.0,-0.74
4,96.0,-0.72
4,96.0,-0.7
4,96.0,-0.6799999999999999
4,96.0,-0.6599999999999999
4,96.0,-0.64
4,96.0,-0.62
4,96.0,-0.6
4,96.0,-0.5800000000000001
4,96.0,-0.56
4,96.0,-0.54
4,96.0,-0.52
4,96.0,-0.5
4,96.0,-0.48
4,96.0,-0.45999999999999996
4,96.0,-0.43999999999999995
4,96.0,-0.42000000000000004
4,96.0,-0.4
4,96.0,-0.38
4,96.0,-0.36
4,96.0,-0.33999999999999997
4,96.0,-0.31999999999999995
4,96.0,-0.29999999999999993
4,96.0,-0.28
4,96.0,-0.26
4,96.0,-0.24
4,96.0,-0.21999999999999997
4,96.0,-0.19999999999999996
4,96.0,-0.17999999999999994
4,96.0,-0.16000000000000003
4,96.0,-0.14
4,96.0,-0.12
4,96.0,-0.09999999999999998
4,96.0,-0.07999999999999996
4,96.0,-0.05999999999999994
4,96.0,-0.040000000000000036
4,96.0,-0.020000000000000018
4,96.0,0.0
4,96.0,0.020000000000000018
4,96.0,0.040000000000000036
4,96.0,0.06000000000000005
4,96.0,0.08000000000000007
4,96.0,0.10000000000000009
4,96.0,0.1200000000000001
4,96.0,0.14000000000000012
4,96.0,0.15999999999999992
4,96.0,0.17999999999999994
4,96.0,0.19999999999999996
4,96.0,0.21999999999999997
4,96.0,0.24
4,96.0,0.26
4,96.5,-1.0
4,96.5,-0.98
4,96.5,-0.96
4,96.5,-0.94
4,96.5,-0.92
4,96.5,-0.9
4,96.5,-0.88
4,96.5,-0.86
4,96.5,-0.84
4,96.5,-0.8200000000000001
4,96.5,-0.8
4,96.5,-0.78
4,96.5,-0.76
4,96.5,-0.74
4,96.5,-0.72
4,96.5,-0.7
4,96.5,-0.6799999999999999
4,96.5,-0.6599999999999999
4,96.5,-0.64
4,96.5,-0.62
4,96.5,-0.6
4,96.5,-0.5800000000000001
4,96.5,-0.56
4,96.5,-0.54
4,96.5,-0.52
4,96.5,-0.5
4,96.5,-0.48
4,96.5,-0.45999999999999996
4,96.5,-0.43999999999999995
4,96.5,-0.42000000000000004
4,96.5,-0.4
4,96.5,-0.38
4,96.5,-0.36
4,96.5,-0.33999999999999997
4,96.5,-0.31999999999999995
4,96.5,-0.29999999999999993
4,96.5,-0.28
4,96.5,-0.26
4,96.5,-0.24
4,96.5,-0.21999999999999997
4,96.5,-0.19999999999999996
4,96.5,-0.17999999999999994
4,96.5,-0.16000000000000003
4,96.5,-0.14
4,96.5,-0.12
4,96.5,-0.09999999999999998
4,96.5,-0.07999999999999996
4,96.5,-0.05999999999999994
4,96.5,-0.040000000000000036
4,96.5,-0.020000000000000018
4,96.5,0.0
4,96.5,0.020000000000000018
4,96.5,0.040000000000000036
4,96.5,0.06000000000000005
4,96.5,0.08000000000000007
4,96.5,0.10000000000000009
4,96.5,0.1200000000000001
4,96.5,0.14000000000000012
4,96.5,0.15999999999999992
4,96.5,0.17999999999999994
4,96.5,0.19999999999999996
4,96.5,0.21999999999999997
4,97.0,-1.0
4,97.0,-0.98
4,97.0,-0.96
4,97.0,-0.94
4,97.0,-0.92
4,97.0,-0.9
4,97.0,-0.88
4,97.0,-0.86
4,97.0,-0.84
4,97.0,-0.8200000000000001
4,97.0,-0.8
4,97.0,-0.78
4,97.0,-0.76
4,97.0,-0.74
4,97.0,-0.72
4,97.0,-0.7
4,97.0,-0.6799999999999999
4,97.0,-0.6599999999999999
4,97.0,-0.64
4,97.0,-0.62
4,97.0,-0.6
4,97.0,-0.5800000000000001
4,97.0,-0.56
4,97.0,-0.54
4,97.0,-0.52
4,97.0,-0.5
4,97.0,-0.48
4,97.0,-0.45999999999999996
4,97.0,-0.43999999999999995
4,97.0,-0.42000000000000004
4,97.0,-0.4
4,97.0,-0.38
4,97.0,-0.36
4,97.0,-0.33999999999999997
4,97.0,-0.31999999999999995
4,97.0,-0.29999999999999993
4,97.0,-0.28
4,97.0,-0.26
4,97.0,-0.24
4,97.0,-0.21999999999999997
4,97.0,-0.19999999999999996
4,97.0,-0.17999999999999994
4,97.0,-0.16000000000000003
4,97.0,-0.14
4,97.0,-0.12
4,97.0,-0.09999999999999998
4,97.0,-0.07999999999999996
4,97.0,-0.05999999999999994
4,97.0,-0.040000000000000036
4,97.0,-0.020000000000000018
4,97.0,0.0
4,97.0,0.020000000000000018
4,97.0,0.040000000000000036
4,97.0,0.06000000000000005
4,97.0,0.08000000000000007
4,97.0,0.10000000000000009
4,97.0,0.1200000000000001
4,97.0,0.14000000000000012
4,97.0,0.15999999999999992
4,97.0,0.17999999999999994
4,97.0,0.19999999999999996
4,97.5,-1.0
4,97.5,-0.98
4,97.5,-0.96
4,97.5,-0.94
4,97.5,-0.92
4,97.5,-0.9
4,97.5,-0.88
4,97.5,-0.86
4,97.5,-0.84
4,97.5,-0.8200000000000001
4,97.5,-0.8
4,97.5,-0.78
4,97.5,-0.76
4,97.5,-0.74
4,97.5,-0.72
4,97.5,-0.7
4,97.5,-0.6799999999999999
4,97.5,-0.6599999999999999
4,97.5,-0.64
4,97.5,-0.62
4,97.5,-0.6
4,97.5,-0.5800000000000001
4,97.5,-0.56
4,97.5,-0.54
4,97.5,-0.52
4,97.5,-0.5
4,97.5,-0.48
4,97.5,-0.45999999999999996
4,97.5,-0.43999999999999995
4,97.5,-0.42000000000000004
4,97.5,-0.4
4,97.5,-0.38
4,97.5,-0.36
4,97.5,-0.33999999999999997
4,97.5,-0.31999999999999995
4,97.5,-0.29999999999999993
4,97.5,-0.28
4,97.5,-0.26
4,97.5,-0.24
4,97.5,-0.21999999999999997
4,97.5,-0.19999999999999996
4,97.5,-0.17999999999999994
4,97.5,-0.16000000000000003
4,97.5,-0.14
4,97.5,-0.12
4,97.5,-0.09999999999999998
4,97.5,-0.07999999999999996
4,97.5,-0.05999999999999994
4,97.5,-0.040000000000000036
4,97.5,-0.020000000000000018
4,97.5,0.0
4,97.5,0.020000000000000018
4,97.5,0.040000000000000036
4,97.5,0.06000000000000005
4,97.5,0.08000000000000007
4,97.5,0.10000000000000009
4,97.5,0.1200000000000001
4,97.5,0.14000000000000012
4,97.5,0.15999999999999992
4,98.0,-1.0
4,98.0,-0.98
4,98.0,-0.96
4,98.0,-0.94
4,98.0,-0.92
4,98.0,-0.9
4,98.0,-0.88
4,98.0,-0.86
4,98.0,-0.84
4,98.0,-0.8200000000000001
4,98.0,-0.8
4,98.0,-0.78
4,98.0,-0.76
4,98.0,-0.74
4,98.0,-0.72
4,98.0,-0.7
4,98.0,-0.6799999999999999
4,98.0,-0.6599999999999999
4,98.0,-0.64
4,98.0,-0.62
4,98.0,-0.6
4,98.0,-0.5800000000000001
4,98.0,-0.56
4,98.0,-0.54
4,98.0,-0.52
4,98.0,-0.5
4,98.0,-0.48
4,98.0,-0.45999999999999996
4,98.0,-0.43999999999999995
4,98.0,-0.42000000000000004
4,98.0,-0.4
4,98.0,-0.38
4,98.0,-0.36
4,98.0,-0.33999999999999997
4,98.0,-0.31999999999999995
4,98.0,-0.29999999999999993
4,98.0,-0.28
4,98.0,-0.26
4,98.0,-0.24
4,98.0,-0.21999999999999997
4,98.0,-0.19999999999999996
4,98.0,-0.17999999999999994
4,98.0,-0.16000000000000003
4,98.0,-0.14
4,98.0,-0.12
4,98.0,-0.09999999999999998
4,98.0,-0.07999999999999996
4,98.0,-0.05999999999999994
4,98.0,-0.040000000000000036
4,98.0,-0.020000000000000018
4,98.0,0.0
4,98.0,0.020000000000000018
4,98.0,0.040000000000000036
4,98.0,0.06000000000000005
4,98.0,0.08000000000000007
4,98.0,0.10000000000000009
4,98.0,0.1200000000000001
4,98.0,0.14000000000000012
4,98.5,-1.0
4,98.5,-0.98
4,98.5,-0.96
4,98.5,-0.94
4,98.5,-0.92
4,98.5,-0.9
4,98.5,-0.88
4,98.5,-0.86
4,98.5,-0.84
4,98.5,-0.8200000000000001
4,98.5,-0.8
4,98.5,-0.78
4,98.5,-0.76
4,98.5,-0.74
4,98.5,-0.72
4,98.5,-0.7
4,98.5,-0.6799999999999999
4,98.5,-0.6599999999999999
4,98.5,-0.64
4,98.5,-0.62
4,98.5,-0.6
4,98.5,-0.5800000000000001
4,98.5,-0.56
4,98.5,-0.54
4,98.5,-0.52
4,98.5,-0.5
4,98.5,-0.48
4,98.5,-0.45999999999999996
4,98.5,-0.43999999999999995
4,98.5,-0.42000000000000004
4,98.5,-0.4
4,98.5,-0.38
4,98.5,-0.36
4,98.5,-0.33999999999999997
4,98.5,-0.31999999999999995
4,98.5,-0.29999999999999993
4,98.5,-0.28
4,98.5,-0.26
4,98.5,-0.24
4,98.5,-0.21999999999999997
4,98.5,-0.19999999999999996
4,98.5,-0.17999999999999994
4,98.5,-0.16000000000000003
4,98.5,-0.14
4,98.5,-0.12
4,98.5,-0.09999999999999998
4,98.5,-0.07999999999999996
4,98.5,-0.05999999999999994
4,98.5,-0.040000000000000036
4,98.5,-0.020000000000000018
4,98.5,0.0
4,98.5,0.020000000000000018
4,98.5,0.040000000000000036
4,98.5,0.06000000000000005
4,98.5,0.08000000000000007
4,98.5,0.10000000000000009
4,98.5,0.1200000000000001
4,99.0,-1.0
4,99.0,-0.98
4,99.0,-0.96
4,99.0,-0.94
4,99.0,-0.92
4,99.0,-0.9
4,99.0,-0.88
4,99.0,-0.86
4,99.0,-0.84
4,99.0,-0.8200000000000001
4,99.0,-0.8
4,99.0,-0.78
4,99.0,-0.76
4,99.0,-0.74
4,99.0,-0.72
4,99.0,-0.7
4,99.0,-0.6799999999999999
4,99.0,-0.6599999999999999
4,99.0,-0.64
4,99.0,-0.62
4,99.0,-0.6
4,99.0,-0.5800000000000001
4,99.0,-0.56
4,99.0,-0.54
4,99.0,-0.52
4,99.0,-0.5
4,99.0,-0.48
4,99.0,-0.45999999999999996
4,99.0,-0.43999999999999995
4,99.0,-0.42000000000000004
4,99.0,-0.4
4,99.0,-0.38
4,99.0,-0.36
4,99.0,-0.33999999999999997
4,99.0,-0.31999999999999995
4,99.0,-0.29999999999999993
4,99.0,-0.28
4,99.0,-0.26
4,99.0,-0.24
4,99.0,-0.21999999999999997
4,99.0,-0.19999999999999996
4,99.0,-0.17999999999999994
4,99.0,-0.16000000000000003
4,99.0,-0.14
4,99.0,-0.12
4,99.0,-0.09999999999999998
4,99.0,-0.07999999999999996
4,99.0,-0.05999999999999994
4,99.0,-0.040000000000000036
4,99.0,-0.020000000000000018
4,99.0,0.0
4,99.0,0.020000000000000018
4,99.0,0.040000000000000036
4,99.0,0.06000000000000005
4,99.0,0.08000000000000007
4,99.5,-1.0
4,99.5,-0.98
4,99.5,-0.96
4,99.5,-0.94
4,99.5,-0.92
4,99.5,-0.9
4,99.5,-0.88
4,99.5,-0.86
4,99.5,-0.84
4,99.5,-0.8200000000000001
4,99.5,-0.8
4,99.5,-0.78
4,99.5,-0.76
4,99.5,-0.74
4,99.5,-0.72
4,99.5,-0.7
4,99.5,-0.6799999999999999
4,99.5,-0.6599999999999999
4,99.5,-0.64
4,99.5,-0.62
4,99.5,-0.6
4,99.5,-0.5800000000000001
4,99.5,-0.56
4,99.5,-0.54
4,99.5,-0.52
4,99.5,-0.5
4,99.5,-0.48
4,99.5,-0.45999999999999996
4,99.5,-0.43999999999999995
4,99.5,-0.42000000000000004
4,99.5,-0.4
4,99.5,-0.38
4,99.5,-0.36
4,99.5,-0.33999999999999997
4,99.5,-0.31999999999999995
4,99.5,-0.29999999999999993
4,99.5,-0.28
4,99.5,-0.26
4,99.5,-0.24
4,99.5,-0.21999999999999997
4,99.5,-0.19999999999999996
4,99.5,-0.17999999999999994
4,99.5,-0.16000000000000003
4,99.5,-0.14
4,99.5,-0.12
4,99.5,-0.09999999999999998
4,99.5,-0.07999999999999996
4,99.5,-0.05999999999999994
4,99.5,-0.040000000000000036
4,99.5,-0.020000000000000018
4,99.5,0.0
4,99.5,0.020000000000000018
4,99.5,0.040000000000000036
4,99.5,0.06000000000000005
4,100.0,-1.0
4,100.0,-0.98
4,100.0,-0.96
4,100.0,-0.94
4,100.0,-0.92
4,100.0,-0.9
4,100.0,-0.88
4,100.0,-0.86
4,100.0,-0.84
4,100.0,-0.8200000000000001
4,100.0,-0.8
4,100.0,-0.78
4,100.0,-0.76
4,100.0,-0.74
4,100.0,-0.72
4,100.0,-0.7
4,100.0,-0.6799999999999999
4,100.0,-0.6599999999999999
4,100.0,-0.64
4,100.0,-0.62
4,100.0,-0.6
4,100.0,-0.5800000000000001
4,100.0,-0.56
4,100.0,-0.54
4,100.0,-0.52
4,100.0,-0.5
4,100.0,-0.48
4,100.0,-0.45999999999999996
4,100.0,-0.43999999999999995
4,100.0,-0.42000000000000004
4,100.0,-0.4
4,100.0,-0.38
4,100.0,-0.36
4,100.0,-0.33999999999999997
4,100.0,-0.31999999999999995
4,100.0,-0.29999999999999993
4,100.0,-0.28
4,100.0,-0.26
4,100.0,-0.24
4,100.0,-0.21999999999999997
4,100.0,-0.19999999999999996
4,100.0,-0.17999999999999994
4,100.0,-0.16000000000000003
4,100.0,-0.14
4,100.0,-0.12
4,100.0,-0.09999999999999998
4,100.0,-0.07999999999999996
4,100.0,-0.05999999999999994
4,100.0,-0.040000000000000036
4,100.0,-0.020000000000000018
4,100.0,0.0
4,100.0,0.020000000000000018
4,100.5,-1.0
4,100.5,-0.98
4,100.5,-0.96
4,100.5,-0.94
4,100.5,-0.92
4,100.5,-0.9
4,100.5,-0.88
4,100.5,-0.86
4,100.5,-0.84
4,100.5,-0.8200000000000001
4,100.5,-0.8
4,100.5,-0.78
4,100.5,-0.76
4,100.5,-0.74
4,100.5,-0.72
4,100.5,-0.7
4,100.5,-0.6799999999999999
4,100.5,-0.6599999999999999
4,100.5,-0.64
4,100.5,-0.62
4,100.5,-0.6
4,100.5,-0.5800000000000001
4,100.5,-0.56
4,100.5,-0.54
4,100.5,-0.52
4,100.5,-0.5
4,100.5,-0.48
4,100.5,-0.45999999999999996
4,100.5,-0.43999999999999995
4,100.5,-0.42000000000000004
4,100.5,-0.4
4,100.5,-0.38
4,100.5,-0.36
4,100.5,-0.33999999999999997
4,100.5,-0.31999999999999995
4,100.5,-0.29999999999999993
4,100.5,-0.28
4,100.5,-0.26
4,100.5,-0.24
4,100.5,-0.21999999999999997
4,100.5,-0.19999999999999996
4,100.5,-0.17999999999999994
4,100.5,-0.16000000000000003
4,100.5,-0.14
4,100.5,-0.12
4,100.5,-0.09999999999999998
4,100.5,-0.07999999999999996
4,100.5,-0.05999999999999994
4,100.5,-0.040000000000000036
4,100.5,-0.020000000000000018
4,100.5,0.0
4,101.0,-1.0
4,101.0,-0.98
4,101.0,-0.96
4,101.0,-0.94
4,101.0,-0.92
4,101.0,-0.9
4,101.0,-0.88
4,101.0,-0.86
4,101.0,-0.84
4,101.0,-0.8200000000000001
4,101.0,-0.8
4,101.0,-0.78
4,101.0,-0.76
4,101.0,-0.74
4,101.0,-0.72
4,101.0,-0.7
4,101.0,-0.6799999999999999
4,101.0,-0.6599999999999999
4,101.0,-0.64
4,101.0,-0.62
4,101.0,-0.6
4,101.0,-0.5800000000000001
4,101.0,-0.56
4,101.0,-0.54
4,101.0,-0.52
4,101.0,-0.5
4,101.0,-0.48
4,101.0,-0.45999999999999996
4,101.0,-0.43999999999999995
4,101.0,-0.42000000000000004
4,101.0,-0.4
4,101.0,-0.38
4,101.0,-0.36
4,101.0,-0.33999999999999997
4,101.0,-0.31999999999999995
4,101.0,-0.29999999999999993
4,101.0,-0.28
4,101.0,-0.26
4,101.0,-0.24
4,101.0,-0.21999999999999997
4,101.0,-0.19999999999999996
4,101.0,-0.17999999999999994
4,101.0,-0.16000000000000003
4,101.0,-0.14
4,101.0,-0.12
4,101.0,-0.09999999999999998
4,101.0,-0.07999999999999996
4,101.0,-0.05999999999999994
4,101.0,-0.040000000000000036
4,101.5,-1.0
4,101.5,-0.98
4,101.5,-0.96
4,101.5,-0.94
4,101.5,-0.92
4,101.5,-0.9
4,101.5,-0.88
4,101.5,-0.86
4,101.5,-0.84
4,101.5,-0.8200000000000001
4,101.5,-0.8
4,101.5,-0.78
4,101.5,-0.76
4,101.5,-0.74
4,101.5,-0.72
4,101.5,-0.7
4,101.5,-0.6799999999999999
4,101.5,-0.6599999999999999
4,101.5,-0.64
4,101.5,-0.62
4,101.5,-0.6
4,101.5,-0.5800000000000001
4,101.5,-0.56
4,101.5,-0.54
4,101.5,-0.52
4,101.5,-0.5
4,101.5,-0.48
4,101.5,-0.45999999999999996
4,101.5,-0.43999999999999995
4,101.5,-0.42000000000000004
4,101.5,-0.4
4,101.5,-0.38
4,101.5,-0.36
4,101.5,-0.33999999999999997
4,101.5,-0.31999999999999995
4,101.5,-0.29999999999999993
4,101.5,-0.28
4,101.5,-0.26
4,101.5,-0.24
4,101.5,-0.21999999999999997
4,101.5,-0.19999999999999996
4,101.5,-0.17999999999999994
4,101.5,-0.16000000000000003
4,101.5,-0.14
4,101.5,-0.12
4,101.5,-0.09999999999999998
4,101.5,-0.07999999999999996
4,101.5,-0.05999999999999994
4,102.0,-1.0
4,102.0,-0.98
4,102.0,-0.96
4,102.0,-0.94
4,102.0,-0.92
4,102.0,-0.9
4,102.0,-0.88
4,102.0,-0.86
4,102.0,-0.84
4,102.0,-0.8200000000000001
4,102.0,-0.8
4,102.0,-0.78
4,102.0,-0.76
4,102.0,-0.74
4,102.0,-0.72
4,102.0,-0.7
4,102.0,-0.6799999999999999
4,102.0,-0.6599999999999999
4,102.0,-0.64
4,102.0,-0.62
4,102.0,-0.6
4,102.0,-0.5800000000000001
4,102.0,-0.56
4,102.0,-0.54
4,102.0,-0.52
4,102.0,-0.5
4,102.0,-0.48
4,102.0,-0.45999999999999996
4,102.0,-0.43999999999999995
4,102.0,-0.42000000000000004
4,102.0,-0.4
4,102.0,-0.38
4,102.0,-0.36
4,102.0,-0.33999999999999997
4,102.0,-0.31999999999999995
4,102.0,-0.29999999999999993
4,102.0,-0.28
4,102.0,-0.26
4,102.0,-0.24
4,102.0,-0.21999999999999997
4,102.0,-0.19999999999999996
4,102.0,-0.17999999999999994
4,102.0,-0.16000000000000003
4,102.0,-0.14
4,102.0,-0.12
4,102.0,-0.09999999999999998
4,102.5,-1.0
4,102.5,-0.98
4,102.5,-0.96
4,102.5,-0.94
4,102.5,-0.92
4,102.5,-0.9
4,102.5,-0.88
4,102.5,-0.86
4,102.5,-0.84
4,102.5,-0.8200000000000001
4,102.5,-0.8
4,102.5,-0.78
4,102.5,-0.76
4,102.5,-0.74
4,102.5,-0.72
4,102.5,-0.7
4,102.5,-0.6799999999999999
4,102.5,-0.6599999999999999
4,102.5,-0.64
4,102.5,-0.62
4,102.5,-0.6
4,102.5,-0.5800000000000001
4,102.5,-0.56
4,102.5,-0.54
4,102.5,-0.52
4,102.5,-0.5
4,102.5,-0.48
4,102.5,-0.45999999999999996
4,102.5,-0.43999999999999995
4,102.5,-0.42000000000000004
4,102.5,-0.4
4,102.5,-0.38
4,102.5,-0.36
4,102.5,-0.33999999999999997
4,102.5,-0.31999999999999995
4,102.5,-0.29999999999999993
4,102.5,-0.28
4,102.5,-0.26
4,102.5,-0.24
4,102.5,-0.21999999999999997
4,102.5,-0.19999999999999996
4,102.5,-0.17999999999999994
4,102.5,-0.16000000000000003
4,102.5,-0.14
4,102.5,-0.12
4,103.0,-1.0
4,103.0,-0.98
4,103.0,-0.96
4,103.0,-0.94
4,103.0,-0.92
4,103.0,-0.9
4,103.0,-0.88
4,103.0,-0.86
4,103.0,-0.84
4,103.0,-0.8200000000000001
4,103.0,-0.8
4,103.0,-0.78
4,103.0,-0.76
4,103.0,-0.74
4,103.0,-0.72
4,103.0,-0.7
4,103.0,-0.6799999999999999
4,103.0,-0.6599999999999999
4,103.0,-0.64
4,103.0,-0.62
4,103.0,-0.6
4,103.0,-0.5800000000000001
4,103.0,-0.56
4,103.0,-0.54
4,103.0,-0.52
4,103.0,-0.5
4,103.0,-0.48
4,103.0,-0.45999999999999996
4,103.0,-0.43999999999999995
4,103.0,-0.42000000000000004
4,103.0,-0.4
4,103.0,-0.38
4,103.0,-0.36
4,103.0,-0.33999999999999997
4,103.0,-0.31999999999999995
4,103.0,-0.29999999999999993
4,103.0,-0.28
4,103.0,-0.26
4,103.0,-0.24
4,103.0,-0.21999999999999997
4,103.0,-0.19999999999999996
4,103.0,-0.17999999999999994
4,103.0,-0.16000000000000003
4,103.5,-1.0
4,103.5,-0.98
4,103.5,-0.96
4,103.5,-0.94
4,103.5,-0.92
4,103.5,-0.9
4,103.5,-0.88
4,103.5,-0.86
4,103.5,-0.84
4,103.5,-0.8200000000000001
4,103.5,-0.8
4,103.5,-0.78
4,103.5,-0.76
4,103.5,-0.74
4,103.5,-0.72
4,103.5,-0.7
4,103.5,-0.6799999999999999
4,103.5,-0.6599999999999999
4,103.5,-0.64
4,103.5,-0.62
4,103.5,-0.6
4,103.5,-0.5800000000000001
4,103.5,-0.56
4,103.5,-0.54
4,103.5,-0.52
4,103.5,-0.5
4,103.5,-0.48
4,103.5,-0.45999999999999996
4,103.5,-0.43999999999999995
4,103.5,-0.42000000000000004
4,103.5,-0.4
4,103.5,-0.38
4,103.5,-0.36
4,103.5,-0.33999999999999997
4,103.5,-0.31999999999999995
4,103.5,-0.29999999999999993
4,103.5,-0.28
4,103.5,-0.26
4,103.5,-0.24
4,103.5,-0.21999999999999997
4,103.5,-0.19999999999999996
4,103.5,-0.17999999999999994
4,104.0,-1.0
4,104.0,-0.98
4,104.0,-0.96
4,104.0,-0.94
4,104.0,-0.92
4,104.0,-0.9
4,104.0,-0.88
4,104.0,-0.86
4,104.0,-0.84
4,104.0,-0.8200000000000001
4,104.0,-0.8
4,104.0,-0.78
4,104.0,-0.76
4,104.0,-0.74
4,104.0,-0.72
4,104.0,-0.7
4,104.0,-0.6799999999999999
4,104.0,-0.6599999999999999
4,104.0,-0.64
4,104.0,-0.62
4,104.0,-0.6
4,104.0,-0.5800000000000001
4,104.0,-0.56
4,104.0,-0.54
4,104.0,-0.52
4,104.0,-0.5
4,104.0,-0.48
4,104.0,-0.45999999999999996
4,104.0,-0.43999999999999995
4,104.0,-0.42000000000000004
4,104.0,-0.4
4,104.0,-0.38
4,104.0,-0.36
4,104.0,-0.33999999999999997
4,104.0,-0.31999999999999995
4,104.0,-0.29999999999999993
4,104.0,-0.28
4,104.0,-0.26
4,104.0,-0.24
4,104.0,-0.21999999999999997
4,104.0,-0.19999999999999996
4,104.5,-1.0
4,104.5,-0.98
4,104.5,-0.96
4,104.5,-0.94
4,104.5,-0.92
4,104.5,-0.9
4,104.5,-0.88
4,104.5,-0.86
4,104.5,-0.84
4,104.5,-0.8200000000000001
4,104.5,-0.8
4,104.5,-0.78
4,104.5,-0.76
4,104.5,-0.74
4,104.5,-0.72
4,104.5,-0.7
4,104.5,-0.6799999999999999
4,104.5,-0.6599999999999999
4,104.5,-0.64
4,104.5,-0.62
4,104.5,-0.6
4,104.5,-0.5800000000000001
4,104.5,-0.56
4,104.5,-0.54
4,104.5,-0.52
4,104.5,-0.5
4,104.5,-0.48
4,104.5,-0.45999999999999996
4,104.5,-0.43999999999999995
4,104.5,-0.42000000000000004
4,104.5,-0.4
4,104.5,-0.38
4,104.5,-0.36
4,104.5,-0.33999999999999997
4,104.5,-0.31999999999999995
4,104.5,-0.29999999999999993
4,104.5,-0.28
4,104.5,-0.26
4,104.5,-0.24
4,105.0,-1.0
4,105.0,-0.98
4,105.0,-0.96
4,105.0,-0.94
4,105.0,-0.92
4,105.0,-0.9
4,105.0,-0.88
4,105.0,-0.86
4,105.0,-0.84
4,105.0,-0.8200000000000001
4,105.0,-0.8
4,105.0,-0.78
4,105.0,-0.76
4,105.0,-0.74
4,105.0,-0.72
4,105.0,-0.7
4,105.0,-0.6799999999999999
4,105.0,-0.6599999999999999
4,105.0,-0.64
4,105.0,-0.62
4,105.0,-0.6
4,105.0,-0.5800000000000001
4,105.0,-0.56
4,105.0,-0.54
4,105.0,-0.52
4,105.0,-0.5
4,105.0,-0.48
4,105.0,-0.45999999999999996
4,105.0,-0.43999999999999995
4,105.0,-0.42000000000000004
4,105.0,-0.4
4,105.0,-0.38
4,105.0,-0.36
4,105.0,-0.33999999999999997
4,105.0,-0.31999999999999995
4,105.0,-0.29999999999999993
4,105.0,-0.28
4,105.0,-0.26
4,105.5,-1.0
4,105.5,-0.98
4,105.5,-0.96
4,105.5,-0.94
4,105.5,-0.92
4,105.5,-0.9
4,105.5,-0.88
4,105.5,-0.86
4,105.5,-0.84
4,105.5,-0.8200000000000001
4,105.5,-0.8
4,105.5,-0.78
4,105.5,-0.76
4,105.5,-0.74
4,105.5,-0.72
4,105.5,-0.7
4,105.5,-0.6799999999999999
4,105.5,-0.6599999999999999
4,105.5,-0.64
4,105.5,-0.62
4,105.5,-0.6
4,105.5,-0.5800000000000001
4,105.5,-0.56
4,105.5,-0.54
4,105.5,-0.52
4,105.5,-0.5
4,105.5,-0.48
4,105.5,-0.45999999999999996
4,105.5,-0.43999999999999995
4,105.5,-0.42000000000000004
4,105.5,-0.4
4,105.5,-0.38
4,105.5,-0.36
4,105.5,-0.33999999999999997
4,105.5,-0.31999999999999995
4,105.5,-0.29999999999999993
4,106.0,-1.0
4,106.0,-0.98
4,106.0,-0.96
4,106.0,-0.94
4,106.0,-0.92
4,106.0,-0.9
4,106.0,-0.88
4,106.0,-0.86
4,106.0,-0.84
4,106.0,-0.8200000000000001
4,106.0,-0.8
4,106.0,-0.78
4,106.0,-0.76
4,106.0,-0.74
4,106.0,-0.72
4,106.0,-0.7
4,106.0,-0.6799999999999999
4,106.0,-0.6599999999999999
4,106.0,-0.64
4,106.0,-0.62
4,106.0,-0.6
4,106.0,-0.5800000000000001
4,106.0,-0.56
4,106.0,-0.54
4,106.0,-0.52
4,106.0,-0.5
4,106.0,-0.48
4,106.0,-0.45999999999999996
4,106.0,-0.43999999999999995
4,106.0,-0.42000000000000004
4,106.0,-0.4
4,106.0,-0.38
4,106.0,-0.36
4,106.0,-0.33999999999999997
4,106.0,-0.31999999999999995
4,106.5,-1.0
4,106.5,-0.98
4,106.5,-0.96
4,106.5,-0.94
4,106.5,-0.92
4,106.5,-0.9
4,106.5,-0.88
4,106.5,-0.86
4,106.5,-0.84
4,106.5,-0.8200000000000001
4,106.5,-0.8
4,106.5,-0.78
4,106.5,-0.76
4,106.5,-0.74
4,106.5,-0.72
4,106.5,-0.7
4,106.5,-0.6799999999999999
4,106.5,-0.6599999999999999
4,106.5,-0.64
4,106.5,-0.62
4,106.5,-0.6
4,106.5,-0.5800000000000001
4,106.5,-0.56
4,106.5,-0.54
4,106.5,-0.52
4,106.5,-0.5
4,106.5,-0.48
4,106.5,-0.45999999999999996
4,106.5,-0.43999999999999995
4,106.5,-0.42000000000000004
4,106.5,-0.4
4,106.5,-0.38
4,106.5,-0.36
4,107.0,-1.0
4,107.0,-0.98
4,107.0,-0.96
4,107.0,-0.94
4,107.0,-0.92
4,107.0,-0.9
4,107.0,-0.88
4,107.0,-0.86
4,107.0,-0.84
4,107.0,-0.8200000000000001
4,107.0,-0.8
4,107.0,-0.78
4,107.0,-0.76
4,107.0,-0.74
4,107.0,-0.72
4,107.0,-0.7
4,107.0,-0.6799999999999999
4,107.0,-0.6599999999999999
4,107.0,-0.64
4,107.0,-0.62
4,107.0,-0.6
4,107.0,-0.5800000000000001
4,107.0,-0.56
4,107.0,-0.54
4,107.0,-0.52
4,107.0,-0.5
4,107.0,-0.48
4,107.0,-0.45999999999999996
4,107.0,-0.43999999999999995
4,107.0,-0.42000000000000004
4,107.0,-0.4
4,107.0,-0.38
4,107.5,-1.0
4,107.5,-0.98
4,107.5,-0.96
4,107.5,-0.94
4,107.5,-0.92
4,107.5,-0.9
4,107.5,-0.88
4,107.5,-0.86
4,107.5,-0.84
4,107.5,-0.8200000000000001
4,107.5,-0.8
4,107.5,-0.78
4,107.5,-0.76
4,107.5,-0.74
4,107.5,-0.72
4,107.5,-0.7
4,107.5,-0.6799999999999999
4,107.5,-0.6599999999999999
4,107.5,-0.64
4,107.5,-0.62
4,107.5,-0.6
4,107.5,-0.5800000000000001
4,107.5,-0.56
4,107.5,-0.54
4,107.5,-0.52
4,107.5,-0.5
4,107.5,-0.48
4,107.5,-0.45999999999999996
4,107.5,-0.43999999999999995
4,107.5,-0.42000000000000004
4,108.0,-1.0
4,108.0,-0.98
4,108.0,-0.96
4,108.0,-0.94
4,108.0,-0.92
4,108.0,-0.9
4,108.0,-0.88
4,108.0,-0.86
4,108.0,-0.84
4,108.0,-0.8200000000000001
4,108.0,-0.8
4,108.0,-0.78
4,108.0,-0.76
4,108.0,-0.74
4,108.0,-0.72
4,108.0,-0.7
4,108.0,-0.6799999999999999
4,108.0,-0.6599999999999999
4,108.0,-0.64
4,108.0,-0.62
4,108.0,-0.6
4,108.0,-0.5800000000000001
4,108.0,-0.56
4,108.0,-0.54
4,108.0,-0.52
4,108.0,-0.5
4,108.0,-0.48
4,108.0,-0.45999999999999996
4,108.0,-0.43999999999999995
4,108.5,-1.0
4,108.5,-0.98
4,108.5,-0.96
4,108.5,-0.94
4,108.5,-0.92
4,108.5,-0.9
4,108.5,-0.88
4,108.5,-0.86
4,108.5,-0.84
4,108.5,-0.8200000000000001
4,108.5,-0.8
4,108.5,-0.78
4,108.5,-0.76
4,108.5,-0.74
4,108.5,-0.72
4,108.5,-0.7
4,108.5,-0.6799999999999999
4,108.5,-0.6599999999999999
4,108.5,-0.64
4,108.5,-0.62
4,108.5,-0.6
4,108.5,-0.5800000000000001
4,108.5,-0.56
4,108.5,-0.54
4,108.5,-0.52
4,108.5,-0.5
4,108.5,-0.48
4,109.0,-1.0
4,109.0,-0.98
4,109.0,-0.96
4,109.0,-0.94
4,109.0,-0.92
4,109.0,-0.9
4,109.0,-0.88
4,109.0,-0.86
4,109.0,-0.84
4,109.0,-0.8200000000000001
4,109.0,-0.8
4,109.0,-0.78
4,109.0,-0.76
4,109.0,-0.74
4,109.0,-0.72
4,109.0,-0.7
4,109.0,-0.6799999999999999
4,109.0,-0.6599999999999999
4,109.0,-0.64
4,109.0,-0.62
4,109.0,-0.6
4,109.0,-0.5800000000000001
4,109.0,-0.56
4,109.0,-0.54
4,109.0,-0.52
4,109.0,-0.5
4,109.5,-1.0
4,109.5,-0.98
4,109.5,-0.96
4,109.5,-0.94
4,109.5,-0.92
4,109.5,-0.9
4,109.5,-0.88
4,109.5,-0.86
4,109.5,-0.84
4,109.5,-0.8200000000000001
4,109.5,-0.8
4,109.5,-0.78
4,109.5,-0.76
4,109.5,-0.74
4,109.5,-0.72
4,109.5,-0.7
4,109.5,-0.6799999999999999
4,109.5,-0.6599999999999999
4,109.5,-0.64
4,109.5,-0.62
4,109.5,-0.6
4,109.5,-0.5800000000000001
4,109.5,-0.56
4,109.5,-0.54
4,110.0,-1.0
4,110.0,-0.98
4,110.0,-0.96
4,110.0,-0.94
4,110.0,-0.92
4,110.0,-0.9
4,110.0,-0.88
4,110.0,-0.86
4,110.0,-0.84
4,110.0,-0.8200000000000001
4,110.0,-0.8
4,110.0,-0.78
4,110.0,-0.76
4,110.0,-0.74
4,110.0,-0.72
4,110.0,-0.7
4,110.0,-0.6799999999999999
4,110.0,-0.6599999999999999
4,110.0,-0.64
4,110.0,-0.62
4,110.0,-0.6
4,110.0,-0.5800000000000001
4,110.5,-1.0
4,110.5,-0.98
4,110.5,-0.96
4,110.5,-0.94
4,110.5,-0.92
4,110.5,-0.9
4,110.5,-0.88
4,110.5,-0.86
4,110.5,-0.84
4,110.5,-0.8200000000000001
4,110.5,-0.8
4,110.5,-0.78
4,110.5,-0.76
4,110.5,-0.74
4,110.5,-0.72
4,110.5,-0.7
4,110.5,-0.6799999999999999
4,110.5,-0.6599999999999999
4,110.5,-0.64
4,110.5,-0.62
4,110.5,-0.6
4,111.0,-1.0
4,111.0,-0.98
4,111.0,-0.96
4,111.0,-0.94
4,111.0,-0.92
4,111.0,-0.9
4,111.0,-0.88
4,111.0,-0.86
4,111.0,-0.84
4,111.0,-0.8200000000000001
4,111.0,-0.8
4,111.0,-0.78
4,111.0,-0.76
4,111.0,-0.74
4,111.0,-0.72
4,111.0,-0.7
4,111.0,-0.6799999999999999
4,111.0,-0.6599999999999999
4,111.0,-0.64
4,111.5,-1.0
4,111.5,-0.98
4,111.5,-0.96
4,111.5,-0.94
4,111.5,-0.92
4,111.5,-0.9
4,111.5,-0.88
4,111.5,-0.86
4,111.5,-0.84
4,111.5,-0.8200000000000001
4,111.5,-0.8
4,111.5,-0.78
4,111.5,-0.76
4,111.5,-0.74
4,111.5,-0.72
4,111.5,-0.7
4,111.5,-0.6799999999999999
4,111.5,-0.6599999999999999
4,112.0,-1.0
4,112.0,-0.98
4,112.0,-0.96
4,112.0,-0.94
4,112.0,-0.92
4,112.0,-0.9
4,112.0,-0.88
4,112.0,-0.86
4,112.0,-0.84
4,112.0,-0.8200000000000001
4,112.0,-0.8
4,112.0,-0.78
4,112.0,-0.76
4,112.0,-0.74
4,112.0,-0.72
4,112.0,-0.7
4,112.5,-1.0
4,112.5,-0.98
4,112.5,-0.96
4,112.5,-0.94
4,112.5,-0.92
4,112.5,-0.9
4,112.5,-0.88
4,112.5,-0.86
4,112.5,-0.84
4,112.5,-0.8200000000000001
4,112.5,-0.8
4,112.5,-0.78
4,112.5,-0.76
4,112.5,-0.74
4,112.5,-0.72
4,113.0,-1.0
4,113.0,-0.98
4,113.0,-0.96
4,113.0,-0.94
4,113.0,-0.92
4,113.0,-0.9
4,113.0,-0.88
4,113.0,-0.86
4,113.0,-0.84
4,113.0,-0.8200000000000001
4,113.0,-0.8
4,113.0,-0.78
4,113.0,-0.76
4,113.5,-1.0
4,113.5,-0.98
4,113.5,-0.96
4,113.5,-0.94
4,113.5,-0.92
4,113.5,-0.9
4,113.5,-0.88
4,113.5,-0.86
4,113.5,-0.84
4,113.5,-0.8200000000000001
4,113.5,-0.8
4,113.5,-0.78
4,114.0,-1.0
4,114.0,-0.98
4,114.0,-0.96
4,114.0,-0.94
4,114.0,-0.92
4,114.0,-0.9
4,114.0,-0.88
4,114.0,-0.86
4,114.0,-0.84
4,114.0,-0.8200000000000001
4,114.5,-0.98
4,114.5,-0.96
4,114.5,-0.94
4,114.5,-0.92
4,114.5,-0.9
4,114.5,-0.88
4,114.5,-0.86
4,114.5,-0.84
4,115.0,-0.98
4,115.0,-0.96
4,115.0,-0.94
4,115.0,-0.92
4,115.0,-0.9
4,115.0,-0.88
4,115.5,-0.98
4,115.5,-0.96
4,115.5,-0.94
4,115.5,-0.92
4,116.0,-0.96
4,116.0,-0.94
8,34.0,-0.020000000000000018
8,34.5,-0.040000000000000036
8,34.5,-0.020000000000000018
8,34.5,0.0
8,35.0,-0.05999999999999994
8,35.0,-0.040000000000000036
8,35.0,-0.020000000000000018
8,35.0,0.0
8,35.5,-0.05999999999999994
8,35.5,-0.040000000000000036
8,35.5,-0.020000000000000018
8,35.5,0.0
8,35.5,0.020000000000000018
8,36.0,-0.07999999999999996
8,36.0,-0.05999999999999994
8,36.0,-0.040000000000000036
8,36.0,-0.020000000000000018
8,36.0,0.0
8,36.0,0.020000000000000018
8,36.0,0.040000000000000036
8,36.5,-0.09999999999999998
8,36.5,-0.07999999999999996
8,36.5,-0.05999999999999994
8,36.5,-0.040000000000000036
8,36.5,-0.020000000000000018
8,36.5,0.0
8,36.5,0.020000000000000018
8,36.5,0.040000000000000036
8,36.5,0.06000000000000005
8,37.0,-0.09999999999999998
8,37.0,-0.07999999999999996
8,37.0,-0.05999999999999994
8,37.0,-0.040000000000000036
8,37.0,-0.020000000000000018
8,37.0,0.0
8,37.0,0.020000000000000018
8,37.0,0.040000000000000036
8,37.0,0.06000000000000005
8,37.0,0.08000000000000007
8,37.5,-0.12
8,37.5,-0.09999999999999998
8,37.5,-0.07999999999999996
8,37.5,-0.05999999999999994
8,37.5,-0.040000000000000036
8,37.5,-0.020000000000000018
8,37.5,0.0
8,37.5,0.020000000000000018
8,37.5,0.040000000000000036
8,37.5,0.06000000000000005
8,37.5,0.08000000000000007
8,37.5,0.10000000000000009
8,38.0,-0.14
8,38.0,-0.12
8,38.0,-0.09999999999999998
8,38.0,-0.07999999999999996
8,38.0,-0.05999999999999994
8,38.0,-0.040000000000000036
8,38.0,-0.020000000000000018
8,38.0,0.0
8,38.0,0.020000000000000018
8,38.0,0.040000000000000036
8,38.0,0.06000000000000005
8,38.0,0.08000000000000007
8,38.0,0.10000000000000009
8,38.0,0.1200000000000001
8,38.5,-0.16000000000000003
8,38.5,-0.14
8,38.5,-0.12
8,38.5,-0.09999999999999998
8,38.5,-0.07999999999999996
8,38.5,-0.05999999999999994
8,38.5,-0.040000000000000036
8,38.5,-0.020000000000000018
8,38.5,0.0
8,38.5,0.020000000000000018
8,38.5,0.040000000000000036
8,38.5,0.06000000000000005
8,38.5,0.08000000000000007
8,38.5,0.10000000000000009
8,38.5,0.1200000000000001
8,38.5,0.14000000000000012
8,39.0,-0.16000000000000003
8,39.0,-0.14
8,39.0,-0.12
8,39.0,-0.09999999999999998
8,39.0,-0.07999999999999996
8,39.0,-0.05999999999999994
8,39.0,-0.040000000000000036
8,39.0,-0.020000000000000018
8,39.0,0.0
8,39.0,0.020000000000000018
8,39.0,0.040000000000000036
8,39.0,0.06000000000000005
8,39.0,0.08000000000000007
8,39.0,0.10000000000000009
8,39.0,0.1200000000000001
8,39.0,0.14000000000000012
8,39.5,-0.17999999999999994
8,39.5,-0.16000000000000003
8,39.5,-0.14
8,39.5,-0.12
8,39.5,-0.09999999999999998
8,39.5,-0.07999999999999996
8,39.5,-0.05999999999999994
8,39.5,-0.040000000000000036
8,39.5,-0.020000000000000018
8,39.5,0.0
8,39.5,0.020000000000000018
8,39.5,0.040000000000000036
8,39.5,0.06000000000000005
8,39.5,0.08000000000000007
8,39.5,0.10000000000000009
8,39.5,0.1200000000000001
8,39.5,0.14000000000000012
8,39.5,0.15999999999999992
8,40.0,-0.19999999999999996
8,40.0,-0.17999999999999994
8,40.0,-0.16000000000000003
8,40.0,-0.14
8,40.0,-0.12
8,40.0,-0.09999999999999998
8,40.0,-0.07999999999999996
8,40.0,-0.05999999999999994
8,40.0,-0.040000000000000036
8,40.0,-0.020000000000000018
8,40.0,0.0
8,40.0,0.020000000000000018
8,40.0,0.040000000000000036
8,40.0,0.06000000000000005
8,40.0,0.08000000000000007
8,40.0,0.10000000000000009
8,40.0,0.1200000000000001
8,40.0,0.14000000000000012
8,40.0,0.15999999999999992
8,40.0,0.17999999999999994
8,40.5,-0.19999999999999996
8,40.5,-0.17999999999999994
8,40.5,-0.16000000000000003
8,40.5,-0.14
8,40.5,-0.12
8,40.5,-0.09999999999999998
8,40.5,-0.07999999999999996
8,40.5,-0.05999999999999994
8,40.5,-0.040000000000000036
8,40.5,-0.020000000000000018
8,40.5,0.0
8,40.5,0.020000000000000018
8,40.5,0.040000000000000036
8,40.5,0.06000000000000005
8,40.5,0.08000000000000007
8,40.5,0.10000000000000009
8,40.5,0.1200000000000001
8,40.5,0.14000000000000012
8,40.5,0.15999999999999992
8,40.5,0.17999999999999994
8,40.5,0.19999999999999996
8,41.0,-0.21999999999999997
8,41.0,-0.19999999999999996
8,41.0,-0.17999999999999994
8,41.0,-0.16000000000000003
8,41.0,-0.14
8,41.0,-0.12
8,41.0,-0.09999999999999998
8,41.0,-0.07999999999999996
8,41.0,-0.05999999999999994
8,41.0,-0.040000000000000036
8,41.0,-0.020000000000000018
8,41.0,0.0
8,41.0,0.020000000000000018
8,41.0,0.040000000000000036
8,41.0,0.06000000000000005
8,41.0,0.08000000000000007
8,41.0,0.10000000000000009
8,41.0,0.1200000000000001
8,41.0,0.14000000000000012
8,41.0,0.15999999999999992
8,41.0,0.17999999999999994
8,41.0,0.19999999999999996
8,41.0,0.21999999999999997
8,41.5,-0.24
8,41.5,-0.21999999999999997
8,41.5,-0.19999999999999996
8,41.5,-0.17999999999999994
8,41.5,-0.16000000000000003
8,41.5,-0.14
8,41.5,-0.12
8,41.5,-0.09999999999999998
8,41.5,-0.07999999999999996
8,41.5,-0.05999999999999994
8,41.5,-0.040000000000000036
8,41.5,-0.020000000000000018
8,41.5,0.0
8,41.5,0.020000000000000018
8,41.5,0.040000000000000036
8,41.5,0.06000000000000005
8,41.5,0.08000000000000007
8,41.5,0.10000000000000009
8,41.5,0.1200000000000001
8,41.5,0.14000000000000012
8,41.5,0.15999999999999992
8,41.5,0.17999999999999994
8,41.5,0.19999999999999996
8,41.5,0.21999999999999997
8,41.5,0.24
8,42.0,-0.26
8,42.0,-0.24
8,42.0,-0.21999999999999997
8,42.0,-0.19999999999999996
8,42.0,-0.17999999999999994
8,42.0,-0.16000000000000003
8,42.0,-0.14
8,42.0,-0.12
8,42.0,-0.09999999999999998
8,42.0,-0.07999999999999996
8,42.0,-0.05999999999999994
8,42.0,-0.040000000000000036
8,42.0,-0.020000000000000018
8,42.0,0.0
8,42.0,0.020000000000000018
8,42.0,0.040000000000000036
8,42.0,0.06000000000000005
8,42.0,0.08000000000000007
8,42.0,0.10000000000000009
8,42.0,0.1200000000000001
8,42.0,0.14000000000000012
8,42.0,0.15999999999999992
8,42.0,0.17999999999999994
8,42.0,0.19999999999999996
8,42.0,0.21999999999999997
8,42.0,0.24
8,42.5,-0.26
8,42.5,-0.24
8,42.5,-0.21999999999999997
8,42.5,-0.19999999999999996
8,42.5,-0.17999999999999994
8,42.5,-0.16000000000000003
8,42.5,-0.14
8,42.5,-0.12
8,42.5,-0.09999999999999998
8,42.5,-0.07999999999999996
8,42.5,-0.05999999999999994
8,42.5,-0.040000000000000036
8,42.5,-0.020000000000000018
8,42.5,0.0
8,42.5,0.020000000000000018
8,42.5,0.040000000000000036
8,42.5,0.06000000000000005
8,42.5,0.08000000000000007
8,42.5,0.10000000000000009
8,42.5,0.1200000000000001
8,42.5,0.14000000000000012
8,42.5,0.15999999999999992
8,42.5,0.17999999999999994
8,42.5,0.19999999999999996
8,42.5,0.21999999999999997
8,42.5,0.24
8,42.5,0.26
8,43.0,-0.28
8,43.0,-0.26
8,43.0,-0.24
8,43.0,-0.21999999999999997
8,43.0,-0.19999999999999996
8,43.0,-0.17999999999999994
8,43.0,-0.16000000000000003
8,43.0,-0.14
8,43.0,-0.12
8,43.0,-0.09999999999999998
8,43.0,-0.07999999999999996
8,43.0,-0.05999999999999994
8,43.0,-0.040000000000000036
8,43.0,-0.020000000000000018
8,43.0,0.0
8,43.0,0.020000000000000018
8,43.0,0.040000000000000036
8,43.0,0.06000000000000005
8,43.0,0.08000000000000007
8,43.0,0.10000000000000009
8,43.0,0.1200000000000001
8,43.0,0.14000000000000012
8,43.0,0.15999999999999992
8,43.0,0.17999999999999994
8,43.0,0.19999999999999996
8,43.0,0.21999999999999997
8,43.0,0.24
8,43.0,0.26
8,43.0,0.28
8,43.5,-0.29999999999999993
8,43.5,-0.28
8,43.5,-0.26
8,43.5,-0.24
8,43.5,-0.21999999999999997
8,43.5,-0.19999999999999996
8,43.5,-0.17999999999999994
8,43.5,-0.16000000000000003
8,43.5,-0.14
8,43.5,-0.12
8,43.5,-0.09999999999999998
8,43.5,-0.07999999999999996
8,43.5,-0.05999999999999994
8,43.5,-0.040000000000000036
8,43.5,-0.020000000000000018
8,43.5,0.0
8,43.5,0.020000000000000018
8,43.5,0.040000000000000036
8,43.5,0.06000000000000005
8,43.5,0.08000000000000007
8,43.5,0.10000000000000009
8,43.5,0.1200000000000001
8,43.5,0.14000000000000012
8,43.5,0.15999999999999992
8,43.5,0.17999999999999994
8,43.5,0.19999999999999996
8,43.5,0.21999999999999997
8,43.5,0.24
8,43.5,0.26
8,43.5,0.28
8,43.5,0.30000000000000004
8,44.0,-0.31999999999999995
8,44.0,-0.29999999999999993
8,44.0,-0.28
8,44.0,-0.26
8,44.0,-0.24
8,44.0,-0.21999999999999997
8,44.0,-0.19999999999999996
8,44.0,-0.17999999999999994
8,44.0,-0.16000000000000003
8,44.0,-0.14
8,44.0,-0.12
8,44.0,-0.09999999999999998
8,44.0,-0.07999999999999996
8,44.0,-0.05999999999999994
8,44.0,-0.040000000000000036
8,44.0,-0.020000000000000018
8,44.0,0.0
8,44.0,0.020000000000000018
8,44.0,0.040000000000000036
8,44.0,0.06000000000000005
8,44.0,0.08000000000000007
8,44.0,0.10000000000000009
8,44.0,0.1200000000000001
8,44.0,0.14000000000000012
8,44.0,0.15999999999999992
8,44.0,0.17999999999999994
8,44.0,0.19999999999999996
8,44.0,0.21999999999999997
8,44.0,0.24
8,44.0,0.26
8,44.0,0.28
8,44.0,0.30000000000000004
8,44.0,0.32000000000000006
8,44.5,-0.31999999999999995
8,44.5,-0.29999999999999993
8,44.5,-0.28
8,44.5,-0.26
8,44.5,-0.24
8,44.5,-0.21999999999999997
8,44.5,-0.19999999999999996
8,44.5,-0.17999999999999994
8,44.5,-0.16000000000000003
8,44.5,-0.14
8,44.5,-0.12
8,44.5,-0.09999999999999998
8,44.5,-0.07999999999999996
8,44.5,-0.05999999999999994
8,44.5,-0.040000000000000036
8,44.5,-0.020000000000000018
8,44.5,0.0
8,44.5,0.020000000000000018
8,44.5,0.040000000000000036
8,44.5,0.06000000000000005
8,44.5,0.08000000000000007
8,44.5,0.10000000000000009
8,44.5,0.1200000000000001
8,44.5,0.14000000000000012
8,44.5,0.15999999999999992
8,44.5,0.17999999999999994
8,44.5,0.19999999999999996
8,44.5,0.21999999999999997
8,44.5,0.24
8,44.5,0.26
8,44.5,0.28
8,44.5,0.30000000000000004
8,44.5,0.32000000000000006
8,45.0,-0.33999999999999997
8,45.0,-0.31999999999999995
8,45.0,-0.29999999999999993
8,45.0,-0.28
8,45.0,-0.26
8,45.0,-0.24
8,45.0,-0.21999999999999997
8,45.0,-0.19999999999999996
8,45.0,-0.17999999999999994
8,45.0,-0.16000000000000003
8,45.0,-0.14
8,45.0,-0.12
8,45.0,-0.09999999999999998
8,45.0,-0.07999999999999996
8,45.0,-0.05999999999999994
8,45.0,-0.040000000000000036
8,45.0,-0.020000000000000018
8,45.0,0.0
8,45.0,0.020000000000000018
8,45.0,0.040000000000000036
8,45.0,0.06000000000000005
8,45.0,0.08000000000000007
8,45.0,0.10000000000000009
8,45.0,0.1200000000000001
8,45.0,0.14000000000000012
8,45.0,0.15999999999999992
8,45.0,0.17999999999999994
8,45.0,0.19999999999999996
8,45.0,0.21999999999999997
8,45.0,0.24
8,45.0,0.26
8,45.0,0.28
8,45.0,0.30000000000000004
8,45.0,0.32000000000000006
8,45.0,0.3400000000000001
8,45.5,-0.31999999999999995
8,45.5,-0.29999999999999993
8,45.5,-0.28
8,45.5,-0.26
8,45.5,-0.24
8,45.5,-0.21999999999999997
8,45.5,-0.19999999999999996
8,45.5,-0.17999999999999994
8,45.5,-0.16000000000000003
8,45.5,-0.14
8,45.5,-0.12
8,45.5,-0.09999999999999998
8,45.5,-0.07999999999999996
8,45.5,-0.05999999999999994
8,45.5,-0.040000000000000036
8,45.5,-0.020000000000000018
8,45.5,0.0
8,45.5,0.020000000000000018
8,45.5,0.040000000000000036
8,45.5,0.06000000000000005
8,45.5,0.08000000000000007
8,45.5,0.10000000000000009
8,45.5,0.1200000000000001
8,45.5,0.14000000000000012
8,45.5,0.15999999999999992
8,45.5,0.17999999999999994
8,45.5,0.19999999999999996
8,45.5,0.21999999999999997
8,45.5,0.24
8,45.5,0.26
8,45.5,0.28
8,45.5,0.30000000000000004
8,45.5,0.32000000000000006
8,46.0,-0.31999999999999995
8,46.0,-0.29999999999999993
8,46.0,-0.28
8,46.0,-0.26
8,46.0,-0.24
8,46.0,-0.21999999999999997
8,46.0,-0.19999999999999996
8,46.0,-0.17999999999999994
8,46.0,-0.16000000000000003
8,46.0,-0.14
8,46.0,-0.12
8,46.0,-0.09999999999999998
8,46.0,-0.07999999999999996
8,46.0,-0.05999999999999994
8,46.0,-0.040000000000000036
8,46.0,-0.020000000000000018
8,46.0,0.0
8,46.0,0.020000000000000018
8,46.0,0.040000000000000036
8,46.0,0.06000000000000005
8,46.0,0.08000000000000007
8,46.0,0.10000000000000009
8,46.0,0.1200000000000001
8,46.0,0.14000000000000012
8,46.0,0.15999999999999992
8,46.0,0.17999999999999994
8,46.0,0.19999999999999996
8,46.0,0.21999999999999997
8,46.0,0.24
8,46.0,0.26
8,46.0,0.28
8,46.0,0.30000000000000004
8,46.0,0.32000000000000006
8,46.5,-0.29999999999999993
8,46.5,-0.28
8,46.5,-0.26
8,46.5,-0.24
8,46.5,-0.21999999999999997
8,46.5,-0.19999999999999996
8,46.5,-0.17999999999999994
8,46.5,-0.16000000000000003
8,46.5,-0.14
8,46.5,-0.12
8,46.5,-0.09999999999999998
8,46.5,-0.07999999999999996
8,46.5,-0.05999999999999994
8,46.5,-0.040000000000000036
8,46.5,-0.020000000000000018
8,46.5,0.0
8,46.5,0.020000000000000018
8,46.5,0.040000000000000036
8,46.5,0.06000000000000005
8,46.5,0.08000000000000007
8,46.5,0.10000000000000009
8,46.5,0.1200000000000001
8,46.5,0.14000000000000012
8,46.5,0.15999999999999992
8,46.5,0.17999999999999994
8,46.5,0.19999999999999996
8,46.5,0.21999999999999997
8,46.5,0.24
8,46.5,0.26
8,46.5,0.28
8,46.5,0.30000000000000004
8,47.0,-0.28
8,47.0,-0.26
8,47.0,-0.24
8,47.0,-0.21999999999999997
8,47.0,-0.19999999999999996
8,47.0,-0.17999999999999994
8,47.0,-0.16000000000000003
8,47.0,-0.14
8,47.0,-0.12
8,47.0,-0.09999999999999998
8,47.0,-0.07999999999999996
8,47.0,-0.05999999999999994
8,47.0,-0.040000000000000036
8,47.0,-0.020000000000000018
8,47.0,0.0
8,47.0,0.020000000000000018
8,47.0,0.040000000000000036
8,47.0,0.06000000000000005
8,47.0,0.08000000000000007
8,47.0,0.10000000000000009
8,47.0,0.1200000000000001
8,47.0,0.14000000000000012
8,47.0,0.15999999999999992
8,47.0,0.17999999999999994
8,47.0,0.19999999999999996
8,47.0,0.21999999999999997
8,47.0,0.24
8,47.0,0.26
8,47.0,0.28
8,47.5,-0.26
8,47.5,-0.24
8,47.5,-0.21999999999999997
8,47.5,-0.19999999999999996
8,47.5,-0.17999999999999994
8,47.5,-0.16000000000000003
8,47.5,-0.14
8,47.5,-0.12
8,47.5,-0.09999999999999998
8,47.5,-0.07999999999999996
8,47.5,-0.05999999999999994
8,47.5,-0.040000000000000036
8,47.5,-0.020000000000000018
8,47.5,0.0
8,47.5,0.020000000000000018
8,47.5,0.040000000000000036
8,47.5,0.06000000000000005
8,47.5,0.08000000000000007
8,47.5,0.10000000000000009
8,47.5,0.1200000000000001
8,47.5,0.14000000000000012
8,47.5,0.15999999999999992
8,47.5,0.17999999999999994
8,47.5,0.19999999999999996
8,47.5,0.21999999999999997
8,47.5,0.24
8,47.5,0.26
8,48.0,-0.26
8,48.0,-0.24
8,48.0,-0.21999999999999997
8,48.0,-0.19999999999999996
8,48.0,-0.17999999999999994
8,48.0,-0.16000000000000003
8,48.0,-0.14
8,48.0,-0.12
8,48.0,-0.09999999999999998
8,48.0,-0.07999999999999996
8,48.0,-0.05999999999999994
8,48.0,-0.040000000000000036
8,48.0,-0.020000000000000018
8,48.0,0.0
8,48.0,0.020000000000000018
8,48.0,0.040000000000000036
8,48.0,0.06000000000000005
8,48.0,0.08000000000000007
8,48.0,0.10000000000000009
8,48.0,0.1200000000000001
8,48.0,0.14000000000000012
8,48.0,0.15999999999999992
8,48.0,0.17999999999999994
8,48.0,0.19999999999999996
8,48.0,0.21999999999999997
8,48.0,0.24
8,48.5,-0.24
8,48.5,-0.21999999999999997
8,48.5,-0.19999999999999996
8,48.5,-0.17999999999999994
8,48.5,-0.16000000000000003
8,48.5,-0.14
8,48.5,-0.12
8,48.5,-0.09999999999999998
8,48.5,-0.07999999999999996
8,48.5,-0.05999999999999994
8,48.5,-0.040000000000000036
8,48.5,-0.020000000000000018
8,48.5,0.0
8,48.5,0.020000000000000018
8,48.5,0.040000000000000036
8,48.5,0.06000000000000005
8,48.5,0.08000000000000007
8,48.5,0.10000000000000009
8,48.5,0.1200000000000001
8,48.5,0.14000000000000012
8,48.5,0.15999999999999992
8,48.5,0.17999999999999994
8,48.5,0.19999999999999996
8,48.5,0.21999999999999997
8,48.5,0.24
8,49.0,-0.21999999999999997
8,49.0,-0.19999999999999996
8,49.0,-0.17999999999999994
8,49.0,-0.16000000000000003
8,49.0,-0.14
8,49.0,-0.12
8,49.0,-0.09999999999999998
8,49.0,-0.07999999999999996
8,49.0,-0.05999999999999994
8,49.0,-0.040000000000000036
8,49.0,-0.020000000000000018
8,49.0,0.0
8,49.0,0.020000000000000018
8,49.0,0.040000000000000036
8,49.0,0.06000000000000005
8,49.0,0.08000000000000007
8,49.0,0.10000000000000009
8,49.0,0.1200000000000001
8,49.0,0.14000000000000012
8,49.0,0.15999999999999992
8,49.0,0.17999999999999994
8,49.0,0.19999999999999996
8,49.0,0.21999999999999997
8,49.5,-0.19999999999999996
8,49.5,-0.17999999999999994
8,49.5,-0.16000000000000003
8,49.5,-0.14
8,49.5,-0.12
8,49.5,-0.09999999999999998
8,49.5,-0.07999999999999996
8,49.5,-0.05999999999999994
8,49.5,-0.040000000000000036
8,49.5,-0.020000000000000018
8,49.5,0.0
8,49.5,0.020000000000000018
8,49.5,0.040000000000000036
8,49.5,0.06000000000000005
8,49.5,0.08000000000000007
8,49.5,0.10000000000000009
8,49.5,0.1200000000000001
8,49.5,0.14000000000000012
8,49.5,0.15999999999999992
8,49.5,0.17999999999999994
8,49.5,0.19999999999999996
8,50.0,-0.19999999999999996
8,50.0,-0.17999999999999994
8,50.0,-0.16000000000000003
8,50.0,-0.14
8,50.0,-0.12
8,50.0,-0.09999999999999998
8,50.0,-0.07999999999999996
8,50.0,-0.05999999999999994
8,50.0,-0.040000000000000036
8,50.0,-0.020000000000000018
8,50.0,0.0
8,50.0,0.020000000000000018
8,50.0,0.040000000000000036
8,50.0,0.06000000000000005
8,50.0,0.08000000000000007
8,50.0,0.10000000000000009
8,50.0,0.1200000000000001
8,50.0,0.14000000000000012
8,50.0,0.15999999999999992
8,50.0,0.17999999999999994
8,50.5,-0.17999999999999994
8,50.5,-0.16000000000000003
8,50.5,-0.14
8,50.5,-0.12
8,50.5,-0.09999999999999998
8,50.5,-0.07999999999999996
8,50.5,-0.05999999999999994
8,50.5,-0.040000000000000036
8,50.5,-0.020000000000000018
8,50.5,0.0
8,50.5,0.020000000000000018
8,50.5,0.040000000000000036
8,50.5,0.06000000000000005
8,50.5,0.08000000000000007
8,50.5,0.10000000000000009
8,50.5,0.1200000000000001
8,50.5,0.14000000000000012
8,50.5,0.15999999999999992
8,51.0,-0.16000000000000003
8,51.0,-0.14
8,51.0,-0.12
8,51.0,-0.09999999999999998
8,51.0,-0.07999999999999996
8,51.0,-0.05999999999999994
8,51.0,-0.040000000000000036
8,51.0,-0.020000000000000018
8,51.0,0.0
8,51.0,0.020000000000000018
8,51.0,0.040000000000000036
8,51.0,0.06000000000000005
8,51.0,0.08000000000000007
8,51.0,0.10000000000000009
8,51.0,0.1200000000000001
8,51.0,0.14000000000000012
8,51.5,-0.16000000000000003
8,51.5,-0.14
8,51.5,-0.12
8,51.5,-0.09999999999999998
8,51.5,-0.07999999999999996
8,51.5,-0.05999999999999994
8,51.5,-0.040000000000000036
8,51.5,-0.020000000000000018
8,51.5,0.0
8,51.5,0.020000000000000018
8,51.5,0.040000000000000036
8,51.5,0.06000000000000005
8,51.5,0.08000000000000007
8,51.5,0.10000000000000009
8,51.5,0.1200000000000001
8,51.5,0.14000000000000012
8,52.0,-0.14
8,52.0,-0.12
8,52.0,-0.09999999999999998
8,52.0,-0.07999999999999996
8,52.0,-0.05999999999999994
8,52.0,-0.040000000000000036
8,52.0,-0.020000000000000018
8,52.0,0.0
8,52.0,0.020000000000000018
8,52.0,0.040000000000000036
8,52.0,0.06000000000000005
8,52.0,0.08000000000000007
8,52.0,0.10000000000000009
8,52.0,0.1200000000000001
8,52.5,-0.12
8,52.5,-0.09999999999999998
8,52.5,-0.07999999999999996
8,52.5,-0.05999999999999994
8,52.5,-0.040000000000000036
8,52.5,-0.020000000000000018
8,52.5,0.0
8,52.5,0.020000000000000018
8,52.5,0.040000000000000036
8,52.5,0.06000000000000005
8,52.5,0.08000000000000007
8,52.5,0.10000000000000009
8,53.0,-0.09999999999999998
8,53.0,-0.07999999999999996
8,53.0,-0.05999999999999994
8,53.0,-0.040000000000000036
8,53.0,-0.020000000000000018
8,53.0,0.0
8,53.0,0.020000000000000018
8,53.0,0.040000000000000036
8,53.0,0.06000000000000005
8,53.0,0.08000000000000007
8,53.5,-0.09999999999999998
8,53.5,-0.07999999999999996
8,53.5,-0.05999999999999994
8,53.5,-0.040000000000000036
8,53.5,-0.020000000000000018
8,53.5,0.0
8,53.5,0.020000000000000018
8,53.5,0.040000000000000036
8,53.5,0.06000000000000005
8,54.0,-0.07999999999999996
8,54.0,-0.05999999999999994
8,54.0,-0.040000000000000036
8,54.0,-0.020000000000000018
8,54.0,0.0
8,54.0,0.020000000000000018
8,54.0,0.040000000000000036
8,54.5,-0.05999999999999994
8,54.5,-0.040000000000000036
8,54.5,-0.020000000000000018
8,54.5,0.0
8,54.5,0.020000000000000018
8,55.0,-0.05999999999999994
8,55.0,-0.040000000000000036
8,55.0,-0.020000000000000018
8,55.0,0.0
8,55.5,-0.040000000000000036
8,55.5,-0.020000000000000018
8,55.5,0.0
8,56.0,-0.020000000000000018
12,42.5,0.0
12,43.0,-0.020000000000000018
12,43.0,0.0
12,43.0,0.020000000000000018
12,43.5,-0.020000000000000018
12,43.5,0.0
12,43.5,0.020000000000000018
12,44.0,-0.040000000000000036
12,44.0,-0.020000000000000018
12,44.0,0.0
12,44.0,0.020000000000000018
12,44.0,0.040000000000000036
12,44.5,-0.040000000000000036
12,44.5,-0.020000000000000018
12,44.5,0.0
12,44.5,0.020000000000000018
12,44.5,0.040000000000000036
12,45.0,-0.05999999999999994
12,45.0,-0.040000000000000036
12,45.0,-0.020000000000000018
12,45.0,0.0
12,45.0,0.020000000000000018
12,45.0,0.040000000000000036
12,45.0,0.06000000000000005
12,45.5,-0.040000000000000036
12,45.5,-0.020000000000000018
12,45.5,0.0
12,45.5,0.020000000000000018
12,45.5,0.040000000000000036
12,46.0,-0.040000000000000036
12,46.0,-0.020000000000000018
12,46.0,0.0
12,46.0,0.020000000000000018
12,46.0,0.040000000000000036
12,46.5,-0.020000000000000018
12,46.5,0.0
12,46.5,0.020000000000000018
12,47.0,-0.020000000000000018
12,47.0,0.0
12,47.0,0.020000000000000018
12,47.5,0.0
16,45.0,0.0
