business,classroom,sport
0.0,0.3845948124810085,0.3734568030233857
0.3845948124810085,0.0,0.018262972121133814
0.3734568030233857,0.018262972121133814,0.0
