business,classroom,sport
0,0.384594812481,0.373456803023
0.384594812481,0,0.0182629721211
0.373456803023,0.0182629721211,0
