,context,p50,q50,E50_W,Pr50_I,Pr50_H,Pr50_M,Pr50_D,Pr50_boundary
0,business,0.5969665545350623,1.0,2.9848327726753117,0.5969665545350623,0.0,0.4030334454649377,0.0,0.0
1,classroom,1.0,1.0,5.0,1.0,0.0,0.0,0.0,0.0
2,sport,0.9999999998308102,1.0,5.999999999661621,1.0,0.0,0.0,0.0,0.0
